{"type":"FeatureCollection","features":[{"type":"Feature","properties":{"nombre":"Máscara exterior"},"geometry":{"type":"Polygon","coordinates":[[[-180,-85],[-180,85],[180,85],[180,-85],[-180,-85]],[[-77.32581,4.56952],[-77.32669,4.57047],[-77.32703,4.57166],[-77.32697,4.57282],[-77.32638,4.57609],[-77.32592,4.5773],[-77.3257,4.57925],[-77.32551,4.58204],[-77.32526,4.58807],[-77.32506,4.59405],[-77.32504,4.59587],[-77.3251,4.59724],[-77.3251,4.6013],[-77.32497,4.61557],[-77.32569,4.63078],[-77.32547,4.63963],[-77.32498,4.64138],[-77.32541,4.65033],[-77.32492,4.66412],[-77.32266,4.67329],[-77.32103,4.67535],[-77.32112,4.67698],[-77.32128,4.68364],[-77.32098,4.68885],[-77.32101,4.68928],[-77.32263,4.68925],[-77.32454,4.68912],[-77.32542,4.68914],[-77.32846,4.6903],[-77.32939,4.69136],[-77.33015,4.69266],[-77.33035,4.69526],[-77.3301,4.69723],[-77.32974,4.69802],[-77.3292,4.69883],[-77.32826,4.69974],[-77.32688,4.70075],[-77.326,4.70183],[-77.32576,4.70308],[-77.32571,4.70612],[-77.32634,4.71075],[-77.32697,4.71346],[-77.32733,4.71594],[-77.32742,4.71878],[-77.32779,4.72244],[-77.32801,4.72641],[-77.32851,4.73448],[-77.32846,4.73723],[-77.32819,4.73972],[-77.32779,4.74233],[-77.32729,4.74414],[-77.32676,4.74525],[-77.32612,4.74613],[-77.32534,4.7466],[-77.32449,4.74681],[-77.32337,4.74758],[-77.3228,4.74826],[-77.32239,4.7485],[-77.32168,4.7485],[-77.32073,4.74819],[-77.31965,4.74751],[-77.3185,4.7466],[-77.31752,4.74606],[-77.31563,4.74518],[-77.31163,4.74359],[-77.30825,4.74186],[-77.30669,4.74119],[-77.30537,4.74075],[-77.30447,4.74025],[-77.29989,4.74707],[-77.30103,4.74756],[-77.30195,4.74828],[-77.30276,4.7491],[-77.30341,4.74992],[-77.30419,4.75294],[-77.30448,4.75511],[-77.30478,4.75658],[-77.30516,4.75797],[-77.30569,4.7593],[-77.30708,4.76217],[-77.30821,4.76413],[-77.30931,4.76617],[-77.31013,4.76794],[-77.31127,4.77025],[-77.31291,4.77377],[-77.31327,4.77464],[-77.31344,4.77542],[-77.31342,4.77628],[-77.31302,4.77654],[-77.31078,4.77656],[-77.31003,4.77679],[-77.30946,4.77719],[-77.30857,4.77816],[-77.30817,4.77879],[-77.30807,4.77984],[-77.30819,4.7805],[-77.30864,4.78146],[-77.30908,4.78197],[-77.30981,4.78182],[-77.30979,4.7805],[-77.30988,4.78003],[-77.31045,4.77959],[-77.3121,4.77942],[-77.31288,4.77949],[-77.31421,4.77988],[-77.31583,4.78021],[-77.31738,4.78071],[-77.3182,4.78085],[-77.31884,4.78126],[-77.31992,4.78101],[-77.32098,4.78035],[-77.32176,4.77998],[-77.32473,4.77825],[-77.32573,4.77728],[-77.32642,4.77551],[-77.327,4.77527],[-77.329,4.77541],[-77.32963,4.77552],[-77.33029,4.77598],[-77.33228,4.77705],[-77.33375,4.77754],[-77.33499,4.77756],[-77.33839,4.77583],[-77.33981,4.77484],[-77.34025,4.77403],[-77.34073,4.77347],[-77.34139,4.7732],[-77.34221,4.7736],[-77.3432,4.77446],[-77.34358,4.7745],[-77.34415,4.77419],[-77.34472,4.7733],[-77.34565,4.77227],[-77.34687,4.77158],[-77.3475,4.77143],[-77.34828,4.77149],[-77.34837,4.77214],[-77.34744,4.77313],[-77.34641,4.77507],[-77.34616,4.77604],[-77.34607,4.77691],[-77.34607,4.77825],[-77.34653,4.77965],[-77.34744,4.78123],[-77.34736,4.7827],[-77.34695,4.78335],[-77.3463,4.78388],[-77.34401,4.78533],[-77.34329,4.78569],[-77.34198,4.78691],[-77.34158,4.78744],[-77.34082,4.78809],[-77.33944,4.78887],[-77.3368,4.79012],[-77.33496,4.79157],[-77.33308,4.7933],[-77.33177,4.79532],[-77.32964,4.79745],[-77.32961,4.79795],[-77.33013,4.79859],[-77.33966,4.80533],[-77.34027,4.80538],[-77.34114,4.805],[-77.34318,4.80363],[-77.34369,4.80365],[-77.34457,4.80405],[-77.34548,4.80476],[-77.34717,4.80675],[-77.34796,4.80841],[-77.34868,4.81092],[-77.34994,4.81718],[-77.35024,4.8197],[-77.35066,4.82187],[-77.35133,4.82579],[-77.35214,4.82927],[-77.35268,4.83233],[-77.35317,4.83435],[-77.35336,4.83549],[-77.35648,4.84885],[-77.35868,4.85936],[-77.36024,4.86559],[-77.36076,4.86987],[-77.36076,4.87336],[-77.35972,4.87545],[-77.35803,4.877],[-77.35622,4.87856],[-77.35427,4.87973],[-77.35298,4.88018],[-77.35406,4.88437],[-77.35426,4.8854],[-77.35485,4.8865],[-77.35637,4.88765],[-77.35861,4.88914],[-77.36081,4.89036],[-77.36179,4.89104],[-77.36267,4.89188],[-77.3629,4.89246],[-77.3629,4.89405],[-77.36196,4.89601],[-77.36074,4.89882],[-77.36037,4.90021],[-77.35989,4.90356],[-77.35999,4.90538],[-77.3603,4.90762],[-77.36053,4.90982],[-77.36114,4.91225],[-77.36152,4.91445],[-77.36233,4.91763],[-77.36297,4.91983],[-77.36426,4.92338],[-77.36456,4.92464],[-77.36578,4.92762],[-77.36676,4.92964],[-77.36771,4.93188],[-77.36927,4.93536],[-77.37052,4.93912],[-77.37109,4.94064],[-77.37147,4.94186],[-77.37228,4.94301],[-77.37319,4.94396],[-77.37432,4.94499],[-77.37506,4.94581],[-77.37575,4.9469],[-77.37618,4.94791],[-77.37615,4.94895],[-77.37597,4.94913],[-77.37516,4.94906],[-77.37453,4.94873],[-77.37384,4.94807],[-77.37171,4.94657],[-77.37049,4.94606],[-77.36823,4.94558],[-77.36714,4.94554],[-77.36705,4.94602],[-77.36693,4.94862],[-77.36639,4.94892],[-77.36692,4.94906],[-77.36689,4.94931],[-77.3676,4.95005],[-77.36864,4.95078],[-77.37026,4.95175],[-77.3713,4.95261],[-77.37377,4.95614],[-77.37473,4.95786],[-77.37511,4.95913],[-77.37521,4.96101],[-77.37539,4.96299],[-77.37547,4.9653],[-77.37572,4.96766],[-77.37613,4.97093],[-77.37638,4.9725],[-77.37638,4.97349],[-77.3762,4.97471],[-77.37569,4.97591],[-77.37526,4.97796],[-77.37498,4.98093],[-77.37509,4.98324],[-77.37534,4.98669],[-77.37569,4.99029],[-77.37585,4.99354],[-77.37623,4.99905],[-77.37646,5.00354],[-77.37709,5.00946],[-77.37742,5.01425],[-77.37757,5.01776],[-77.37775,5.0207],[-77.37808,5.02331],[-77.37844,5.02544],[-77.37854,5.02737],[-77.37861,5.03113],[-77.37892,5.03956],[-77.37925,5.04219],[-77.37953,5.04633],[-77.37963,5.05092],[-77.37991,5.05483],[-77.38011,5.0593],[-77.38029,5.0644],[-77.38052,5.06846],[-77.38072,5.07057],[-77.38097,5.0725],[-77.3811,5.07437],[-77.3812,5.07828],[-77.38113,5.08029],[-77.38087,5.0831],[-77.38052,5.08488],[-77.38002,5.08781],[-77.38161,5.09543],[-77.38188,5.10007],[-77.38219,5.10317],[-77.38263,5.10611],[-77.3829,5.10713],[-77.38341,5.10763],[-77.3845,5.10787],[-77.38544,5.10821],[-77.38697,5.10807],[-77.38872,5.10804],[-77.3893,5.10824],[-77.38954,5.10872],[-77.38937,5.10987],[-77.3891,5.11027],[-77.38866,5.11041],[-77.3871,5.11051],[-77.38622,5.11071],[-77.38554,5.11109],[-77.38497,5.11183],[-77.38433,5.11427],[-77.38395,5.1162],[-77.38423,5.12164],[-77.38436,5.12577],[-77.3848,5.12905],[-77.38507,5.13298],[-77.38561,5.13673],[-77.38588,5.13948],[-77.38609,5.14232],[-77.38619,5.14503],[-77.38619,5.14733],[-77.38592,5.14888],[-77.38554,5.15024],[-77.38493,5.15128],[-77.38409,5.1521],[-77.38839,5.15734],[-77.38991,5.15731],[-77.3918,5.15684],[-77.39248,5.15684],[-77.39292,5.15714],[-77.39333,5.15785],[-77.39421,5.15995],[-77.39492,5.16293],[-77.39529,5.16418],[-77.39614,5.16546],[-77.39688,5.16763],[-77.39718,5.16902],[-77.39718,5.1703],[-77.39705,5.17213],[-77.39674,5.17406],[-77.3962,5.177],[-77.39593,5.17886],[-77.39583,5.18083],[-77.39553,5.18302],[-77.39526,5.1855],[-77.39471,5.18925],[-77.39394,5.19311],[-77.39275,5.19967],[-77.39224,5.20285],[-77.39211,5.20458],[-77.39197,5.20817],[-77.3917,5.21284],[-77.3915,5.2213],[-77.39119,5.22559],[-77.39096,5.22955],[-77.39103,5.23172],[-77.39092,5.23876],[-77.39106,5.24197],[-77.39109,5.24491],[-77.39133,5.25023],[-77.39177,5.25341],[-77.39187,5.25747],[-77.39214,5.26129],[-77.39241,5.2642],[-77.39228,5.26586],[-77.39174,5.26677],[-77.3898,5.26917],[-77.38994,5.2706],[-77.39013,5.27387],[-77.39017,5.27753],[-77.39017,5.28094],[-77.39012,5.28273],[-77.38979,5.28415],[-77.38909,5.28625],[-77.38839,5.2877],[-77.38784,5.28829],[-77.38943,5.29471],[-77.39002,5.29918],[-77.39062,5.30279],[-77.39133,5.30826],[-77.39208,5.31291],[-77.39289,5.31883],[-77.39464,5.31916],[-77.39506,5.31937],[-77.3962,5.32052],[-77.39708,5.32088],[-77.39827,5.32153],[-77.39882,5.32166],[-77.39977,5.32165],[-77.40114,5.3219],[-77.40196,5.32251],[-77.40293,5.32378],[-77.40339,5.32509],[-77.40326,5.33119],[-77.40314,5.33239],[-77.40277,5.33349],[-77.40219,5.33446],[-77.40239,5.33521],[-77.4018,5.33656],[-77.4013,5.33702],[-77.40067,5.33736],[-77.39796,5.33915],[-77.39726,5.33932],[-77.39648,5.33995],[-77.39744,5.34841],[-77.39752,5.3494],[-77.39838,5.34967],[-77.39913,5.35023],[-77.40054,5.35198],[-77.4011,5.35277],[-77.40219,5.35454],[-77.40321,5.35714],[-77.40385,5.35913],[-77.40471,5.36239],[-77.40526,5.36497],[-77.40545,5.36634],[-77.40666,5.37269],[-77.40709,5.37465],[-77.40765,5.37835],[-77.40779,5.3796],[-77.4085,5.38415],[-77.40893,5.38734],[-77.40926,5.39021],[-77.40959,5.39188],[-77.41055,5.39541],[-77.41128,5.39716],[-77.41146,5.39798],[-77.41204,5.39947],[-77.41252,5.40124],[-77.41324,5.40302],[-77.41329,5.40374],[-77.41313,5.4043],[-77.41332,5.40516],[-77.41273,5.40787],[-77.41168,5.41027],[-77.41081,5.41118],[-77.41008,5.41121],[-77.40899,5.41042],[-77.40766,5.40959],[-77.4064,5.40836],[-77.40576,5.40731],[-77.40491,5.40689],[-77.40442,5.40591],[-77.40439,5.40501],[-77.40471,5.40453],[-77.40553,5.40399],[-77.40532,5.40353],[-77.40463,5.40379],[-77.40383,5.40365],[-77.40341,5.40343],[-77.40188,5.40387],[-77.40065,5.40385],[-77.39913,5.40461],[-77.39841,5.4045],[-77.3946,5.40222],[-77.39422,5.4016],[-77.39276,5.39853],[-77.3923,5.39675],[-77.39104,5.39557],[-77.39046,5.39468],[-77.38998,5.3937],[-77.38904,5.39219],[-77.38831,5.39135],[-77.38743,5.39176],[-77.388,5.39292],[-77.38943,5.39488],[-77.39097,5.39865],[-77.39136,5.40071],[-77.39227,5.4029],[-77.39336,5.40534],[-77.39334,5.40569],[-77.39277,5.40594],[-77.39223,5.40649],[-77.39076,5.40701],[-77.38757,5.40852],[-77.38693,5.40874],[-77.38538,5.40891],[-77.38329,5.40859],[-77.38186,5.40804],[-77.38127,5.408],[-77.38079,5.40864],[-77.38128,5.40931],[-77.38184,5.40966],[-77.38303,5.40996],[-77.38516,5.41001],[-77.38652,5.4099],[-77.38756,5.40965],[-77.38964,5.4089],[-77.39233,5.40823],[-77.39395,5.40798],[-77.39438,5.40803],[-77.39535,5.40847],[-77.39575,5.40878],[-77.39603,5.41],[-77.39554,5.41238],[-77.39543,5.41341],[-77.39562,5.4153],[-77.3959,5.41632],[-77.39625,5.41804],[-77.39682,5.41959],[-77.39597,5.41965],[-77.39529,5.42002],[-77.39376,5.41914],[-77.39242,5.41871],[-77.39128,5.41863],[-77.39109,5.41834],[-77.39101,5.41719],[-77.39015,5.41849],[-77.38795,5.41923],[-77.38643,5.42002],[-77.38581,5.41992],[-77.38558,5.41946],[-77.38508,5.41995],[-77.38422,5.42012],[-77.38276,5.42127],[-77.38302,5.42196],[-77.38355,5.42197],[-77.38415,5.42142],[-77.38501,5.42109],[-77.38674,5.42068],[-77.38725,5.42065],[-77.38841,5.42084],[-77.39004,5.42121],[-77.39102,5.42199],[-77.39174,5.42302],[-77.39225,5.42422],[-77.39319,5.42589],[-77.39325,5.42684],[-77.39238,5.42861],[-77.39157,5.42998],[-77.39134,5.4306],[-77.391,5.43088],[-77.39078,5.43156],[-77.39044,5.43205],[-77.39035,5.43265],[-77.38939,5.43276],[-77.38943,5.43332],[-77.38977,5.43403],[-77.38951,5.43544],[-77.38971,5.43664],[-77.38957,5.43801],[-77.38928,5.43948],[-77.38932,5.44143],[-77.38987,5.44366],[-77.39135,5.44341],[-77.39235,5.44345],[-77.39305,5.44299],[-77.39384,5.44405],[-77.39424,5.44499],[-77.39502,5.4449],[-77.39496,5.44358],[-77.3948,5.4426],[-77.39504,5.44156],[-77.39533,5.44131],[-77.39607,5.44188],[-77.3966,5.44186],[-77.39723,5.44152],[-77.39739,5.4409],[-77.39841,5.44095],[-77.39923,5.44051],[-77.39992,5.44051],[-77.40027,5.44118],[-77.40058,5.44132],[-77.40135,5.44123],[-77.4026,5.44152],[-77.40378,5.44256],[-77.404,5.44299],[-77.40391,5.44382],[-77.40306,5.44487],[-77.40302,5.44604],[-77.40367,5.44652],[-77.40374,5.44752],[-77.40351,5.44831],[-77.40225,5.44984],[-77.40013,5.45158],[-77.39987,5.45202],[-77.40041,5.45225],[-77.40136,5.45182],[-77.40226,5.45173],[-77.40441,5.45217],[-77.40523,5.45274],[-77.4064,5.45316],[-77.40737,5.45389],[-77.40792,5.45386],[-77.40828,5.4532],[-77.41027,5.45124],[-77.41106,5.4509],[-77.41178,5.45092],[-77.41184,5.45041],[-77.41249,5.44986],[-77.41292,5.44972],[-77.41378,5.44982],[-77.41453,5.44908],[-77.41508,5.44894],[-77.41533,5.44846],[-77.4158,5.44826],[-77.4161,5.44753],[-77.41719,5.44694],[-77.41763,5.44653],[-77.41765,5.44599],[-77.41912,5.44596],[-77.41941,5.44535],[-77.42037,5.44456],[-77.42068,5.44416],[-77.42116,5.44392],[-77.42027,5.44366],[-77.41961,5.44323],[-77.41954,5.44287],[-77.41979,5.44197],[-77.41977,5.44134],[-77.4202,5.44092],[-77.421,5.44094],[-77.42113,5.44075],[-77.42073,5.44033],[-77.42086,5.43999],[-77.4198,5.43962],[-77.4196,5.43887],[-77.41956,5.4372],[-77.41973,5.43678],[-77.41956,5.43638],[-77.42005,5.436],[-77.42052,5.43617],[-77.42104,5.43582],[-77.42171,5.43597],[-77.42275,5.43586],[-77.42353,5.43554],[-77.42421,5.43554],[-77.42806,5.43704],[-77.42885,5.43769],[-77.42938,5.43839],[-77.42969,5.43934],[-77.4298,5.44022],[-77.42969,5.44195],[-77.42974,5.44555],[-77.42962,5.44979],[-77.42963,5.45371],[-77.42954,5.45743],[-77.4292,5.45936],[-77.42898,5.46011],[-77.4281,5.46086],[-77.42728,5.46084],[-77.42661,5.46019],[-77.42634,5.46047],[-77.42689,5.46166],[-77.42799,5.46213],[-77.42895,5.46278],[-77.42936,5.4634],[-77.42954,5.46402],[-77.4301,5.46471],[-77.43069,5.46666],[-77.43039,5.46784],[-77.42991,5.46827],[-77.43076,5.46874],[-77.43131,5.46988],[-77.43166,5.47085],[-77.43224,5.47097],[-77.43251,5.47074],[-77.43297,5.47117],[-77.43281,5.47173],[-77.43374,5.47168],[-77.43396,5.47193],[-77.43379,5.47284],[-77.43435,5.47326],[-77.43524,5.4733],[-77.43561,5.47423],[-77.43657,5.47448],[-77.43703,5.47553],[-77.43734,5.47595],[-77.43742,5.47679],[-77.43764,5.47718],[-77.43822,5.47764],[-77.43947,5.47829],[-77.44068,5.4787],[-77.44145,5.4787],[-77.44193,5.47974],[-77.44223,5.47939],[-77.44211,5.47767],[-77.44233,5.47703],[-77.44247,5.47606],[-77.44298,5.47626],[-77.44376,5.47706],[-77.44379,5.4781],[-77.44346,5.47911],[-77.44306,5.4798],[-77.44348,5.48043],[-77.44427,5.48031],[-77.44446,5.48051],[-77.4443,5.48106],[-77.44502,5.48171],[-77.44611,5.48149],[-77.44659,5.48169],[-77.44682,5.48209],[-77.44686,5.48296],[-77.44807,5.48409],[-77.45,5.48559],[-77.4509,5.48576],[-77.45112,5.48625],[-77.45249,5.48721],[-77.45341,5.4877],[-77.45421,5.48871],[-77.45449,5.48799],[-77.45508,5.4876],[-77.45555,5.48752],[-77.45585,5.48705],[-77.45642,5.48683],[-77.4569,5.48698],[-77.45754,5.48772],[-77.45788,5.48791],[-77.45833,5.48779],[-77.4588,5.48841],[-77.46004,5.4886],[-77.46096,5.48846],[-77.46156,5.48894],[-77.4617,5.48998],[-77.46195,5.49023],[-77.46236,5.49009],[-77.46378,5.49018],[-77.46491,5.48972],[-77.4655,5.48879],[-77.46526,5.48813],[-77.46482,5.48752],[-77.46491,5.48626],[-77.46564,5.48582],[-77.46695,5.48565],[-77.46755,5.48618],[-77.46769,5.48712],[-77.46823,5.48716],[-77.46863,5.48784],[-77.46867,5.48824],[-77.46821,5.48878],[-77.46854,5.48938],[-77.46973,5.48951],[-77.47016,5.49005],[-77.47045,5.4901],[-77.47062,5.48955],[-77.47103,5.48996],[-77.47186,5.48998],[-77.47202,5.48943],[-77.47246,5.48916],[-77.4729,5.48988],[-77.47317,5.48972],[-77.47307,5.48869],[-77.47349,5.48829],[-77.47357,5.48734],[-77.4741,5.48686],[-77.47462,5.48593],[-77.47471,5.48498],[-77.47464,5.48378],[-77.47487,5.4836],[-77.4753,5.48419],[-77.47611,5.48453],[-77.47644,5.48518],[-77.47684,5.48543],[-77.47749,5.48547],[-77.47823,5.48531],[-77.47915,5.48435],[-77.48032,5.48375],[-77.48086,5.48323],[-77.48118,5.48265],[-77.4816,5.48235],[-77.48323,5.48185],[-77.48367,5.48163],[-77.48451,5.48065],[-77.48533,5.48039],[-77.48676,5.47935],[-77.48731,5.47856],[-77.48793,5.47816],[-77.48742,5.47742],[-77.48739,5.4762],[-77.4886,5.4753],[-77.48939,5.47405],[-77.48972,5.47255],[-77.4901,5.4714],[-77.4907,5.47055],[-77.49095,5.46996],[-77.49185,5.46898],[-77.49253,5.46863],[-77.49297,5.46938],[-77.49291,5.47006],[-77.49314,5.47075],[-77.49296,5.47199],[-77.49326,5.47311],[-77.49322,5.47369],[-77.49366,5.47409],[-77.49436,5.4753],[-77.49529,5.47591],[-77.49607,5.47594],[-77.49619,5.47658],[-77.49731,5.47738],[-77.49883,5.4787],[-77.49954,5.47875],[-77.50012,5.4782],[-77.50059,5.47816],[-77.50069,5.47891],[-77.50126,5.47932],[-77.50342,5.47921],[-77.50394,5.47947],[-77.50422,5.4802],[-77.50554,5.48129],[-77.50829,5.48163],[-77.50927,5.48185],[-77.50956,5.48203],[-77.51021,5.48291],[-77.51051,5.48304],[-77.51146,5.48304],[-77.51251,5.48273],[-77.51345,5.48258],[-77.5156,5.48294],[-77.51636,5.48276],[-77.51749,5.48215],[-77.51998,5.48175],[-77.52065,5.48138],[-77.52157,5.48106],[-77.5228,5.48043],[-77.5243,5.47979],[-77.52548,5.47964],[-77.52669,5.4803],[-77.52749,5.48055],[-77.52851,5.48069],[-77.53225,5.48166],[-77.53315,5.48166],[-77.53496,5.48126],[-77.53671,5.48121],[-77.5388,5.48048],[-77.53931,5.48081],[-77.53937,5.48178],[-77.53899,5.4834],[-77.53903,5.48501],[-77.53947,5.48723],[-77.53942,5.48816],[-77.53914,5.48855],[-77.53862,5.48879],[-77.53648,5.48914],[-77.53557,5.4895],[-77.53454,5.49052],[-77.53428,5.49123],[-77.53425,5.49207],[-77.53434,5.49381],[-77.53407,5.49467],[-77.53347,5.49535],[-77.53229,5.49599],[-77.52953,5.49665],[-77.52897,5.497],[-77.52753,5.49747],[-77.5266,5.49847],[-77.5263,5.49984],[-77.52608,5.5003],[-77.52517,5.50136],[-77.52446,5.50241],[-77.52327,5.50509],[-77.52255,5.50747],[-77.5223,5.50867],[-77.52225,5.51029],[-77.52211,5.51216],[-77.52182,5.51319],[-77.5211,5.51382],[-77.51884,5.51539],[-77.51765,5.51582],[-77.51694,5.51621],[-77.51624,5.51683],[-77.51557,5.51864],[-77.51474,5.51926],[-77.51239,5.52147],[-77.51086,5.52302],[-77.50966,5.52489],[-77.50943,5.52634],[-77.50922,5.52703],[-77.50884,5.52741],[-77.50779,5.52805],[-77.50729,5.52869],[-77.50717,5.52997],[-77.50778,5.53456],[-77.50968,5.53803],[-77.5097,5.53862],[-77.50941,5.54005],[-77.5093,5.54233],[-77.5095,5.54417],[-77.50934,5.54463],[-77.50825,5.54525],[-77.50777,5.54573],[-77.50729,5.547],[-77.50687,5.55102],[-77.50666,5.55183],[-77.50554,5.55373],[-77.50535,5.55423],[-77.5054,5.55516],[-77.50588,5.55597],[-77.50652,5.5568],[-77.50661,5.5573],[-77.50621,5.55913],[-77.5058,5.56217],[-77.50576,5.56346],[-77.5059,5.56431],[-77.50666,5.56609],[-77.50756,5.56716],[-77.50802,5.56795],[-77.50761,5.56854],[-77.50611,5.56857],[-77.50561,5.56873],[-77.50564,5.56921],[-77.50599,5.56987],[-77.50545,5.56987],[-77.5045,5.56964],[-77.50336,5.57018],[-77.50288,5.57066],[-77.50238,5.57197],[-77.50186,5.57425],[-77.50186,5.57522],[-77.50212,5.57553],[-77.50309,5.57594],[-77.50326,5.57653],[-77.50227,5.57765],[-77.50227,5.57878],[-77.50244,5.57976],[-77.50338,5.5819],[-77.50362,5.58293],[-77.50371,5.5849],[-77.50328,5.58541],[-77.50226,5.58573],[-77.50159,5.58613],[-77.50123,5.58654],[-77.50109,5.58714],[-77.50141,5.58854],[-77.50048,5.58967],[-77.50035,5.59082],[-77.49991,5.5916],[-77.49955,5.59183],[-77.49838,5.59181],[-77.4977,5.59213],[-77.49769,5.59269],[-77.49682,5.59438],[-77.49654,5.59537],[-77.49654,5.59651],[-77.49677,5.59777],[-77.4968,5.59867],[-77.49645,5.59903],[-77.49591,5.59906],[-77.49498,5.5987],[-77.49462,5.59904],[-77.49455,5.60187],[-77.49365,5.60353],[-77.49275,5.60456],[-77.49072,5.60638],[-77.48917,5.60796],[-77.48838,5.60846],[-77.48771,5.60828],[-77.48753,5.60695],[-77.48719,5.60636],[-77.48627,5.60601],[-77.4849,5.60614],[-77.48464,5.60487],[-77.48431,5.60409],[-77.48409,5.60292],[-77.48425,5.60187],[-77.48418,5.60101],[-77.48365,5.60042],[-77.48406,5.59981],[-77.48384,5.59917],[-77.48313,5.59874],[-77.48192,5.5987],[-77.48148,5.59838],[-77.48155,5.59787],[-77.48112,5.5978],[-77.4811,5.59845],[-77.48065,5.59869],[-77.48041,5.59802],[-77.47991,5.59753],[-77.47932,5.59786],[-77.47978,5.59859],[-77.47965,5.59899],[-77.47884,5.59931],[-77.47738,5.60006],[-77.47709,5.60034],[-77.47682,5.60004],[-77.47736,5.59938],[-77.47726,5.59827],[-77.47762,5.59814],[-77.4779,5.59851],[-77.4779,5.59807],[-77.47666,5.59753],[-77.47572,5.59723],[-77.47279,5.596],[-77.47103,5.59567],[-77.46904,5.59504],[-77.46693,5.59497],[-77.46529,5.59512],[-77.46318,5.59579],[-77.45928,5.59671],[-77.45741,5.59761],[-77.4557,5.59821],[-77.45403,5.5991],[-77.4507,5.60055],[-77.44955,5.60144],[-77.44763,5.60269],[-77.44627,5.60331],[-77.44503,5.60405],[-77.44217,5.60606],[-77.44039,5.6075],[-77.43694,5.6107],[-77.43362,5.61403],[-77.43142,5.61654],[-77.43085,5.61714],[-77.42978,5.61849],[-77.42905,5.62035],[-77.42889,5.62211],[-77.42872,5.62249],[-77.42801,5.62242],[-77.42762,5.62136],[-77.42715,5.62122],[-77.42621,5.62152],[-77.42553,5.62207],[-77.42513,5.62265],[-77.42491,5.62331],[-77.42466,5.62465],[-77.42423,5.62475],[-77.42393,5.62428],[-77.42339,5.62416],[-77.42247,5.62489],[-77.4211,5.62555],[-77.41984,5.62542],[-77.41946,5.62505],[-77.41872,5.62481],[-77.4177,5.62502],[-77.41709,5.6254],[-77.41581,5.62668],[-77.41499,5.6279],[-77.41487,5.62865],[-77.41485,5.62992],[-77.41438,5.63025],[-77.41388,5.62994],[-77.41384,5.62832],[-77.41369,5.62802],[-77.41249,5.62787],[-77.41104,5.62795],[-77.40963,5.62824],[-77.40735,5.62883],[-77.4066,5.62911],[-77.40452,5.63016],[-77.4041,5.63045],[-77.40388,5.63009],[-77.40438,5.62948],[-77.40445,5.62894],[-77.40377,5.62793],[-77.4036,5.62735],[-77.40256,5.62708],[-77.40033,5.62701],[-77.39921,5.62729],[-77.39857,5.62784],[-77.3977,5.62748],[-77.39672,5.62725],[-77.3963,5.62695],[-77.39511,5.62669],[-77.39414,5.62702],[-77.39379,5.62746],[-77.39342,5.62883],[-77.39295,5.62895],[-77.39229,5.62803],[-77.39182,5.62805],[-77.39176,5.62887],[-77.39153,5.62927],[-77.3912,5.62916],[-77.39085,5.62858],[-77.39055,5.62848],[-77.38974,5.62995],[-77.38903,5.62982],[-77.38888,5.62892],[-77.3889,5.62805],[-77.3886,5.6279],[-77.3881,5.62818],[-77.38756,5.62803],[-77.38744,5.62753],[-77.38696,5.62739],[-77.38705,5.62651],[-77.38683,5.62589],[-77.38681,5.6252],[-77.38642,5.6246],[-77.38483,5.62427],[-77.38433,5.62394],[-77.38427,5.62345],[-77.38499,5.62267],[-77.38519,5.62208],[-77.38591,5.62201],[-77.3863,5.62178],[-77.38657,5.62131],[-77.38637,5.62052],[-77.38639,5.61991],[-77.38614,5.61967],[-77.38479,5.61981],[-77.38416,5.61938],[-77.38284,5.61781],[-77.38263,5.61687],[-77.38165,5.61571],[-77.3807,5.61431],[-77.38004,5.61294],[-77.37907,5.61185],[-77.37806,5.61098],[-77.37725,5.61052],[-77.37433,5.60933],[-77.37343,5.6091],[-77.37183,5.60849],[-77.37062,5.60824],[-77.36869,5.60821],[-77.36668,5.60841],[-77.36578,5.60823],[-77.36525,5.60774],[-77.36346,5.60775],[-77.36312,5.6082],[-77.36202,5.60863],[-77.3604,5.60884],[-77.35824,5.60919],[-77.35685,5.6096],[-77.35472,5.6105],[-77.35172,5.6119],[-77.3489,5.61332],[-77.34779,5.61404],[-77.34535,5.61519],[-77.34371,5.61615],[-77.34126,5.61774],[-77.33968,5.61889],[-77.33844,5.61988],[-77.33732,5.62124],[-77.33688,5.62288],[-77.33665,5.62325],[-77.33589,5.62385],[-77.33539,5.62441],[-77.33401,5.62532],[-77.33341,5.62601],[-77.33173,5.62865],[-77.32977,5.6321],[-77.32886,5.63439],[-77.3286,5.63617],[-77.32817,5.63733],[-77.32721,5.63864],[-77.32695,5.63989],[-77.32647,5.64086],[-77.32646,5.64166],[-77.32705,5.64283],[-77.32765,5.64341],[-77.32826,5.64361],[-77.32926,5.64441],[-77.3296,5.64482],[-77.32939,5.64555],[-77.32794,5.64655],[-77.32718,5.64736],[-77.32706,5.64862],[-77.32727,5.64942],[-77.32725,5.65001],[-77.3264,5.65153],[-77.32539,5.65208],[-77.32507,5.65179],[-77.32534,5.65046],[-77.32475,5.65043],[-77.32448,5.65018],[-77.324,5.65048],[-77.32324,5.65057],[-77.32251,5.65047],[-77.32229,5.65098],[-77.32202,5.65102],[-77.3217,5.65055],[-77.32106,5.65031],[-77.31987,5.65194],[-77.31963,5.65242],[-77.31935,5.6538],[-77.31912,5.65431],[-77.31843,5.65426],[-77.31788,5.6536],[-77.31707,5.65399],[-77.31697,5.65454],[-77.31697,5.65589],[-77.31729,5.65685],[-77.31729,5.65744],[-77.31706,5.65796],[-77.31638,5.65839],[-77.31615,5.65901],[-77.31669,5.65968],[-77.31702,5.66073],[-77.31733,5.66077],[-77.31784,5.66038],[-77.31825,5.6604],[-77.31897,5.66171],[-77.31883,5.66227],[-77.31825,5.66235],[-77.31825,5.66193],[-77.31792,5.66147],[-77.31744,5.66151],[-77.3172,5.66237],[-77.31698,5.66242],[-77.31672,5.66156],[-77.31633,5.66142],[-77.3161,5.6618],[-77.31539,5.66179],[-77.31541,5.6622],[-77.31585,5.66306],[-77.31684,5.6663],[-77.31688,5.6674],[-77.31675,5.66911],[-77.31623,5.66939],[-77.31495,5.66938],[-77.3141,5.66884],[-77.31309,5.66781],[-77.31318,5.66675],[-77.31261,5.6661],[-77.31214,5.66466],[-77.31181,5.66423],[-77.31099,5.66419],[-77.31048,5.66432],[-77.30914,5.66426],[-77.30644,5.66508],[-77.30528,5.66565],[-77.30263,5.66763],[-77.30138,5.66824],[-77.30032,5.66892],[-77.29933,5.66984],[-77.29776,5.6719],[-77.29721,5.67303],[-77.29705,5.67404],[-77.2962,5.67553],[-77.2953,5.67679],[-77.29452,5.67755],[-77.2933,5.67908],[-77.29066,5.68198],[-77.28952,5.68346],[-77.28898,5.68405],[-77.28671,5.68702],[-77.28456,5.69005],[-77.28381,5.69137],[-77.28214,5.6941],[-77.28081,5.6967],[-77.27937,5.69966],[-77.27889,5.70117],[-77.27843,5.7022],[-77.27825,5.70312],[-77.27816,5.7053],[-77.27736,5.70664],[-77.27658,5.7072],[-77.27618,5.7072],[-77.27587,5.70683],[-77.27583,5.70606],[-77.27549,5.7051],[-77.27383,5.7051],[-77.27298,5.70556],[-77.27221,5.70692],[-77.27193,5.70786],[-77.27123,5.70862],[-77.2692,5.70966],[-77.26719,5.71104],[-77.2667,5.71145],[-77.26636,5.71202],[-77.26468,5.71424],[-77.26374,5.71591],[-77.26324,5.71718],[-77.26057,5.72368],[-77.25863,5.72931],[-77.25748,5.73293],[-77.25614,5.73499],[-77.2561,5.73583],[-77.25626,5.73704],[-77.25608,5.73915],[-77.25526,5.74424],[-77.25518,5.74514],[-77.25491,5.74671],[-77.25497,5.74811],[-77.25494,5.75135],[-77.25503,5.7523],[-77.25522,5.75719],[-77.2555,5.76049],[-77.25549,5.76102],[-77.25601,5.76435],[-77.25652,5.76706],[-77.25697,5.76911],[-77.25738,5.77123],[-77.25783,5.77411],[-77.25817,5.77744],[-77.25821,5.77832],[-77.25795,5.77995],[-77.25653,5.78273],[-77.25618,5.78322],[-77.25556,5.78368],[-77.25437,5.78356],[-77.25328,5.78319],[-77.25214,5.78304],[-77.25183,5.78288],[-77.25122,5.7802],[-77.25124,5.77954],[-77.25171,5.77838],[-77.25162,5.77736],[-77.25031,5.77447],[-77.24984,5.77325],[-77.24975,5.77254],[-77.24904,5.77047],[-77.24819,5.7682],[-77.24765,5.76704],[-77.24691,5.76666],[-77.24544,5.76642],[-77.24438,5.76666],[-77.24364,5.76708],[-77.24334,5.76765],[-77.24403,5.76928],[-77.24511,5.77062],[-77.24605,5.77129],[-77.24686,5.77165],[-77.2472,5.77208],[-77.24729,5.77322],[-77.24718,5.77388],[-77.24644,5.77466],[-77.2458,5.77477],[-77.24472,5.77463],[-77.24433,5.77476],[-77.24351,5.77546],[-77.24294,5.77573],[-77.24256,5.7764],[-77.24234,5.77719],[-77.24247,5.77856],[-77.24209,5.77939],[-77.24173,5.77947],[-77.24164,5.77989],[-77.24229,5.78047],[-77.24289,5.78155],[-77.2441,5.78263],[-77.24459,5.78384],[-77.24408,5.7849],[-77.24352,5.78543],[-77.24283,5.78568],[-77.24245,5.78553],[-77.24227,5.78437],[-77.24143,5.78458],[-77.24173,5.78477],[-77.24182,5.78532],[-77.24127,5.78697],[-77.24143,5.78722],[-77.24349,5.78783],[-77.24464,5.7879],[-77.2454,5.78872],[-77.24553,5.78936],[-77.2459,5.79021],[-77.24652,5.79078],[-77.24684,5.79187],[-77.24689,5.79315],[-77.24717,5.79413],[-77.2473,5.79562],[-77.24688,5.79638],[-77.24581,5.79746],[-77.24512,5.79881],[-77.24493,5.79983],[-77.24486,5.8011],[-77.2446,5.80164],[-77.24415,5.80158],[-77.24387,5.802],[-77.24464,5.80233],[-77.24546,5.80298],[-77.24789,5.8044],[-77.24887,5.80587],[-77.24912,5.80743],[-77.24887,5.8096],[-77.2486,5.81054],[-77.24945,5.81026],[-77.24986,5.80986],[-77.25042,5.80815],[-77.25051,5.80674],[-77.25008,5.80575],[-77.24906,5.80409],[-77.24737,5.80211],[-77.24655,5.80143],[-77.24657,5.80122],[-77.24801,5.79964],[-77.24923,5.79766],[-77.24995,5.79672],[-77.25114,5.79466],[-77.25172,5.79299],[-77.25199,5.79251],[-77.2528,5.79039],[-77.25187,5.79058],[-77.25131,5.79053],[-77.25087,5.79007],[-77.25078,5.78931],[-77.25123,5.78876],[-77.25219,5.7887],[-77.25285,5.78914],[-77.25404,5.79087],[-77.25518,5.79289],[-77.25633,5.79398],[-77.25684,5.79461],[-77.25782,5.79636],[-77.25794,5.79674],[-77.2579,5.79838],[-77.25864,5.80129],[-77.25877,5.802],[-77.25949,5.80416],[-77.26051,5.80665],[-77.26179,5.80943],[-77.26267,5.81113],[-77.2634,5.81236],[-77.26565,5.81641],[-77.26641,5.81742],[-77.26731,5.81841],[-77.2681,5.81899],[-77.26876,5.81875],[-77.26923,5.81803],[-77.26991,5.81823],[-77.27025,5.81985],[-77.27055,5.82038],[-77.27187,5.82175],[-77.27271,5.82287],[-77.27295,5.82355],[-77.27243,5.82326],[-77.27168,5.82322],[-77.27048,5.82336],[-77.26999,5.82398],[-77.26995,5.82454],[-77.26957,5.82505],[-77.26969,5.82618],[-77.27013,5.82689],[-77.27008,5.82783],[-77.26915,5.82863],[-77.2673,5.82963],[-77.26749,5.83002],[-77.26834,5.82992],[-77.2686,5.83012],[-77.26764,5.83056],[-77.26805,5.83073],[-77.26869,5.83027],[-77.26923,5.82939],[-77.27032,5.82847],[-77.27068,5.82852],[-77.27104,5.82794],[-77.27089,5.82749],[-77.27089,5.82648],[-77.27134,5.82505],[-77.27206,5.82502],[-77.27327,5.82604],[-77.27495,5.82661],[-77.27546,5.82693],[-77.27574,5.82759],[-77.27582,5.82866],[-77.27569,5.82982],[-77.27561,5.83157],[-77.27534,5.8333],[-77.27529,5.83608],[-77.2756,5.83899],[-77.27587,5.84018],[-77.27685,5.84215],[-77.2783,5.84394],[-77.27856,5.84487],[-77.27834,5.84548],[-77.27717,5.84524],[-77.27583,5.84377],[-77.27504,5.84256],[-77.27494,5.84305],[-77.27634,5.84563],[-77.27652,5.84614],[-77.27706,5.84663],[-77.27835,5.8465],[-77.27897,5.84703],[-77.27994,5.84704],[-77.28055,5.84687],[-77.28103,5.84619],[-77.28215,5.84598],[-77.28303,5.84637],[-77.2836,5.84647],[-77.28596,5.84639],[-77.28631,5.84609],[-77.28704,5.84486],[-77.28809,5.8447],[-77.28835,5.84431],[-77.28844,5.84265],[-77.28882,5.84212],[-77.28909,5.84211],[-77.28978,5.84285],[-77.29052,5.84332],[-77.29093,5.84388],[-77.2909,5.84474],[-77.29032,5.84497],[-77.2897,5.84474],[-77.28977,5.8456],[-77.29013,5.84614],[-77.28986,5.84684],[-77.28975,5.84866],[-77.28991,5.84967],[-77.28944,5.8507],[-77.2888,5.85142],[-77.28904,5.85245],[-77.28969,5.85309],[-77.29024,5.85331],[-77.29091,5.85321],[-77.29095,5.85356],[-77.29023,5.85469],[-77.28988,5.85583],[-77.29062,5.85722],[-77.29123,5.85762],[-77.29241,5.8578],[-77.29263,5.8577],[-77.2929,5.85703],[-77.29335,5.85741],[-77.29429,5.8573],[-77.29516,5.85647],[-77.29548,5.85681],[-77.29456,5.85835],[-77.29517,5.85873],[-77.29562,5.85865],[-77.29608,5.85796],[-77.29632,5.85812],[-77.29599,5.85917],[-77.29594,5.86012],[-77.29603,5.86105],[-77.29556,5.86257],[-77.29493,5.86367],[-77.29444,5.86479],[-77.29332,5.8664],[-77.29331,5.86681],[-77.29369,5.86726],[-77.29434,5.86845],[-77.29511,5.86932],[-77.29636,5.86951],[-77.2968,5.86945],[-77.29704,5.86909],[-77.29711,5.86837],[-77.29762,5.86823],[-77.29788,5.86896],[-77.29738,5.86948],[-77.29744,5.86996],[-77.29696,5.87036],[-77.2972,5.87126],[-77.29697,5.87151],[-77.29644,5.87139],[-77.29599,5.87068],[-77.2957,5.8706],[-77.29513,5.87094],[-77.29467,5.87159],[-77.29477,5.87225],[-77.2944,5.87258],[-77.2943,5.87317],[-77.29509,5.87442],[-77.29575,5.87512],[-77.29657,5.87549],[-77.29686,5.87514],[-77.2972,5.8758],[-77.2982,5.8762],[-77.29853,5.87655],[-77.29901,5.87655],[-77.30004,5.87574],[-77.30051,5.87576],[-77.30121,5.87618],[-77.3019,5.87629],[-77.30204,5.87558],[-77.30161,5.87509],[-77.30168,5.87477],[-77.3021,5.875],[-77.30236,5.87471],[-77.30201,5.87418],[-77.30261,5.87422],[-77.30256,5.87354],[-77.30273,5.87284],[-77.30265,5.87221],[-77.3035,5.87222],[-77.30404,5.8725],[-77.30462,5.87231],[-77.30511,5.87275],[-77.30454,5.87321],[-77.30463,5.87343],[-77.30535,5.87332],[-77.3057,5.87391],[-77.30601,5.87394],[-77.30676,5.87348],[-77.30695,5.87378],[-77.30648,5.8743],[-77.30597,5.87516],[-77.30586,5.87622],[-77.30441,5.87747],[-77.304,5.87797],[-77.30327,5.87802],[-77.30277,5.87839],[-77.30279,5.87925],[-77.30301,5.88],[-77.30373,5.8808],[-77.30374,5.88289],[-77.30414,5.88359],[-77.30429,5.88435],[-77.30428,5.88643],[-77.30419,5.88866],[-77.30389,5.8894],[-77.30419,5.89063],[-77.30462,5.89183],[-77.30568,5.89314],[-77.30684,5.89404],[-77.30772,5.89515],[-77.30895,5.89724],[-77.30925,5.89797],[-77.30932,5.89946],[-77.30895,5.90147],[-77.30927,5.90224],[-77.30956,5.90358],[-77.30958,5.90437],[-77.30977,5.90583],[-77.31003,5.90665],[-77.31082,5.90774],[-77.31182,5.90976],[-77.31177,5.91054],[-77.31034,5.91141],[-77.31006,5.91238],[-77.30985,5.91265],[-77.30881,5.91277],[-77.30708,5.91323],[-77.30631,5.91426],[-77.3063,5.91529],[-77.30658,5.91578],[-77.30772,5.9167],[-77.30777,5.91706],[-77.30741,5.91732],[-77.30728,5.91796],[-77.30682,5.91877],[-77.30677,5.91922],[-77.30832,5.921],[-77.30862,5.92165],[-77.30866,5.92343],[-77.30882,5.92412],[-77.30946,5.92523],[-77.31011,5.92532],[-77.31076,5.92501],[-77.31096,5.92548],[-77.31092,5.9274],[-77.31118,5.92814],[-77.31208,5.92823],[-77.31232,5.92859],[-77.31287,5.93001],[-77.31322,5.93042],[-77.3137,5.93054],[-77.31366,5.93105],[-77.31381,5.93264],[-77.31424,5.93364],[-77.31508,5.93473],[-77.31679,5.93653],[-77.31722,5.93684],[-77.31801,5.93692],[-77.31838,5.9373],[-77.31957,5.93737],[-77.32011,5.93691],[-77.31972,5.93657],[-77.31977,5.93616],[-77.32046,5.93581],[-77.32084,5.93704],[-77.32032,5.93777],[-77.3205,5.93813],[-77.32108,5.93814],[-77.32079,5.93847],[-77.32127,5.93928],[-77.32125,5.93995],[-77.32209,5.94058],[-77.32284,5.94172],[-77.32249,5.94204],[-77.32187,5.94107],[-77.32121,5.94115],[-77.32024,5.94102],[-77.31968,5.94137],[-77.31946,5.94222],[-77.31886,5.94365],[-77.31888,5.94559],[-77.31913,5.94674],[-77.32012,5.94877],[-77.3221,5.95231],[-77.32277,5.95258],[-77.32386,5.95235],[-77.32371,5.95297],[-77.32422,5.95363],[-77.32413,5.95521],[-77.32351,5.95521],[-77.32329,5.95493],[-77.32329,5.95394],[-77.32299,5.95418],[-77.32292,5.95602],[-77.32304,5.95665],[-77.32347,5.95719],[-77.32405,5.9585],[-77.32509,5.9598],[-77.32533,5.96036],[-77.32619,5.96067],[-77.32628,5.96263],[-77.32613,5.96311],[-77.32574,5.96351],[-77.32561,5.96401],[-77.32591,5.9649],[-77.32615,5.96518],[-77.32714,5.96483],[-77.32792,5.96574],[-77.32791,5.96729],[-77.32736,5.96803],[-77.32761,5.9692],[-77.32782,5.96939],[-77.32917,5.96949],[-77.32945,5.96981],[-77.32957,5.97072],[-77.32985,5.97133],[-77.32999,5.97239],[-77.32986,5.97274],[-77.32986,5.97378],[-77.32969,5.97488],[-77.32974,5.9755],[-77.33039,5.97644],[-77.33024,5.97747],[-77.33061,5.97843],[-77.33061,5.97951],[-77.33085,5.98002],[-77.33151,5.98037],[-77.33186,5.98079],[-77.3318,5.98192],[-77.33189,5.98285],[-77.33261,5.98377],[-77.33284,5.98455],[-77.33266,5.98563],[-77.33279,5.98627],[-77.33326,5.98645],[-77.33415,5.9873],[-77.3344,5.98843],[-77.33427,5.9889],[-77.33361,5.98964],[-77.33263,5.99043],[-77.33253,5.99088],[-77.33307,5.99122],[-77.33313,5.99161],[-77.33272,5.99204],[-77.33271,5.99245],[-77.33315,5.99365],[-77.33291,5.99421],[-77.33294,5.99512],[-77.33352,5.99575],[-77.33361,5.99625],[-77.33405,5.99704],[-77.33514,5.99763],[-77.33527,5.99823],[-77.33425,5.99872],[-77.3343,5.99899],[-77.33572,6.00136],[-77.33676,6.00229],[-77.33705,6.00279],[-77.33818,6.00385],[-77.34018,6.00504],[-77.34121,6.00545],[-77.34191,6.00614],[-77.34178,6.00762],[-77.34215,6.00861],[-77.34308,6.00948],[-77.34372,6.00987],[-77.34384,6.01039],[-77.34368,6.01118],[-77.34383,6.01187],[-77.34522,6.0137],[-77.34645,6.01434],[-77.34699,6.01452],[-77.34873,6.01486],[-77.34915,6.01529],[-77.34911,6.01738],[-77.3488,6.01803],[-77.34836,6.01938],[-77.34838,6.02025],[-77.34823,6.02175],[-77.34801,6.02248],[-77.3477,6.02277],[-77.34712,6.0226],[-77.34653,6.02291],[-77.34645,6.02337],[-77.34692,6.02443],[-77.34751,6.02486],[-77.34763,6.02582],[-77.34745,6.0264],[-77.34738,6.0276],[-77.34724,6.02796],[-77.34628,6.02859],[-77.34591,6.02953],[-77.34699,6.03018],[-77.34695,6.03135],[-77.34783,6.03254],[-77.34817,6.03332],[-77.34783,6.03408],[-77.34731,6.03449],[-77.34736,6.03543],[-77.34811,6.03653],[-77.34819,6.03747],[-77.34771,6.03778],[-77.34773,6.03825],[-77.34847,6.03951],[-77.34909,6.03958],[-77.34939,6.04072],[-77.34966,6.0411],[-77.34975,6.04204],[-77.35066,6.04277],[-77.35142,6.04408],[-77.35182,6.04441],[-77.35194,6.04533],[-77.35158,6.04582],[-77.3524,6.04646],[-77.35271,6.04646],[-77.35281,6.04564],[-77.35302,6.04511],[-77.35333,6.04505],[-77.35377,6.04557],[-77.35489,6.04516],[-77.35542,6.04524],[-77.35592,6.04558],[-77.35615,6.04611],[-77.35621,6.0468],[-77.35685,6.04801],[-77.35812,6.04861],[-77.35905,6.04868],[-77.3595,6.04935],[-77.35892,6.04953],[-77.35885,6.05041],[-77.35918,6.05128],[-77.35934,6.0523],[-77.35931,6.0531],[-77.35886,6.05404],[-77.3587,6.05533],[-77.35908,6.05585],[-77.35911,6.05643],[-77.36003,6.05796],[-77.3603,6.05793],[-77.36058,6.05851],[-77.36167,6.05901],[-77.3625,6.05958],[-77.3632,6.05957],[-77.36372,6.05915],[-77.36373,6.05868],[-77.36308,6.05822],[-77.36266,6.05689],[-77.36266,6.0556],[-77.36218,6.05439],[-77.36262,6.05323],[-77.36259,6.05285],[-77.36219,6.05252],[-77.36178,6.05144],[-77.36175,6.05026],[-77.36206,6.04973],[-77.36206,6.04915],[-77.3615,6.04825],[-77.36102,6.04785],[-77.36092,6.04736],[-77.36114,6.0466],[-77.36081,6.04624],[-77.35987,6.04596],[-77.35989,6.04513],[-77.3594,6.04471],[-77.35941,6.04359],[-77.35954,6.04264],[-77.35909,6.04232],[-77.35867,6.04157],[-77.35858,6.04108],[-77.3588,6.04057],[-77.35873,6.03984],[-77.35794,6.03862],[-77.35803,6.03806],[-77.35771,6.03778],[-77.35786,6.03611],[-77.35779,6.03565],[-77.35717,6.03516],[-77.35666,6.0343],[-77.35623,6.03325],[-77.3549,6.02867],[-77.35477,6.02591],[-77.35456,6.01807],[-77.35442,6.01187],[-77.35427,6.00832],[-77.35354,6.00666],[-77.35346,6.00528],[-77.35313,6.00359],[-77.35313,6.00316],[-77.3535,6.002],[-77.35349,6.00019],[-77.35336,5.99987],[-77.35262,5.99911],[-77.3527,5.99841],[-77.35365,5.99827],[-77.35514,5.99945],[-77.35545,6.00003],[-77.35625,6.00007],[-77.35721,5.99988],[-77.35822,6.00005],[-77.35881,6.00033],[-77.35898,6.00063],[-77.35883,6.00142],[-77.35931,6.00161],[-77.35999,6.00157],[-77.36132,6.00126],[-77.36218,6.00076],[-77.36281,6.00071],[-77.36307,6.00047],[-77.36336,5.99957],[-77.36329,5.99902],[-77.36374,5.99902],[-77.36393,5.99947],[-77.36382,6.00074],[-77.36357,6.00122],[-77.36351,6.00205],[-77.36373,6.00309],[-77.3637,6.00368],[-77.36347,6.0037],[-77.36313,6.00225],[-77.36239,6.00221],[-77.3618,6.00262],[-77.36116,6.00326],[-77.36114,6.00375],[-77.36164,6.00457],[-77.36153,6.00485],[-77.36091,6.00457],[-77.36067,6.00466],[-77.36047,6.0053],[-77.35999,6.00553],[-77.36016,6.00611],[-77.36117,6.00638],[-77.36141,6.0081],[-77.36267,6.00945],[-77.36267,6.01124],[-77.36303,6.01134],[-77.36361,6.01105],[-77.36408,6.01115],[-77.36404,6.01151],[-77.36345,6.01206],[-77.36341,6.01253],[-77.36369,6.01321],[-77.36428,6.01403],[-77.36494,6.01417],[-77.36564,6.01485],[-77.36585,6.01531],[-77.36666,6.0159],[-77.36696,6.01633],[-77.367,6.01717],[-77.36745,6.01722],[-77.36791,6.01759],[-77.36809,6.01832],[-77.36692,6.01803],[-77.36581,6.01711],[-77.36539,6.01727],[-77.36547,6.01791],[-77.36592,6.01853],[-77.36573,6.01874],[-77.36502,6.01838],[-77.36465,6.01802],[-77.3638,6.01953],[-77.36344,6.02107],[-77.36369,6.02179],[-77.36534,6.02226],[-77.366,6.02203],[-77.36631,6.02226],[-77.36641,6.02367],[-77.36667,6.02429],[-77.36732,6.02445],[-77.36773,6.02373],[-77.36839,6.0232],[-77.36908,6.02345],[-77.36951,6.02411],[-77.36907,6.02496],[-77.36928,6.02518],[-77.3698,6.02499],[-77.37057,6.02588],[-77.37063,6.02639],[-77.3704,6.027],[-77.36968,6.02751],[-77.36902,6.02751],[-77.3685,6.02796],[-77.36857,6.02844],[-77.36892,6.02874],[-77.36922,6.02946],[-77.36932,6.03041],[-77.37004,6.03153],[-77.37093,6.03233],[-77.37071,6.03302],[-77.36988,6.03287],[-77.36976,6.0336],[-77.37003,6.03413],[-77.37058,6.0346],[-77.37093,6.03468],[-77.37152,6.03377],[-77.372,6.03363],[-77.37226,6.03384],[-77.37211,6.03512],[-77.37268,6.03529],[-77.3728,6.03581],[-77.37264,6.03634],[-77.37221,6.03641],[-77.37187,6.03601],[-77.37155,6.03623],[-77.37118,6.03557],[-77.37057,6.03594],[-77.37061,6.03681],[-77.37032,6.0372],[-77.37052,6.03744],[-77.37129,6.03751],[-77.37178,6.03785],[-77.37157,6.03854],[-77.37163,6.03896],[-77.37209,6.03942],[-77.37242,6.03935],[-77.373,6.03883],[-77.37331,6.03886],[-77.37371,6.03956],[-77.37324,6.0404],[-77.37317,6.04085],[-77.37341,6.04173],[-77.37336,6.04235],[-77.37435,6.0426],[-77.37471,6.04306],[-77.37469,6.0436],[-77.37432,6.04382],[-77.37405,6.04327],[-77.3731,6.04388],[-77.37311,6.04422],[-77.37408,6.04507],[-77.37804,6.05004],[-77.37919,6.05159],[-77.38039,6.05297],[-77.38096,6.05376],[-77.38227,6.05528],[-77.38287,6.05613],[-77.38394,6.05718],[-77.38494,6.05844],[-77.3858,6.05931],[-77.38818,6.06203],[-77.38981,6.0638],[-77.39195,6.066],[-77.3931,6.06724],[-77.39501,6.06898],[-77.39606,6.0701],[-77.3978,6.07162],[-77.39906,6.07289],[-77.39986,6.07354],[-77.40334,6.07669],[-77.40498,6.07775],[-77.4055,6.07823],[-77.40674,6.0791],[-77.40877,6.08064],[-77.40994,6.08169],[-77.41512,6.08595],[-77.41653,6.08718],[-77.42304,6.09345],[-77.42563,6.09635],[-77.42645,6.09741],[-77.42683,6.09826],[-77.42778,6.09946],[-77.42917,6.10078],[-77.42978,6.10093],[-77.4297,6.10162],[-77.42994,6.10181],[-77.43177,6.1023],[-77.43218,6.10327],[-77.43325,6.10457],[-77.43321,6.10575],[-77.43379,6.10649],[-77.43386,6.10699],[-77.43328,6.10647],[-77.43287,6.10681],[-77.43269,6.10759],[-77.43269,6.1083],[-77.43311,6.10905],[-77.43335,6.10907],[-77.43399,6.10986],[-77.43411,6.11051],[-77.43386,6.11081],[-77.43397,6.11118],[-77.43453,6.11148],[-77.4357,6.11345],[-77.43633,6.11425],[-77.437,6.11489],[-77.43757,6.11628],[-77.43801,6.11674],[-77.43939,6.11714],[-77.43972,6.11747],[-77.44013,6.11913],[-77.44071,6.11979],[-77.44166,6.11977],[-77.44276,6.11925],[-77.44336,6.11927],[-77.44389,6.11975],[-77.44439,6.11925],[-77.44502,6.11962],[-77.44488,6.12023],[-77.44459,6.12048],[-77.44502,6.12138],[-77.44514,6.12199],[-77.44497,6.12328],[-77.44556,6.12419],[-77.44656,6.12411],[-77.44691,6.12433],[-77.44712,6.12486],[-77.44758,6.12526],[-77.44756,6.12559],[-77.44701,6.12624],[-77.44715,6.12702],[-77.44745,6.12728],[-77.4481,6.12715],[-77.44874,6.12681],[-77.44944,6.12704],[-77.44958,6.12767],[-77.44891,6.12838],[-77.44791,6.12834],[-77.44722,6.1291],[-77.44721,6.12938],[-77.4477,6.12993],[-77.44779,6.13045],[-77.44725,6.13112],[-77.44746,6.13141],[-77.44839,6.13055],[-77.44853,6.12961],[-77.44894,6.12938],[-77.4488,6.13015],[-77.44919,6.13032],[-77.44876,6.13062],[-77.44884,6.131],[-77.44944,6.13096],[-77.44913,6.13129],[-77.4494,6.13157],[-77.4501,6.13152],[-77.45012,6.13187],[-77.45094,6.13265],[-77.45184,6.13288],[-77.45187,6.13327],[-77.45281,6.13305],[-77.45249,6.13264],[-77.45252,6.13184],[-77.4528,6.13173],[-77.453,6.13212],[-77.4533,6.13191],[-77.45366,6.13313],[-77.4548,6.13342],[-77.45521,6.1341],[-77.45499,6.13423],[-77.45506,6.13483],[-77.45423,6.13497],[-77.45438,6.13549],[-77.45497,6.1358],[-77.45569,6.13559],[-77.45609,6.13577],[-77.4558,6.13637],[-77.45491,6.13642],[-77.4547,6.13694],[-77.45589,6.13755],[-77.45716,6.13778],[-77.4578,6.13804],[-77.4582,6.13869],[-77.45778,6.13981],[-77.45714,6.13976],[-77.4569,6.13994],[-77.45708,6.14042],[-77.45635,6.1417],[-77.45599,6.14207],[-77.45612,6.14341],[-77.45646,6.1441],[-77.45695,6.14458],[-77.45736,6.14457],[-77.45696,6.14384],[-77.45716,6.14359],[-77.45802,6.14488],[-77.45872,6.14486],[-77.45906,6.14421],[-77.45929,6.14416],[-77.4591,6.14506],[-77.45973,6.14499],[-77.46073,6.14523],[-77.46033,6.14586],[-77.46043,6.14632],[-77.46151,6.14616],[-77.46176,6.14666],[-77.46258,6.14645],[-77.46268,6.14673],[-77.46169,6.14737],[-77.46141,6.14709],[-77.46084,6.14713],[-77.46079,6.14773],[-77.46165,6.14818],[-77.46218,6.14816],[-77.46235,6.14764],[-77.46311,6.14721],[-77.4634,6.14759],[-77.46292,6.1485],[-77.46238,6.14887],[-77.46237,6.14944],[-77.4618,6.15019],[-77.46173,6.15081],[-77.46233,6.15242],[-77.46311,6.15251],[-77.46322,6.15186],[-77.46346,6.15178],[-77.46376,6.15224],[-77.46456,6.15283],[-77.4655,6.15289],[-77.46544,6.1536],[-77.46594,6.15392],[-77.4661,6.15439],[-77.46718,6.15472],[-77.46725,6.155],[-77.46687,6.15583],[-77.46621,6.15627],[-77.46572,6.15608],[-77.46534,6.15656],[-77.46603,6.15808],[-77.4662,6.15902],[-77.46661,6.15928],[-77.46679,6.16029],[-77.46718,6.1606],[-77.46818,6.161],[-77.46876,6.16153],[-77.46963,6.16146],[-77.46995,6.161],[-77.46998,6.16051],[-77.47063,6.16024],[-77.47092,6.16066],[-77.47011,6.16142],[-77.46975,6.16223],[-77.46991,6.16266],[-77.47068,6.16275],[-77.47094,6.16299],[-77.47098,6.16399],[-77.47176,6.16478],[-77.47205,6.16537],[-77.47222,6.1662],[-77.47232,6.16746],[-77.47248,6.16786],[-77.47346,6.16769],[-77.47406,6.168],[-77.47407,6.16838],[-77.47354,6.16794],[-77.47319,6.16802],[-77.47209,6.16947],[-77.47155,6.17038],[-77.47201,6.17118],[-77.47318,6.17236],[-77.47339,6.1731],[-77.4728,6.17353],[-77.47357,6.1741],[-77.4739,6.17483],[-77.47443,6.17519],[-77.47457,6.17572],[-77.47428,6.17659],[-77.47442,6.17735],[-77.47487,6.1783],[-77.47466,6.17911],[-77.47509,6.1799],[-77.47589,6.18074],[-77.47688,6.1807],[-77.47698,6.18113],[-77.47616,6.18189],[-77.47571,6.18144],[-77.47529,6.18227],[-77.47554,6.18367],[-77.47611,6.18427],[-77.47674,6.18384],[-77.47784,6.18375],[-77.47824,6.18422],[-77.47803,6.18452],[-77.47833,6.18501],[-77.47921,6.18541],[-77.48023,6.18523],[-77.48093,6.18415],[-77.48161,6.18393],[-77.48184,6.18475],[-77.48163,6.18558],[-77.48144,6.18718],[-77.48147,6.18846],[-77.48217,6.18978],[-77.48248,6.19133],[-77.48274,6.19215],[-77.48267,6.19279],[-77.48187,6.19363],[-77.48141,6.19459],[-77.48082,6.19518],[-77.48061,6.19605],[-77.48073,6.19933],[-77.48093,6.20073],[-77.48095,6.2015],[-77.48068,6.20227],[-77.48029,6.20268],[-77.47982,6.20387],[-77.47928,6.20439],[-77.47898,6.20491],[-77.47885,6.20615],[-77.47887,6.20691],[-77.47866,6.2102],[-77.47842,6.21157],[-77.47745,6.21336],[-77.4755,6.21672],[-77.47456,6.21815],[-77.47411,6.21941],[-77.47396,6.22203],[-77.47381,6.22294],[-77.47357,6.22554],[-77.47361,6.227],[-77.474,6.22825],[-77.47446,6.22886],[-77.47454,6.22929],[-77.47422,6.22984],[-77.47331,6.23005],[-77.47303,6.23137],[-77.47244,6.23294],[-77.47235,6.23391],[-77.47251,6.23421],[-77.47326,6.23471],[-77.4732,6.23519],[-77.47255,6.23514],[-77.47209,6.23532],[-77.47205,6.23569],[-77.4724,6.23616],[-77.47238,6.23666],[-77.47124,6.23735],[-77.47112,6.23755],[-77.47138,6.23816],[-77.47142,6.23879],[-77.47094,6.24024],[-77.46988,6.24226],[-77.46938,6.2444],[-77.46889,6.24576],[-77.46837,6.24642],[-77.46817,6.24719],[-77.46802,6.24891],[-77.468,6.25016],[-77.46813,6.2517],[-77.46847,6.2532],[-77.46893,6.25424],[-77.46891,6.25497],[-77.46861,6.25578],[-77.46856,6.25703],[-77.46882,6.25744],[-77.46906,6.25859],[-77.46906,6.25962],[-77.46919,6.26076],[-77.46964,6.26176],[-77.46979,6.26289],[-77.46956,6.26321],[-77.46847,6.26351],[-77.46813,6.26404],[-77.46793,6.26542],[-77.46769,6.26625],[-77.46763,6.26783],[-77.46787,6.26844],[-77.46865,6.26936],[-77.46867,6.27032],[-77.46824,6.27123],[-77.46706,6.27197],[-77.46676,6.27238],[-77.4665,6.27325],[-77.46663,6.27448],[-77.46717,6.27602],[-77.46819,6.27752],[-77.46912,6.27823],[-77.46913,6.27882],[-77.46874,6.27981],[-77.4686,6.28131],[-77.46906,6.2827],[-77.46958,6.28328],[-77.46973,6.28378],[-77.46913,6.28651],[-77.46941,6.28761],[-77.47014,6.28922],[-77.47027,6.28978],[-77.47029,6.29095],[-77.47019,6.29202],[-77.47198,6.29466],[-77.47222,6.29485],[-77.4735,6.29474],[-77.47379,6.29554],[-77.47445,6.29632],[-77.47445,6.29708],[-77.4742,6.29728],[-77.47337,6.2972],[-77.47281,6.29672],[-77.47251,6.29594],[-77.47203,6.29555],[-77.47123,6.29566],[-77.47027,6.29646],[-77.47004,6.29787],[-77.46962,6.29804],[-77.46949,6.29696],[-77.46874,6.29659],[-77.46806,6.29535],[-77.46782,6.29423],[-77.46785,6.29295],[-77.46807,6.29194],[-77.4686,6.29106],[-77.46863,6.29021],[-77.46798,6.28885],[-77.46689,6.28735],[-77.4655,6.28625],[-77.46399,6.28542],[-77.46377,6.28495],[-77.46399,6.28367],[-77.46357,6.28295],[-77.4626,6.28204],[-77.46143,6.28176],[-77.4611,6.28155],[-77.461,6.28107],[-77.46158,6.28033],[-77.46163,6.27962],[-77.46059,6.27841],[-77.45997,6.27804],[-77.45924,6.27736],[-77.45915,6.27693],[-77.45935,6.27608],[-77.45998,6.27543],[-77.46017,6.27444],[-77.45929,6.27305],[-77.45829,6.27208],[-77.45681,6.27125],[-77.45363,6.27039],[-77.45209,6.2701],[-77.45018,6.26989],[-77.44897,6.2701],[-77.44821,6.27034],[-77.44751,6.27038],[-77.44604,6.26924],[-77.44561,6.26921],[-77.44355,6.26961],[-77.4427,6.26971],[-77.44141,6.27028],[-77.43967,6.27028],[-77.43835,6.27065],[-77.43781,6.27184],[-77.4372,6.2718],[-77.43681,6.27154],[-77.43584,6.27054],[-77.43521,6.27017],[-77.43475,6.27032],[-77.43406,6.27013],[-77.43376,6.26961],[-77.43304,6.26896],[-77.433,6.26858],[-77.43337,6.26807],[-77.43391,6.26774],[-77.43384,6.26713],[-77.43278,6.26622],[-77.43198,6.26623],[-77.43139,6.26566],[-77.43122,6.26488],[-77.43024,6.2643],[-77.43033,6.2633],[-77.42946,6.26312],[-77.42899,6.26254],[-77.42854,6.26077],[-77.42866,6.25976],[-77.42833,6.25905],[-77.42834,6.2584],[-77.42758,6.2574],[-77.42781,6.25673],[-77.42684,6.25539],[-77.42667,6.2538],[-77.42618,6.25295],[-77.42574,6.25149],[-77.42519,6.25019],[-77.42426,6.2496],[-77.42418,6.24876],[-77.42316,6.247],[-77.42218,6.24498],[-77.42086,6.24336],[-77.41971,6.2418],[-77.41867,6.24058],[-77.41802,6.23968],[-77.41692,6.23855],[-77.41616,6.23806],[-77.41562,6.23742],[-77.41285,6.23345],[-77.4112,6.23051],[-77.40964,6.22831],[-77.40909,6.22779],[-77.40869,6.22774],[-77.40726,6.2283],[-77.40674,6.22836],[-77.4057,6.22815],[-77.40448,6.22823],[-77.4018,6.22864],[-77.40088,6.22866],[-77.39907,6.23022],[-77.39804,6.2315],[-77.39761,6.23274],[-77.39674,6.23322],[-77.39666,6.23348],[-77.39547,6.23514],[-77.39527,6.23595],[-77.39599,6.23723],[-77.39607,6.23796],[-77.39584,6.23848],[-77.39566,6.23948],[-77.39558,6.2416],[-77.39516,6.24364],[-77.39501,6.24485],[-77.39497,6.24603],[-77.3952,6.24719],[-77.39551,6.24806],[-77.39625,6.24863],[-77.39664,6.24912],[-77.39664,6.2498],[-77.39696,6.25042],[-77.39831,6.25101],[-77.39915,6.25079],[-77.39965,6.25021],[-77.40065,6.25036],[-77.40023,6.25096],[-77.39857,6.25279],[-77.39826,6.25329],[-77.39663,6.25541],[-77.39466,6.25853],[-77.39339,6.26044],[-77.39185,6.26258],[-77.39031,6.26455],[-77.38918,6.2657],[-77.38617,6.26947],[-77.38534,6.27047],[-77.38391,6.27247],[-77.38196,6.27561],[-77.38101,6.27743],[-77.38084,6.27881],[-77.38088,6.27957],[-77.38125,6.28118],[-77.38159,6.28187],[-77.3825,6.28261],[-77.38283,6.28304],[-77.38318,6.28389],[-77.38355,6.28439],[-77.38507,6.28506],[-77.38537,6.28545],[-77.38541,6.28603],[-77.38478,6.28683],[-77.38372,6.28891],[-77.38314,6.28978],[-77.38261,6.29212],[-77.38255,6.29331],[-77.383,6.29526],[-77.38342,6.29659],[-77.38335,6.29708],[-77.38266,6.29772],[-77.38238,6.29836],[-77.3811,6.30173],[-77.38014,6.30448],[-77.37958,6.30589],[-77.37884,6.30966],[-77.37824,6.31408],[-77.37804,6.31743],[-77.37804,6.31864],[-77.37767,6.32284],[-77.37737,6.32426],[-77.37707,6.32688],[-77.37696,6.32907],[-77.3773,6.32972],[-77.37758,6.32981],[-77.37871,6.32955],[-77.37874,6.33009],[-77.37795,6.33009],[-77.37704,6.33085],[-77.37694,6.33168],[-77.37705,6.33241],[-77.37789,6.33321],[-77.37863,6.33412],[-77.37889,6.33479],[-77.37867,6.33523],[-77.37821,6.33469],[-77.3778,6.33458],[-77.37711,6.33482],[-77.3768,6.33549],[-77.377,6.33653],[-77.37672,6.33662],[-77.37557,6.33603],[-77.37468,6.33612],[-77.37381,6.33664],[-77.37191,6.33998],[-77.37098,6.34232],[-77.3705,6.34388],[-77.3705,6.345],[-77.37108,6.34594],[-77.37096,6.34631],[-77.37002,6.34615],[-77.36948,6.34635],[-77.36965,6.34724],[-77.37002,6.34823],[-77.36987,6.35035],[-77.36961,6.35233],[-77.36965,6.35398],[-77.36978,6.35506],[-77.37035,6.35731],[-77.37085,6.35846],[-77.37132,6.35902],[-77.37206,6.35911],[-77.37243,6.3594],[-77.37254,6.35996],[-77.37236,6.36089],[-77.37273,6.36137],[-77.37401,6.36115],[-77.37427,6.36215],[-77.37498,6.36382],[-77.37553,6.36475],[-77.37668,6.36626],[-77.37794,6.36744],[-77.37895,6.36817],[-77.37962,6.36843],[-77.38151,6.36871],[-77.38277,6.36897],[-77.38511,6.36893],[-77.38621,6.36852],[-77.38647,6.36822],[-77.38654,6.36744],[-77.38645,6.36554],[-77.38663,6.36503],[-77.3876,6.36514],[-77.3884,6.36447],[-77.38922,6.36453],[-77.38944,6.36438],[-77.38951,6.36369],[-77.38938,6.36293],[-77.38948,6.3625],[-77.39011,6.36246],[-77.39079,6.36283],[-77.3915,6.36362],[-77.39162,6.36465],[-77.39092,6.36506],[-77.39052,6.36592],[-77.39042,6.3667],[-77.39061,6.36726],[-77.39139,6.36798],[-77.39217,6.36819],[-77.39274,6.36787],[-77.39306,6.36802],[-77.39317,6.36943],[-77.39334,6.37025],[-77.39384,6.37164],[-77.39464,6.37311],[-77.39531,6.37411],[-77.39653,6.37524],[-77.3969,6.37495],[-77.39726,6.37518],[-77.3983,6.3765],[-77.39835,6.3774],[-77.40058,6.37931],[-77.4014,6.3794],[-77.40201,6.37996],[-77.40201,6.38085],[-77.40247,6.38086],[-77.4033,6.38134],[-77.40457,6.38135],[-77.40524,6.38072],[-77.40526,6.37978],[-77.40569,6.37855],[-77.40615,6.37824],[-77.40717,6.37806],[-77.40735,6.37777],[-77.4067,6.37703],[-77.40673,6.37633],[-77.40759,6.37641],[-77.40824,6.37724],[-77.40888,6.37743],[-77.40903,6.37787],[-77.40886,6.37933],[-77.40944,6.38022],[-77.41057,6.38107],[-77.41231,6.38072],[-77.41273,6.3808],[-77.41287,6.38115],[-77.41168,6.38234],[-77.41122,6.38321],[-77.41142,6.38373],[-77.41207,6.38408],[-77.41174,6.38449],[-77.41116,6.38415],[-77.41048,6.38445],[-77.41053,6.38683],[-77.41081,6.38763],[-77.41081,6.38818],[-77.4101,6.38891],[-77.40977,6.38978],[-77.40819,6.39073],[-77.40778,6.3914],[-77.40717,6.3911],[-77.40611,6.39182],[-77.40528,6.39303],[-77.40418,6.39346],[-77.40353,6.39342],[-77.40346,6.39245],[-77.40283,6.39188],[-77.4019,6.39167],[-77.40045,6.3919],[-77.40041,6.39082],[-77.39993,6.39026],[-77.39807,6.39004],[-77.39742,6.3901],[-77.39611,6.39],[-77.39566,6.39054],[-77.39534,6.39049],[-77.39477,6.38987],[-77.3941,6.38982],[-77.39319,6.39011],[-77.39308,6.38967],[-77.39247,6.389],[-77.39144,6.38884],[-77.39014,6.388],[-77.38951,6.38739],[-77.38907,6.38725],[-77.38727,6.38751],[-77.38649,6.38785],[-77.38459,6.38915],[-77.38368,6.39013],[-77.38164,6.39292],[-77.38095,6.39416],[-77.38099,6.3958],[-77.38121,6.39723],[-77.38082,6.39721],[-77.3803,6.39613],[-77.37951,6.39537],[-77.37858,6.39522],[-77.37785,6.39565],[-77.3775,6.39537],[-77.37718,6.39461],[-77.37711,6.39301],[-77.37637,6.39238],[-77.37552,6.39196],[-77.37505,6.39242],[-77.37484,6.39227],[-77.37477,6.39115],[-77.37425,6.39034],[-77.37412,6.389],[-77.37371,6.38857],[-77.37238,6.3882],[-77.37249,6.38746],[-77.37225,6.38716],[-77.37,6.3872],[-77.36822,6.38745],[-77.36729,6.38768],[-77.36653,6.38803],[-77.36224,6.39076],[-77.3607,6.39169],[-77.35971,6.39297],[-77.35888,6.39448],[-77.35748,6.39615],[-77.35568,6.3989],[-77.35567,6.39956],[-77.35617,6.40008],[-77.35715,6.40044],[-77.35745,6.40183],[-77.35828,6.4025],[-77.35931,6.40222],[-77.35977,6.40283],[-77.36038,6.40426],[-77.36025,6.40547],[-77.35969,6.40612],[-77.35962,6.40664],[-77.35925,6.40733],[-77.35938,6.40811],[-77.3602,6.40896],[-77.36135,6.40989],[-77.36185,6.40991],[-77.36218,6.40907],[-77.36265,6.40846],[-77.36313,6.40859],[-77.36396,6.40941],[-77.3643,6.40955],[-77.36465,6.4102],[-77.36484,6.41095],[-77.3648,6.41171],[-77.36456,6.41226],[-77.36406,6.41265],[-77.36382,6.41318],[-77.36508,6.41386],[-77.36545,6.41451],[-77.36554,6.416],[-77.36652,6.41654],[-77.36685,6.41697],[-77.36685,6.41811],[-77.36762,6.41875],[-77.36775,6.4203],[-77.36794,6.42101],[-77.36845,6.4214],[-77.36963,6.4215],[-77.36988,6.42135],[-77.36987,6.41992],[-77.37009,6.41971],[-77.37098,6.41986],[-77.37137,6.42032],[-77.3713,6.42138],[-77.37143,6.4224],[-77.37135,6.42383],[-77.37177,6.42398],[-77.37447,6.42413],[-77.37487,6.42396],[-77.37484,6.42326],[-77.37538,6.42333],[-77.37577,6.42372],[-77.37585,6.42429],[-77.37621,6.42504],[-77.37568,6.42565],[-77.3754,6.42677],[-77.37544,6.42733],[-77.37512,6.42816],[-77.37451,6.42884],[-77.37426,6.42937],[-77.37435,6.4298],[-77.37395,6.43038],[-77.37349,6.4303],[-77.37294,6.42872],[-77.37269,6.42846],[-77.37213,6.42859],[-77.37182,6.42914],[-77.37154,6.43017],[-77.37119,6.43048],[-77.37069,6.43044],[-77.37064,6.42977],[-77.36951,6.42915],[-77.36908,6.42872],[-77.3683,6.42877],[-77.36757,6.42807],[-77.36696,6.42817],[-77.36614,6.42856],[-77.36586,6.42889],[-77.36554,6.42997],[-77.36501,6.43026],[-77.36382,6.43063],[-77.36308,6.43285],[-77.36266,6.43483],[-77.36267,6.43622],[-77.36212,6.43735],[-77.36098,6.43749],[-77.36068,6.43764],[-77.36054,6.43817],[-77.36075,6.43875],[-77.36071,6.43923],[-77.36027,6.43994],[-77.36035,6.44164],[-77.36137,6.44241],[-77.3615,6.44292],[-77.36153,6.4446],[-77.36176,6.44531],[-77.36274,6.44651],[-77.3634,6.44627],[-77.3638,6.44631],[-77.36402,6.44765],[-77.36423,6.44824],[-77.36389,6.44882],[-77.36327,6.44902],[-77.36244,6.45041],[-77.36228,6.45162],[-77.36262,6.4536],[-77.36251,6.45513],[-77.36117,6.4566],[-77.36011,6.4569],[-77.35868,6.45713],[-77.35799,6.45754],[-77.35758,6.45741],[-77.35524,6.45757],[-77.35461,6.45677],[-77.35403,6.45623],[-77.35348,6.45633],[-77.35291,6.45707],[-77.35194,6.45984],[-77.35121,6.46272],[-77.35088,6.46534],[-77.35095,6.46652],[-77.35163,6.47142],[-77.35192,6.47222],[-77.35259,6.47285],[-77.35343,6.47308],[-77.35372,6.47351],[-77.35442,6.47401],[-77.35564,6.4745],[-77.35594,6.47497],[-77.35616,6.47689],[-77.35659,6.47723],[-77.35733,6.4774],[-77.35751,6.47798],[-77.35827,6.47843],[-77.35962,6.47819],[-77.36002,6.47873],[-77.36015,6.47929],[-77.35957,6.48031],[-77.35944,6.48092],[-77.35958,6.48166],[-77.35986,6.48201],[-77.36042,6.48201],[-77.36099,6.48178],[-77.36109,6.48221],[-77.35954,6.48301],[-77.35939,6.48345],[-77.35957,6.4843],[-77.35939,6.48535],[-77.35944,6.48646],[-77.35982,6.487],[-77.36039,6.4872],[-77.36032,6.48764],[-77.35929,6.48784],[-77.35871,6.48901],[-77.35748,6.49064],[-77.35693,6.49059],[-77.35617,6.48926],[-77.35529,6.48943],[-77.35485,6.4897],[-77.35375,6.49114],[-77.35254,6.49259],[-77.3516,6.49326],[-77.35048,6.49366],[-77.34925,6.49431],[-77.34854,6.49487],[-77.34752,6.49616],[-77.34683,6.49681],[-77.34596,6.49814],[-77.34576,6.49903],[-77.34589,6.49949],[-77.3465,6.50054],[-77.34645,6.50155],[-77.34571,6.50288],[-77.34525,6.50299],[-77.34447,6.50284],[-77.34368,6.50311],[-77.34279,6.50305],[-77.34248,6.50318],[-77.3418,6.50408],[-77.34074,6.50496],[-77.33942,6.5053],[-77.33907,6.50589],[-77.33898,6.5068],[-77.33839,6.50745],[-77.33803,6.50807],[-77.33803,6.51027],[-77.33764,6.51114],[-77.33759,6.51169],[-77.33818,6.51247],[-77.33718,6.51304],[-77.33709,6.51366],[-77.33725,6.51391],[-77.33826,6.51459],[-77.33785,6.51572],[-77.33727,6.51647],[-77.33717,6.51718],[-77.33681,6.51741],[-77.33668,6.51818],[-77.33681,6.51867],[-77.33746,6.51928],[-77.33753,6.51971],[-77.33727,6.51992],[-77.33658,6.52],[-77.33617,6.52038],[-77.3365,6.52135],[-77.33648,6.52187],[-77.33679,6.52259],[-77.33637,6.5232],[-77.33538,6.52507],[-77.33562,6.52611],[-77.33609,6.52618],[-77.33679,6.5273],[-77.33696,6.5279],[-77.33673,6.5282],[-77.33627,6.52812],[-77.33531,6.52743],[-77.33499,6.52777],[-77.33469,6.52861],[-77.33386,6.52898],[-77.33373,6.52947],[-77.33248,6.53094],[-77.33251,6.53138],[-77.33285,6.53172],[-77.33228,6.53301],[-77.3322,6.53408],[-77.33241,6.5361],[-77.3328,6.53648],[-77.33352,6.5368],[-77.33368,6.53729],[-77.33322,6.53754],[-77.33296,6.53701],[-77.33259,6.53688],[-77.3312,6.53732],[-77.33098,6.53755],[-77.33081,6.53856],[-77.33019,6.53931],[-77.32998,6.54053],[-77.33016,6.54122],[-77.32997,6.54146],[-77.32864,6.54138],[-77.32726,6.5421],[-77.32689,6.54177],[-77.32583,6.54275],[-77.32543,6.5434],[-77.32537,6.54386],[-77.32539,6.54697],[-77.32563,6.54826],[-77.32532,6.54876],[-77.32529,6.54934],[-77.32565,6.54977],[-77.32565,6.55034],[-77.32622,6.55225],[-77.32697,6.55404],[-77.32739,6.55548],[-77.32772,6.55618],[-77.32829,6.55685],[-77.32902,6.55945],[-77.3299,6.56063],[-77.33001,6.56156],[-77.33039,6.56275],[-77.33114,6.56415],[-77.33143,6.56444],[-77.33218,6.5647],[-77.33285,6.56464],[-77.333,6.56397],[-77.33345,6.56395],[-77.33419,6.56441],[-77.33513,6.56545],[-77.33552,6.56672],[-77.33551,6.56768],[-77.33497,6.56834],[-77.3358,6.56985],[-77.33727,6.57104],[-77.33753,6.5719],[-77.33792,6.57252],[-77.33885,6.57309],[-77.33911,6.57371],[-77.33981,6.57453],[-77.34069,6.57487],[-77.34181,6.57453],[-77.34216,6.57493],[-77.34181,6.57578],[-77.34183,6.57627],[-77.34232,6.57668],[-77.34237,6.57728],[-77.34308,6.57784],[-77.34395,6.57824],[-77.34546,6.57964],[-77.34615,6.57987],[-77.34668,6.58025],[-77.34745,6.58026],[-77.34839,6.58094],[-77.34937,6.5808],[-77.34944,6.5803],[-77.3504,6.58105],[-77.35138,6.58149],[-77.35221,6.58142],[-77.35325,6.58165],[-77.35363,6.58121],[-77.35428,6.5809],[-77.3549,6.58095],[-77.35511,6.57974],[-77.35557,6.57945],[-77.3564,6.5796],[-77.35658,6.57881],[-77.3569,6.57837],[-77.35754,6.57859],[-77.35796,6.57934],[-77.35958,6.58067],[-77.35989,6.58103],[-77.36099,6.58183],[-77.36264,6.58325],[-77.36336,6.58333],[-77.36389,6.58298],[-77.3642,6.58245],[-77.3643,6.58162],[-77.36465,6.58051],[-77.36515,6.58026],[-77.36569,6.58039],[-77.36678,6.58039],[-77.3674,6.58061],[-77.36795,6.58163],[-77.36855,6.58144],[-77.36885,6.58155],[-77.36908,6.5823],[-77.36978,6.58367],[-77.3703,6.58377],[-77.37069,6.58447],[-77.37062,6.58548],[-77.37097,6.58634],[-77.37157,6.58642],[-77.37196,6.58725],[-77.37247,6.5874],[-77.37284,6.58717],[-77.37369,6.58755],[-77.37421,6.5889],[-77.37421,6.58946],[-77.37463,6.58955],[-77.37501,6.58915],[-77.37519,6.5896],[-77.37571,6.5926],[-77.37558,6.5933],[-77.37476,6.59325],[-77.37385,6.59284],[-77.37274,6.59286],[-77.37247,6.59323],[-77.37165,6.59325],[-77.37123,6.5935],[-77.3709,6.59412],[-77.37113,6.59529],[-77.37079,6.59605],[-77.37053,6.59729],[-77.37012,6.59821],[-77.37018,6.59935],[-77.37102,6.60137],[-77.37155,6.60195],[-77.37242,6.60192],[-77.37378,6.60148],[-77.37449,6.60177],[-77.37486,6.60231],[-77.37463,6.60308],[-77.37411,6.6034],[-77.37445,6.60404],[-77.37537,6.60441],[-77.3765,6.60464],[-77.37703,6.60511],[-77.37745,6.60595],[-77.37866,6.60725],[-77.37843,6.60788],[-77.37965,6.60916],[-77.38001,6.60935],[-77.38035,6.61015],[-77.38139,6.6109],[-77.38216,6.61033],[-77.38267,6.61018],[-77.38314,6.61035],[-77.38319,6.61098],[-77.38298,6.61175],[-77.38317,6.61203],[-77.3843,6.61264],[-77.38578,6.613],[-77.38622,6.61329],[-77.38702,6.61432],[-77.38787,6.61462],[-77.38965,6.61475],[-77.39143,6.61634],[-77.39182,6.61704],[-77.39202,6.61804],[-77.39266,6.61936],[-77.3935,6.62017],[-77.39471,6.61991],[-77.39525,6.6205],[-77.39598,6.62045],[-77.39768,6.62077],[-77.39805,6.62017],[-77.39869,6.61999],[-77.39989,6.62042],[-77.40028,6.62078],[-77.40036,6.62162],[-77.4002,6.62183],[-77.39862,6.62232],[-77.39852,6.62255],[-77.39867,6.62428],[-77.39833,6.62566],[-77.39878,6.62646],[-77.39956,6.62685],[-77.40002,6.62764],[-77.40007,6.62806],[-77.40058,6.62858],[-77.40118,6.62869],[-77.40134,6.62821],[-77.40258,6.62878],[-77.40255,6.6291],[-77.40163,6.62889],[-77.401,6.62949],[-77.40087,6.62909],[-77.4002,6.62887],[-77.39896,6.62905],[-77.39807,6.62951],[-77.39761,6.63034],[-77.39758,6.63164],[-77.39797,6.63354],[-77.39799,6.63404],[-77.39772,6.63492],[-77.39777,6.63613],[-77.39912,6.63825],[-77.39956,6.63912],[-77.40002,6.63953],[-77.40137,6.64028],[-77.4022,6.64027],[-77.40291,6.63986],[-77.40325,6.64074],[-77.40359,6.64105],[-77.40431,6.64092],[-77.40463,6.64038],[-77.40514,6.64027],[-77.40555,6.64043],[-77.40584,6.64108],[-77.4054,6.64118],[-77.40421,6.64181],[-77.40419,6.64219],[-77.40458,6.6425],[-77.40535,6.64258],[-77.40573,6.64282],[-77.40568,6.64335],[-77.40478,6.64353],[-77.40455,6.64385],[-77.40489,6.64462],[-77.40431,6.64533],[-77.40426,6.64574],[-77.40442,6.64726],[-77.40538,6.64835],[-77.406,6.64809],[-77.40652,6.64835],[-77.40703,6.64918],[-77.40713,6.64972],[-77.40666,6.64993],[-77.40555,6.64869],[-77.40481,6.64863],[-77.40405,6.64915],[-77.40338,6.65037],[-77.40284,6.65084],[-77.40224,6.65109],[-77.40124,6.65056],[-77.40033,6.65053],[-77.39909,6.65089],[-77.39812,6.65076],[-77.39727,6.65127],[-77.39688,6.65179],[-77.39574,6.65485],[-77.39541,6.65609],[-77.39525,6.65708],[-77.39541,6.65816],[-77.39605,6.65943],[-77.39701,6.66055],[-77.39719,6.6609],[-77.3971,6.66181],[-77.3972,6.66326],[-77.39803,6.66441],[-77.39839,6.66516],[-77.39897,6.66523],[-77.39997,6.66489],[-77.40049,6.66487],[-77.401,6.66447],[-77.40152,6.66453],[-77.40172,6.66491],[-77.40232,6.6651],[-77.40273,6.66554],[-77.40307,6.66559],[-77.40362,6.66507],[-77.40434,6.66566],[-77.40547,6.66582],[-77.40581,6.66639],[-77.40527,6.66745],[-77.4053,6.66792],[-77.40581,6.66831],[-77.40547,6.66869],[-77.40547,6.66934],[-77.40576,6.67027],[-77.4056,6.6709],[-77.40418,6.67134],[-77.40353,6.6719],[-77.4041,6.67248],[-77.40411,6.67291],[-77.40381,6.67324],[-77.40287,6.6733],[-77.40102,6.67309],[-77.40054,6.67328],[-77.39924,6.6734],[-77.39882,6.67424],[-77.39883,6.67597],[-77.39927,6.67802],[-77.39966,6.67886],[-77.40206,6.68216],[-77.40271,6.68341],[-77.40405,6.68533],[-77.40574,6.68708],[-77.40722,6.68814],[-77.40783,6.68839],[-77.40868,6.68811],[-77.40897,6.68766],[-77.40937,6.68795],[-77.40944,6.68897],[-77.41101,6.68989],[-77.41265,6.69065],[-77.41505,6.69128],[-77.41667,6.69155],[-77.41779,6.69162],[-77.4185,6.69148],[-77.41881,6.69117],[-77.41899,6.69039],[-77.41897,6.68925],[-77.41977,6.68928],[-77.42005,6.68871],[-77.41998,6.68809],[-77.42119,6.68748],[-77.42186,6.6878],[-77.42259,6.68754],[-77.42326,6.68806],[-77.42398,6.68804],[-77.42427,6.68787],[-77.42494,6.68669],[-77.425,6.6857],[-77.42473,6.68479],[-77.42484,6.68456],[-77.42603,6.6844],[-77.42673,6.68444],[-77.42704,6.68475],[-77.42769,6.6862],[-77.42856,6.68655],[-77.42929,6.6873],[-77.42999,6.68752],[-77.42961,6.68853],[-77.42952,6.68924],[-77.42918,6.68989],[-77.4287,6.69232],[-77.42857,6.69413],[-77.42812,6.69458],[-77.42794,6.69506],[-77.42805,6.69547],[-77.42851,6.69595],[-77.42981,6.69697],[-77.43196,6.69748],[-77.43207,6.69841],[-77.4323,6.69899],[-77.43442,6.70025],[-77.4365,6.70167],[-77.43948,6.70303],[-77.44383,6.70469],[-77.44569,6.70551],[-77.44711,6.7059],[-77.44865,6.70623],[-77.4518,6.70647],[-77.45508,6.70662],[-77.45675,6.70662],[-77.45864,6.70653],[-77.46036,6.70618],[-77.46199,6.70577],[-77.46527,6.70479],[-77.46825,6.70397],[-77.47229,6.70428],[-77.47422,6.70321],[-77.47396,6.70291],[-77.47259,6.7032],[-77.47159,6.70312],[-77.47163,6.70285],[-77.47561,6.70111],[-77.478,6.70026],[-77.47974,6.69957],[-77.48331,6.69782],[-77.48526,6.69682],[-77.48615,6.69625],[-77.48947,6.69512],[-77.49338,6.69343],[-77.49577,6.69231],[-77.49751,6.69134],[-77.49925,6.6903],[-77.50137,6.68879],[-77.50323,6.68736],[-77.50454,6.68581],[-77.50573,6.68405],[-77.50565,6.68263],[-77.50532,6.68184],[-77.5054,6.68046],[-77.50588,6.6797],[-77.50582,6.67898],[-77.50529,6.67854],[-77.50503,6.67805],[-77.50513,6.67726],[-77.50629,6.67628],[-77.50678,6.67527],[-77.50666,6.6745],[-77.5061,6.67347],[-77.50633,6.67291],[-77.50692,6.67257],[-77.50837,6.671],[-77.50858,6.6697],[-77.50977,6.66845],[-77.51007,6.66794],[-77.51026,6.66701],[-77.51054,6.66635],[-77.51052,6.66579],[-77.50957,6.66603],[-77.50919,6.66571],[-77.50914,6.66341],[-77.50873,6.6631],[-77.50879,6.66247],[-77.50921,6.66212],[-77.5103,6.66223],[-77.51092,6.66172],[-77.51111,6.65997],[-77.51098,6.6594],[-77.51032,6.65901],[-77.51014,6.65832],[-77.50973,6.6579],[-77.50818,6.65798],[-77.50759,6.65842],[-77.50728,6.6581],[-77.50723,6.6564],[-77.50658,6.65602],[-77.50602,6.65603],[-77.50507,6.65663],[-77.50496,6.65701],[-77.50443,6.65711],[-77.50387,6.65679],[-77.50301,6.65666],[-77.50277,6.6564],[-77.50312,6.65587],[-77.5039,6.6559],[-77.50446,6.65561],[-77.50469,6.65514],[-77.50469,6.65443],[-77.50361,6.6529],[-77.50365,6.65219],[-77.50434,6.65118],[-77.5052,6.65138],[-77.50633,6.65254],[-77.50676,6.65285],[-77.50763,6.65299],[-77.5081,6.65254],[-77.50841,6.65291],[-77.50871,6.65379],[-77.5098,6.65409],[-77.51067,6.65467],[-77.51117,6.65467],[-77.51186,6.65419],[-77.51244,6.65455],[-77.51295,6.65579],[-77.51319,6.65604],[-77.51423,6.65658],[-77.51572,6.65662],[-77.51621,6.65707],[-77.51728,6.65831],[-77.51759,6.65938],[-77.51778,6.66068],[-77.51837,6.66081],[-77.51878,6.66025],[-77.52002,6.65983],[-77.52074,6.65971],[-77.52213,6.65915],[-77.52377,6.65798],[-77.52461,6.65728],[-77.52613,6.65564],[-77.52632,6.65486],[-77.52612,6.6546],[-77.52501,6.65432],[-77.52452,6.65378],[-77.5243,6.65229],[-77.52393,6.65157],[-77.52356,6.65046],[-77.52357,6.64986],[-77.52388,6.64947],[-77.5247,6.64931],[-77.5251,6.64967],[-77.52573,6.64969],[-77.52589,6.64909],[-77.52567,6.64847],[-77.52587,6.64789],[-77.52662,6.648],[-77.52717,6.64875],[-77.5271,6.6498],[-77.52667,6.65062],[-77.52668,6.65146],[-77.52691,6.6516],[-77.52801,6.65174],[-77.52879,6.65239],[-77.52903,6.65294],[-77.5283,6.65298],[-77.52869,6.65506],[-77.52788,6.65468],[-77.5275,6.65485],[-77.52744,6.65545],[-77.52778,6.6558],[-77.52847,6.65569],[-77.52962,6.65692],[-77.53001,6.6581],[-77.53082,6.65914],[-77.53146,6.65911],[-77.53167,6.65869],[-77.53207,6.6585],[-77.53263,6.65881],[-77.53264,6.65947],[-77.53316,6.65995],[-77.53384,6.65998],[-77.53419,6.65919],[-77.53486,6.65853],[-77.53509,6.65793],[-77.53531,6.65599],[-77.53542,6.65571],[-77.53597,6.65561],[-77.53656,6.65606],[-77.53665,6.65647],[-77.53641,6.65801],[-77.53575,6.65939],[-77.53484,6.66033],[-77.53441,6.66056],[-77.53301,6.66101],[-77.5325,6.66164],[-77.53254,6.66282],[-77.53321,6.66367],[-77.53391,6.66368],[-77.53444,6.6639],[-77.53481,6.66452],[-77.5353,6.66455],[-77.5353,6.66528],[-77.53507,6.6665],[-77.53557,6.66714],[-77.53647,6.66721],[-77.53685,6.66785],[-77.53658,6.6684],[-77.53692,6.66891],[-77.53637,6.6691],[-77.53649,6.66955],[-77.53738,6.67027],[-77.53742,6.67057],[-77.53689,6.67075],[-77.53641,6.67052],[-77.53571,6.67047],[-77.53498,6.67072],[-77.53443,6.67145],[-77.53429,6.67203],[-77.53426,6.67446],[-77.53444,6.67505],[-77.53502,6.67544],[-77.53596,6.67539],[-77.53624,6.67558],[-77.53619,6.67615],[-77.53543,6.67653],[-77.53506,6.67695],[-77.53491,6.6781],[-77.53453,6.67903],[-77.53464,6.67953],[-77.53519,6.68001],[-77.53547,6.68091],[-77.5354,6.6816],[-77.53586,6.68236],[-77.53609,6.68346],[-77.53685,6.68441],[-77.53705,6.68499],[-77.53766,6.68574],[-77.53845,6.68547],[-77.53924,6.68558],[-77.54047,6.68621],[-77.54057,6.6867],[-77.54014,6.68713],[-77.53856,6.68703],[-77.53744,6.68755],[-77.5371,6.68848],[-77.53742,6.68876],[-77.53812,6.68879],[-77.53791,6.68935],[-77.53718,6.68938],[-77.53648,6.6896],[-77.53619,6.68997],[-77.5362,6.69054],[-77.53654,6.69202],[-77.53614,6.69229],[-77.53569,6.69224],[-77.53535,6.69252],[-77.53519,6.69368],[-77.53472,6.6941],[-77.53396,6.69428],[-77.5328,6.69373],[-77.53211,6.6932],[-77.53133,6.69313],[-77.53086,6.69375],[-77.53098,6.69475],[-77.53164,6.69536],[-77.53304,6.69605],[-77.53392,6.69624],[-77.53405,6.69684],[-77.53291,6.69775],[-77.53278,6.69829],[-77.53312,6.69932],[-77.53388,6.70012],[-77.53408,6.70085],[-77.53474,6.70147],[-77.53478,6.70183],[-77.53427,6.70253],[-77.5343,6.70296],[-77.53493,6.70359],[-77.53513,6.70423],[-77.536,6.70481],[-77.5358,6.70537],[-77.5354,6.70589],[-77.53571,6.70653],[-77.53621,6.70873],[-77.53668,6.70944],[-77.53744,6.71007],[-77.53766,6.7108],[-77.53825,6.71089],[-77.53824,6.71184],[-77.53797,6.71256],[-77.5382,6.71364],[-77.5395,6.71569],[-77.54103,6.71697],[-77.54216,6.71711],[-77.54336,6.7176],[-77.54375,6.71835],[-77.54407,6.7194],[-77.54548,6.72068],[-77.54562,6.72105],[-77.54583,6.72258],[-77.54655,6.72409],[-77.54698,6.72454],[-77.54726,6.72531],[-77.54709,6.72639],[-77.54603,6.72856],[-77.54563,6.7296],[-77.54548,6.73064],[-77.54552,6.73125],[-77.54525,6.73213],[-77.54565,6.73352],[-77.54657,6.73521],[-77.54771,6.73618],[-77.54832,6.73709],[-77.54832,6.73931],[-77.54794,6.74022],[-77.54812,6.74081],[-77.54858,6.74084],[-77.54902,6.74055],[-77.54958,6.74091],[-77.54937,6.742],[-77.54926,6.74367],[-77.54874,6.74413],[-77.54892,6.74474],[-77.5494,6.74512],[-77.55016,6.74545],[-77.5506,6.74609],[-77.5502,6.74706],[-77.55093,6.74761],[-77.55106,6.74797],[-77.55093,6.74912],[-77.55102,6.74948],[-77.55198,6.75061],[-77.55275,6.75113],[-77.55331,6.75127],[-77.55418,6.75127],[-77.55446,6.75143],[-77.55436,6.75209],[-77.55509,6.75269],[-77.55547,6.75275],[-77.55584,6.75243],[-77.55606,6.75175],[-77.55634,6.75161],[-77.5566,6.75195],[-77.55654,6.75261],[-77.55775,6.75261],[-77.55755,6.75302],[-77.55647,6.75358],[-77.55623,6.75407],[-77.5563,6.75465],[-77.55658,6.75514],[-77.55752,6.75608],[-77.55885,6.75597],[-77.55993,6.75666],[-77.5598,6.75773],[-77.55917,6.75901],[-77.55923,6.76027],[-77.55963,6.76074],[-77.56043,6.76097],[-77.56111,6.76161],[-77.56218,6.76172],[-77.56271,6.76201],[-77.56384,6.76324],[-77.56382,6.76407],[-77.56336,6.76424],[-77.56265,6.76384],[-77.56221,6.76391],[-77.56129,6.76574],[-77.56119,6.76623],[-77.56145,6.76716],[-77.56208,6.76793],[-77.56233,6.76844],[-77.56225,6.76901],[-77.56121,6.76985],[-77.56098,6.77025],[-77.56086,6.77121],[-77.56097,6.77201],[-77.56128,6.7727],[-77.56191,6.7734],[-77.56252,6.77354],[-77.56333,6.77305],[-77.56365,6.7736],[-77.56402,6.77363],[-77.56447,6.77298],[-77.56486,6.77281],[-77.56533,6.77305],[-77.56516,6.77394],[-77.56541,6.77457],[-77.56589,6.7752],[-77.56593,6.77581],[-77.56555,6.77686],[-77.56604,6.77762],[-77.5662,6.77815],[-77.56656,6.77817],[-77.56707,6.77779],[-77.56709,6.77635],[-77.56756,6.77565],[-77.56796,6.77585],[-77.56779,6.77647],[-77.56838,6.77717],[-77.56842,6.77829],[-77.56832,6.77913],[-77.56783,6.77931],[-77.56721,6.77888],[-77.56649,6.77904],[-77.56644,6.77991],[-77.56701,6.78015],[-77.56732,6.7806],[-77.56721,6.78379],[-77.56682,6.78403],[-77.56592,6.78372],[-77.56529,6.7841],[-77.56516,6.78507],[-77.56552,6.78562],[-77.56555,6.78625],[-77.56652,6.78728],[-77.56692,6.78845],[-77.56704,6.79064],[-77.56748,6.79147],[-77.56811,6.79204],[-77.56897,6.79393],[-77.56971,6.79502],[-77.57013,6.79511],[-77.57094,6.79488],[-77.5715,6.79564],[-77.57147,6.79671],[-77.57244,6.79757],[-77.5733,6.7981],[-77.5741,6.79803],[-77.57425,6.79754],[-77.57511,6.79781],[-77.57548,6.79746],[-77.57604,6.79791],[-77.57543,6.79871],[-77.57555,6.7998],[-77.57608,6.80018],[-77.57667,6.80015],[-77.57725,6.80101],[-77.57725,6.80197],[-77.57742,6.80239],[-77.57718,6.80298],[-77.57794,6.80388],[-77.57846,6.80387],[-77.57877,6.80354],[-77.57878,6.80304],[-77.57936,6.80321],[-77.57992,6.80298],[-77.58037,6.80312],[-77.58052,6.8037],[-77.58023,6.80409],[-77.58019,6.80484],[-77.5805,6.80537],[-77.58131,6.80607],[-77.58148,6.80662],[-77.58127,6.8076],[-77.58078,6.809],[-77.58103,6.80988],[-77.58142,6.81049],[-77.58245,6.81147],[-77.58303,6.81188],[-77.58401,6.81154],[-77.58466,6.81151],[-77.5849,6.81245],[-77.58546,6.81264],[-77.58594,6.8125],[-77.58642,6.81161],[-77.58727,6.81149],[-77.58758,6.81174],[-77.58799,6.81269],[-77.58776,6.81331],[-77.58675,6.81281],[-77.58634,6.81354],[-77.58561,6.81393],[-77.58564,6.81552],[-77.58582,6.81656],[-77.58619,6.81759],[-77.58737,6.81901],[-77.58965,6.82107],[-77.59014,6.82158],[-77.59166,6.82286],[-77.59221,6.82313],[-77.59364,6.82311],[-77.59507,6.82393],[-77.59572,6.82409],[-77.59655,6.82395],[-77.59707,6.82339],[-77.59699,6.82259],[-77.59794,6.82262],[-77.59806,6.82303],[-77.59751,6.82383],[-77.59831,6.82598],[-77.59873,6.82667],[-77.59946,6.82634],[-77.59998,6.82552],[-77.60033,6.82546],[-77.6003,6.82597],[-77.59908,6.82736],[-77.59881,6.82789],[-77.599,6.82851],[-77.59958,6.82928],[-77.60036,6.82989],[-77.60139,6.82965],[-77.60192,6.83013],[-77.60265,6.83014],[-77.603,6.83059],[-77.60324,6.83152],[-77.60404,6.83191],[-77.60403,6.83265],[-77.60424,6.83302],[-77.60596,6.83453],[-77.60698,6.8351],[-77.60772,6.83572],[-77.61065,6.83777],[-77.61273,6.83932],[-77.61359,6.83928],[-77.61391,6.83971],[-77.61368,6.84027],[-77.61445,6.84151],[-77.61504,6.84226],[-77.6163,6.84315],[-77.61701,6.84317],[-77.61701,6.84293],[-77.61563,6.84227],[-77.616,6.84216],[-77.61707,6.84259],[-77.62133,6.84499],[-77.62359,6.84634],[-77.62444,6.84691],[-77.62668,6.84814],[-77.62855,6.84935],[-77.62933,6.85],[-77.62953,6.85039],[-77.62964,6.85123],[-77.63049,6.85149],[-77.63208,6.85149],[-77.63352,6.85194],[-77.63455,6.85238],[-77.63566,6.85304],[-77.63833,6.85374],[-77.63944,6.85419],[-77.64079,6.85451],[-77.6417,6.85457],[-77.6424,6.8544],[-77.64269,6.85367],[-77.64304,6.85372],[-77.64374,6.85422],[-77.64441,6.85493],[-77.64512,6.8555],[-77.64604,6.85586],[-77.64755,6.85678],[-77.64934,6.8577],[-77.64981,6.85832],[-77.65008,6.85921],[-77.65052,6.85907],[-77.65046,6.85866],[-77.65108,6.85817],[-77.653,6.85802],[-77.65398,6.85747],[-77.65443,6.85687],[-77.65456,6.85585],[-77.65453,6.85485],[-77.65507,6.85382],[-77.65553,6.85385],[-77.65618,6.85491],[-77.65687,6.85529],[-77.65722,6.85438],[-77.65764,6.85485],[-77.6576,6.85587],[-77.65768,6.85677],[-77.6586,6.85771],[-77.65874,6.85832],[-77.65816,6.85904],[-77.65744,6.85946],[-77.65747,6.86035],[-77.65774,6.8606],[-77.65937,6.8607],[-77.65973,6.862],[-77.6597,6.86268],[-77.65988,6.8635],[-77.65962,6.86409],[-77.65984,6.86448],[-77.65979,6.86636],[-77.6603,6.86695],[-77.66118,6.86747],[-77.66183,6.86754],[-77.66187,6.86804],[-77.66135,6.86891],[-77.66149,6.86956],[-77.66272,6.8703],[-77.66351,6.87041],[-77.66402,6.87103],[-77.66405,6.87138],[-77.6637,6.8716],[-77.66275,6.87147],[-77.66244,6.87192],[-77.66261,6.87302],[-77.66322,6.87427],[-77.66375,6.87446],[-77.66494,6.87515],[-77.66683,6.87562],[-77.66949,6.87599],[-77.67332,6.87615],[-77.67372,6.8765],[-77.67422,6.8766],[-77.6748,6.87583],[-77.67585,6.87545],[-77.67658,6.87537],[-77.67765,6.87543],[-77.67809,6.87483],[-77.68007,6.87385],[-77.68212,6.87272],[-77.68327,6.87186],[-77.68458,6.87073],[-77.68483,6.87012],[-77.68472,6.8697],[-77.68408,6.86929],[-77.68372,6.86877],[-77.68377,6.86708],[-77.68425,6.86626],[-77.68403,6.8655],[-77.68438,6.86408],[-77.68422,6.86297],[-77.68359,6.86233],[-77.68375,6.862],[-77.68418,6.86198],[-77.68496,6.86109],[-77.68629,6.85928],[-77.68649,6.85872],[-77.68588,6.85817],[-77.68563,6.85757],[-77.68568,6.85702],[-77.68654,6.85661],[-77.68667,6.85605],[-77.68638,6.85565],[-77.68622,6.85491],[-77.68597,6.85452],[-77.68636,6.85432],[-77.68714,6.85433],[-77.68761,6.85415],[-77.68791,6.8536],[-77.68779,6.85276],[-77.68729,6.85216],[-77.68731,6.85164],[-77.68765,6.8513],[-77.68732,6.85055],[-77.68865,6.85035],[-77.68892,6.84926],[-77.68894,6.84852],[-77.6888,6.84774],[-77.68849,6.84728],[-77.68756,6.84697],[-77.6873,6.8465],[-77.68725,6.84588],[-77.68747,6.8457],[-77.68919,6.84645],[-77.68954,6.84638],[-77.69035,6.84533],[-77.69044,6.84473],[-77.69025,6.84434],[-77.68963,6.84438],[-77.68897,6.84397],[-77.68791,6.8425],[-77.68788,6.84207],[-77.6887,6.84093],[-77.68864,6.83975],[-77.68786,6.83908],[-77.68802,6.83845],[-77.68842,6.83808],[-77.68917,6.83789],[-77.68976,6.83737],[-77.68987,6.83683],[-77.68947,6.83617],[-77.6894,6.83548],[-77.6899,6.83521],[-77.69118,6.8357],[-77.69343,6.83567],[-77.69401,6.83546],[-77.69486,6.83549],[-77.69525,6.83589],[-77.69508,6.83648],[-77.6959,6.83816],[-77.69662,6.83857],[-77.69669,6.83934],[-77.69638,6.84037],[-77.69669,6.84166],[-77.69704,6.84209],[-77.69834,6.84307],[-77.69885,6.84325],[-77.69957,6.84321],[-77.70038,6.84287],[-77.70124,6.84227],[-77.70172,6.84209],[-77.70212,6.84241],[-77.70212,6.84296],[-77.70243,6.84325],[-77.70121,6.84391],[-77.70075,6.84442],[-77.70078,6.84481],[-77.70142,6.84492],[-77.70168,6.84538],[-77.70152,6.84746],[-77.70081,6.84875],[-77.70081,6.84921],[-77.70155,6.84999],[-77.70269,6.85011],[-77.70289,6.85061],[-77.70195,6.85046],[-77.70148,6.85218],[-77.7014,6.85287],[-77.70157,6.85368],[-77.70227,6.8547],[-77.70299,6.8549],[-77.70346,6.85424],[-77.70388,6.85446],[-77.70409,6.85492],[-77.70399,6.85548],[-77.70363,6.85585],[-77.70368,6.85657],[-77.70416,6.85706],[-77.705,6.85712],[-77.70515,6.85774],[-77.70488,6.85809],[-77.70378,6.8587],[-77.70353,6.85932],[-77.70384,6.86081],[-77.70379,6.86156],[-77.70331,6.86215],[-77.70305,6.86296],[-77.70309,6.86357],[-77.70336,6.8641],[-77.7034,6.8647],[-77.7031,6.86517],[-77.7031,6.86571],[-77.7051,6.86707],[-77.70537,6.86756],[-77.70526,6.86848],[-77.70535,6.86905],[-77.70569,6.86951],[-77.70612,6.87057],[-77.70617,6.87153],[-77.70639,6.87228],[-77.70651,6.87372],[-77.70694,6.87479],[-77.70743,6.87514],[-77.70867,6.87649],[-77.70949,6.877],[-77.70974,6.8775],[-77.7103,6.87808],[-77.7108,6.87825],[-77.7115,6.878],[-77.71165,6.8786],[-77.71103,6.87937],[-77.71089,6.88028],[-77.71098,6.88237],[-77.71123,6.883],[-77.71178,6.88383],[-77.71187,6.88448],[-77.7113,6.88594],[-77.7108,6.88631],[-77.71046,6.88685],[-77.70957,6.8872],[-77.70976,6.88836],[-77.70918,6.8887],[-77.70856,6.88934],[-77.70859,6.88989],[-77.70894,6.89068],[-77.70876,6.89093],[-77.7077,6.89133],[-77.70762,6.89159],[-77.70798,6.89281],[-77.70834,6.89321],[-77.70902,6.89317],[-77.70922,6.89366],[-77.70784,6.89425],[-77.70687,6.89491],[-77.70668,6.89691],[-77.7069,6.89748],[-77.70734,6.89766],[-77.70803,6.89752],[-77.70835,6.89789],[-77.70836,6.89834],[-77.70797,6.89897],[-77.70793,6.89963],[-77.70738,6.90088],[-77.70699,6.90129],[-77.70673,6.90201],[-77.70593,6.90256],[-77.70588,6.90319],[-77.70543,6.90355],[-77.70547,6.9042],[-77.70589,6.90443],[-77.70714,6.90451],[-77.70714,6.90498],[-77.70554,6.90677],[-77.7056,6.90741],[-77.706,6.90803],[-77.70543,6.90921],[-77.70505,6.9103],[-77.70531,6.91054],[-77.70485,6.91109],[-77.70423,6.91129],[-77.70399,6.91244],[-77.70363,6.91272],[-77.70305,6.91266],[-77.70281,6.91295],[-77.70159,6.91335],[-77.70073,6.9138],[-77.70025,6.91383],[-77.69959,6.91331],[-77.69956,6.91271],[-77.70021,6.9122],[-77.70003,6.91161],[-77.69978,6.9116],[-77.69845,6.91224],[-77.69666,6.91397],[-77.69569,6.91593],[-77.69496,6.91828],[-77.69495,6.92087],[-77.69533,6.92221],[-77.69589,6.92287],[-77.69633,6.92291],[-77.6967,6.92251],[-77.69755,6.92242],[-77.69806,6.92185],[-77.69838,6.92197],[-77.69828,6.92276],[-77.69679,6.92335],[-77.69677,6.92405],[-77.69726,6.92469],[-77.69723,6.92492],[-77.69657,6.92498],[-77.69629,6.92522],[-77.69552,6.92633],[-77.69537,6.92685],[-77.69563,6.9273],[-77.69654,6.92748],[-77.69668,6.92819],[-77.6974,6.92856],[-77.69738,6.9293],[-77.69834,6.93081],[-77.69821,6.93147],[-77.69823,6.93294],[-77.69775,6.93374],[-77.69543,6.93483],[-77.69549,6.93544],[-77.69634,6.93599],[-77.69648,6.93651],[-77.69582,6.93718],[-77.69588,6.93805],[-77.69632,6.93834],[-77.69733,6.93841],[-77.69836,6.93878],[-77.69859,6.93911],[-77.69844,6.93945],[-77.69783,6.93959],[-77.69634,6.93925],[-77.69592,6.93933],[-77.69426,6.94033],[-77.69384,6.94022],[-77.69349,6.93946],[-77.69291,6.93938],[-77.69165,6.93978],[-77.69026,6.94078],[-77.68931,6.94105],[-77.68892,6.94139],[-77.6864,6.9441],[-77.68548,6.94609],[-77.68503,6.94635],[-77.68437,6.94615],[-77.68361,6.94612],[-77.6826,6.94591],[-77.68166,6.94664],[-77.68103,6.94653],[-77.68099,6.94796],[-77.68009,6.94957],[-77.6796,6.95086],[-77.67942,6.95249],[-77.67914,6.95371],[-77.67866,6.95471],[-77.6777,6.95523],[-77.67596,6.95557],[-77.67508,6.95594],[-77.67437,6.95662],[-77.67399,6.95671],[-77.67355,6.95537],[-77.67364,6.95476],[-77.67435,6.95365],[-77.67497,6.95297],[-77.67491,6.95231],[-77.67457,6.95183],[-77.67441,6.95118],[-77.67389,6.95043],[-77.67387,6.94962],[-77.67344,6.94937],[-77.6715,6.94896],[-77.66937,6.94839],[-77.66828,6.9492],[-77.66594,6.95043],[-77.66404,6.95161],[-77.66256,6.95206],[-77.66223,6.95242],[-77.66255,6.95311],[-77.66131,6.95447],[-77.66089,6.95513],[-77.66048,6.95613],[-77.65933,6.95769],[-77.6582,6.96004],[-77.65778,6.96105],[-77.65694,6.96278],[-77.656,6.96419],[-77.65545,6.96488],[-77.65393,6.96701],[-77.65456,6.96732],[-77.65518,6.96725],[-77.6556,6.96682],[-77.65577,6.96754],[-77.65589,6.96967],[-77.65583,6.97054],[-77.6559,6.97297],[-77.65605,6.97551],[-77.65631,6.9779],[-77.65663,6.98034],[-77.65704,6.98238],[-77.65924,6.99069],[-77.65978,6.99329],[-77.65973,6.99376],[-77.6586,6.99428],[-77.65869,6.99486],[-77.65981,6.99497],[-77.66063,6.99599],[-77.66241,6.99977],[-77.66389,7.00237],[-77.66534,7.00471],[-77.66721,7.00744],[-77.66931,7.0107],[-77.67022,7.01232],[-77.67203,7.01509],[-77.67315,7.01664],[-77.6735,7.01746],[-77.67351,7.01804],[-77.67281,7.01799],[-77.67227,7.01814],[-77.67187,7.01851],[-77.67189,7.01881],[-77.67257,7.01864],[-77.67344,7.01895],[-77.67492,7.01918],[-77.6762,7.01988],[-77.67833,7.02192],[-77.67884,7.02265],[-77.67957,7.02404],[-77.67989,7.02515],[-77.67976,7.02756],[-77.67907,7.02969],[-77.67865,7.03009],[-77.67866,7.0308],[-77.679,7.031],[-77.67972,7.03266],[-77.68032,7.03339],[-77.68121,7.03394],[-77.68306,7.03422],[-77.68473,7.03362],[-77.68594,7.03357],[-77.68664,7.03366],[-77.688,7.03407],[-77.68922,7.03468],[-77.69033,7.03552],[-77.69275,7.03784],[-77.69479,7.04],[-77.69627,7.04148],[-77.69908,7.04455],[-77.70036,7.04589],[-77.70125,7.04692],[-77.70183,7.04747],[-77.70541,7.05133],[-77.7068,7.05272],[-77.71006,7.05607],[-77.71224,7.05814],[-77.71354,7.05954],[-77.7159,7.06169],[-77.71751,7.06321],[-77.71851,7.06404],[-77.72016,7.06562],[-77.72249,7.06744],[-77.72302,7.06796],[-77.72489,7.06954],[-77.72632,7.07062],[-77.73003,7.07361],[-77.73286,7.07579],[-77.73424,7.07691],[-77.7366,7.07867],[-77.74083,7.08198],[-77.74272,7.0837],[-77.74323,7.08432],[-77.74335,7.08493],[-77.74321,7.0861],[-77.74367,7.08763],[-77.74362,7.08859],[-77.74489,7.08921],[-77.74646,7.0907],[-77.74716,7.09117],[-77.74789,7.09112],[-77.74918,7.0907],[-77.75005,7.0908],[-77.7521,7.09199],[-77.75325,7.09301],[-77.75633,7.096],[-77.75917,7.09846],[-77.76393,7.10318],[-77.76464,7.10392],[-77.76709,7.10674],[-77.76811,7.10769],[-77.76941,7.10921],[-77.77113,7.1115],[-77.77214,7.11249],[-77.77314,7.11281],[-77.77338,7.11323],[-77.7732,7.11381],[-77.77348,7.11411],[-77.77404,7.11405],[-77.77432,7.1147],[-77.77375,7.115],[-77.77398,7.11532],[-77.77468,7.11529],[-77.77521,7.11569],[-77.7751,7.11618],[-77.77429,7.11723],[-77.77451,7.11789],[-77.77509,7.11899],[-77.77526,7.11956],[-77.77537,7.12072],[-77.77628,7.12157],[-77.77691,7.12233],[-77.7772,7.123],[-77.77815,7.12435],[-77.7784,7.12527],[-77.77901,7.12613],[-77.77917,7.12673],[-77.77964,7.12679],[-77.77993,7.12642],[-77.78017,7.12659],[-77.77993,7.12706],[-77.78024,7.12757],[-77.78105,7.12749],[-77.78131,7.12773],[-77.78242,7.12806],[-77.78236,7.1284],[-77.78172,7.12879],[-77.78119,7.12878],[-77.78077,7.12925],[-77.78166,7.12981],[-77.78166,7.13073],[-77.78145,7.13115],[-77.77986,7.13218],[-77.77929,7.13267],[-77.77887,7.1328],[-77.77881,7.13328],[-77.77926,7.13323],[-77.78071,7.13215],[-77.78113,7.13203],[-77.782,7.13228],[-77.78242,7.13262],[-77.78386,7.13441],[-77.7851,7.1361],[-77.78568,7.1363],[-77.78624,7.13597],[-77.78701,7.13599],[-77.7872,7.13648],[-77.78652,7.13685],[-77.78665,7.13716],[-77.78734,7.13722],[-77.78732,7.13763],[-77.78607,7.13813],[-77.78605,7.13848],[-77.78654,7.13882],[-77.78729,7.13885],[-77.78814,7.13959],[-77.78832,7.14012],[-77.78884,7.14043],[-77.78923,7.14018],[-77.78956,7.14033],[-77.78988,7.13997],[-77.79052,7.1404],[-77.79034,7.14107],[-77.78964,7.14168],[-77.79037,7.14191],[-77.7905,7.14232],[-77.79114,7.14227],[-77.79109,7.14327],[-77.79134,7.14352],[-77.79376,7.1444],[-77.79408,7.14476],[-77.79423,7.14534],[-77.79453,7.14562],[-77.79534,7.1468],[-77.79538,7.14735],[-77.79498,7.14812],[-77.79527,7.14855],[-77.79648,7.14929],[-77.79764,7.14929],[-77.80004,7.15036],[-77.80171,7.15101],[-77.80177,7.15083],[-77.80045,7.15012],[-77.79981,7.1495],[-77.79905,7.14932],[-77.79733,7.14863],[-77.79655,7.14845],[-77.79582,7.14795],[-77.79581,7.14746],[-77.79653,7.14751],[-77.79862,7.14853],[-77.80029,7.14947],[-77.80276,7.1503],[-77.8038,7.1505],[-77.80521,7.15064],[-77.80646,7.15061],[-77.80751,7.15036],[-77.80806,7.14964],[-77.80827,7.1486],[-77.8083,7.14762],[-77.80799,7.14673],[-77.80792,7.14586],[-77.80841,7.14504],[-77.80854,7.14633],[-77.80885,7.14648],[-77.80954,7.14605],[-77.80969,7.14633],[-77.80934,7.14703],[-77.80957,7.14789],[-77.80995,7.14785],[-77.80977,7.14862],[-77.81021,7.14934],[-77.8108,7.14939],[-77.81118,7.14909],[-77.81151,7.14832],[-77.81163,7.14701],[-77.81187,7.14667],[-77.8125,7.14653],[-77.81264,7.1461],[-77.81231,7.14563],[-77.81237,7.14459],[-77.81292,7.1438],[-77.8141,7.14375],[-77.81459,7.14442],[-77.81466,7.14516],[-77.8153,7.1462],[-77.81523,7.14715],[-77.81484,7.14738],[-77.81404,7.14753],[-77.81376,7.14788],[-77.81396,7.14861],[-77.81503,7.14855],[-77.81512,7.14882],[-77.81567,7.14891],[-77.81611,7.14869],[-77.8162,7.14912],[-77.81591,7.14962],[-77.81626,7.14991],[-77.81698,7.14917],[-77.81764,7.14912],[-77.81794,7.14956],[-77.81846,7.14869],[-77.81889,7.14865],[-77.81884,7.14953],[-77.81975,7.14987],[-77.82,7.15017],[-77.81989,7.15064],[-77.81927,7.15099],[-77.81938,7.15139],[-77.81988,7.15121],[-77.82,7.15182],[-77.82051,7.15191],[-77.82096,7.15233],[-77.82126,7.15222],[-77.82149,7.15151],[-77.82134,7.1501],[-77.82134,7.14805],[-77.8217,7.14776],[-77.82201,7.1482],[-77.82199,7.14874],[-77.82276,7.14883],[-77.82309,7.14939],[-77.82346,7.15059],[-77.82542,7.1525],[-77.82597,7.15345],[-77.82589,7.15411],[-77.8271,7.15411],[-77.82714,7.15434],[-77.82625,7.15495],[-77.82584,7.15472],[-77.82534,7.15515],[-77.82534,7.15562],[-77.82572,7.15622],[-77.82678,7.15686],[-77.82754,7.15618],[-77.82744,7.1559],[-77.82788,7.15565],[-77.82819,7.15469],[-77.82882,7.1546],[-77.82899,7.15517],[-77.82857,7.15639],[-77.82824,7.15684],[-77.82895,7.15702],[-77.82933,7.1574],[-77.82908,7.15804],[-77.82851,7.15834],[-77.82887,7.15899],[-77.82977,7.15898],[-77.83072,7.15871],[-77.83123,7.15897],[-77.83161,7.15968],[-77.83121,7.1604],[-77.83074,7.16052],[-77.83014,7.16035],[-77.83026,7.16094],[-77.83003,7.16121],[-77.82927,7.16062],[-77.8291,7.1608],[-77.82967,7.16154],[-77.82908,7.16135],[-77.82894,7.16169],[-77.82963,7.16193],[-77.82985,7.16232],[-77.82923,7.16298],[-77.82937,7.16333],[-77.83014,7.16321],[-77.83033,7.16348],[-77.82987,7.16386],[-77.83003,7.1642],[-77.83059,7.16404],[-77.8305,7.16469],[-77.8312,7.16446],[-77.83163,7.16476],[-77.83263,7.16489],[-77.8332,7.16512],[-77.83419,7.16595],[-77.83439,7.16552],[-77.83493,7.16538],[-77.835,7.16456],[-77.83515,7.16456],[-77.83537,7.16584],[-77.83617,7.16616],[-77.83651,7.16718],[-77.83629,7.16823],[-77.83659,7.1691],[-77.8361,7.16923],[-77.83616,7.17008],[-77.83482,7.17012],[-77.83467,7.17097],[-77.8343,7.17139],[-77.8344,7.1717],[-77.83514,7.17194],[-77.83545,7.17234],[-77.83577,7.17322],[-77.83581,7.17395],[-77.83602,7.17462],[-77.83633,7.17499],[-77.83732,7.17496],[-77.83676,7.17569],[-77.83724,7.17648],[-77.83718,7.17694],[-77.83624,7.17735],[-77.83569,7.17806],[-77.83565,7.17835],[-77.83638,7.17898],[-77.83725,7.1795],[-77.83782,7.17945],[-77.83872,7.17841],[-77.83965,7.1791],[-77.8409,7.17826],[-77.84118,7.17848],[-77.84028,7.17946],[-77.8405,7.18258],[-77.84172,7.18381],[-77.84287,7.18472],[-77.8435,7.18509],[-77.84417,7.18575],[-77.84485,7.18532],[-77.84607,7.18538],[-77.84632,7.18517],[-77.84687,7.18539],[-77.8474,7.18525],[-77.84744,7.18474],[-77.84846,7.18451],[-77.84861,7.18533],[-77.84882,7.18559],[-77.84935,7.18548],[-77.84974,7.18434],[-77.85004,7.18393],[-77.85086,7.18335],[-77.8517,7.18347],[-77.85192,7.18312],[-77.85201,7.18224],[-77.85279,7.18223],[-77.85313,7.18161],[-77.85308,7.18078],[-77.85335,7.18056],[-77.85498,7.18059],[-77.85499,7.18119],[-77.85573,7.18146],[-77.85613,7.18191],[-77.85513,7.18266],[-77.85436,7.18287],[-77.85424,7.18248],[-77.85366,7.18266],[-77.8536,7.18321],[-77.85299,7.18315],[-77.85298,7.18411],[-77.85237,7.18439],[-77.85241,7.18489],[-77.85343,7.18509],[-77.85345,7.18527],[-77.85231,7.18612],[-77.85227,7.18642],[-77.85321,7.18614],[-77.85329,7.18632],[-77.85283,7.18682],[-77.85227,7.18699],[-77.85183,7.18676],[-77.85146,7.18689],[-77.85148,7.18747],[-77.85175,7.18792],[-77.8522,7.18812],[-77.85371,7.1878],[-77.85376,7.18828],[-77.85436,7.18816],[-77.85431,7.18882],[-77.85468,7.18877],[-77.85448,7.18917],[-77.85372,7.18913],[-77.85367,7.18986],[-77.8534,7.19007],[-77.85339,7.19066],[-77.853,7.19082],[-77.85306,7.19142],[-77.85269,7.19164],[-77.85276,7.19239],[-77.85334,7.1931],[-77.85456,7.19421],[-77.85495,7.19444],[-77.85578,7.19427],[-77.85559,7.19486],[-77.85626,7.195],[-77.85854,7.19453],[-77.8596,7.19463],[-77.86003,7.1942],[-77.86001,7.19348],[-77.86031,7.19308],[-77.8611,7.19272],[-77.86187,7.19279],[-77.86294,7.1931],[-77.86339,7.19223],[-77.86367,7.19254],[-77.86373,7.19328],[-77.8646,7.19372],[-77.86465,7.19402],[-77.86404,7.19393],[-77.86371,7.19501],[-77.86459,7.19521],[-77.86526,7.19551],[-77.86642,7.19528],[-77.86659,7.19557],[-77.86565,7.19618],[-77.86576,7.19691],[-77.86541,7.19741],[-77.86453,7.19763],[-77.86444,7.19816],[-77.86477,7.19873],[-77.86536,7.19909],[-77.86629,7.19907],[-77.86695,7.19932],[-77.86707,7.19984],[-77.8665,7.20036],[-77.86535,7.20058],[-77.86426,7.20147],[-77.86418,7.20207],[-77.86468,7.20236],[-77.86534,7.20228],[-77.86504,7.20315],[-77.86697,7.20459],[-77.86702,7.20493],[-77.86637,7.20542],[-77.86643,7.20585],[-77.86698,7.20615],[-77.86754,7.20672],[-77.86793,7.20681],[-77.86871,7.20654],[-77.8693,7.20659],[-77.86989,7.20692],[-77.87119,7.20672],[-77.87162,7.20716],[-77.87247,7.20693],[-77.87294,7.20651],[-77.87322,7.20705],[-77.87376,7.20702],[-77.87392,7.20674],[-77.87419,7.20704],[-77.87405,7.20761],[-77.87423,7.20791],[-77.87413,7.20891],[-77.8752,7.20915],[-77.87548,7.20961],[-77.87509,7.20987],[-77.87438,7.21065],[-77.87416,7.21178],[-77.87331,7.21241],[-77.87346,7.21273],[-77.87399,7.21264],[-77.8741,7.21313],[-77.87477,7.21378],[-77.87552,7.21371],[-77.87602,7.21335],[-77.8763,7.21284],[-77.87612,7.21213],[-77.87665,7.21191],[-77.878,7.21208],[-77.87883,7.21207],[-77.87901,7.21168],[-77.87889,7.21116],[-77.87926,7.21106],[-77.88046,7.21128],[-77.87993,7.21165],[-77.87987,7.21219],[-77.88115,7.21389],[-77.88143,7.21534],[-77.88182,7.21575],[-77.88267,7.21622],[-77.8836,7.21651],[-77.8837,7.21716],[-77.88312,7.21729],[-77.88254,7.21769],[-77.88253,7.2181],[-77.88311,7.21837],[-77.88303,7.21868],[-77.85124,7.34599],[-77.81946,7.47331],[-77.8193,7.47311],[-77.81925,7.47183],[-77.81947,7.47065],[-77.81975,7.47011],[-77.81971,7.46939],[-77.81944,7.46881],[-77.81961,7.46857],[-77.81934,7.46718],[-77.81952,7.46701],[-77.81931,7.46627],[-77.81957,7.46537],[-77.81956,7.46478],[-77.8193,7.46479],[-77.81902,7.4641],[-77.81862,7.46366],[-77.81846,7.46269],[-77.81775,7.46224],[-77.81775,7.46144],[-77.81715,7.46086],[-77.817,7.46029],[-77.81706,7.45963],[-77.81686,7.45883],[-77.81724,7.45841],[-77.81749,7.4585],[-77.81805,7.45789],[-77.81771,7.45744],[-77.81709,7.45724],[-77.81625,7.45629],[-77.81542,7.4562],[-77.81465,7.45634],[-77.8146,7.45568],[-77.8141,7.4552],[-77.81371,7.45522],[-77.81251,7.45494],[-77.81218,7.45423],[-77.81181,7.45418],[-77.8115,7.45371],[-77.81026,7.45329],[-77.80828,7.45296],[-77.80797,7.45318],[-77.80755,7.45305],[-77.80723,7.45332],[-77.80648,7.45348],[-77.80635,7.45401],[-77.80632,7.45535],[-77.80597,7.45542],[-77.80596,7.45586],[-77.80636,7.4562],[-77.80618,7.45667],[-77.80622,7.45727],[-77.80583,7.45749],[-77.80534,7.45856],[-77.80537,7.45969],[-77.80488,7.4606],[-77.80483,7.4613],[-77.80431,7.4619],[-77.80434,7.46245],[-77.80268,7.46404],[-77.80217,7.46522],[-77.80138,7.46673],[-77.80071,7.46661],[-77.80027,7.46594],[-77.79981,7.46567],[-77.79947,7.46511],[-77.79879,7.46463],[-77.79763,7.46341],[-77.79754,7.46312],[-77.79687,7.46251],[-77.79596,7.46238],[-77.79555,7.46189],[-77.79545,7.46145],[-77.79467,7.46132],[-77.79379,7.46135],[-77.79279,7.46107],[-77.79224,7.46108],[-77.79168,7.46157],[-77.7907,7.46176],[-77.79062,7.46194],[-77.78907,7.46244],[-77.78842,7.46281],[-77.78758,7.4635],[-77.78753,7.46387],[-77.78664,7.46402],[-77.78636,7.46393],[-77.78575,7.46432],[-77.78516,7.46418],[-77.78455,7.46367],[-77.78444,7.46313],[-77.78468,7.46272],[-77.78327,7.46235],[-77.78267,7.46253],[-77.78225,7.46195],[-77.78156,7.46206],[-77.78123,7.46231],[-77.78041,7.46196],[-77.77938,7.46191],[-77.77879,7.46164],[-77.77875,7.46137],[-77.77812,7.46119],[-77.7779,7.46154],[-77.77743,7.46135],[-77.77719,7.46051],[-77.77691,7.46036],[-77.77593,7.46045],[-77.77594,7.46088],[-77.77529,7.46132],[-77.77477,7.46146],[-77.77422,7.46114],[-77.77435,7.46089],[-77.77402,7.46019],[-77.77408,7.45951],[-77.7734,7.45947],[-77.77283,7.45918],[-77.77242,7.45932],[-77.7721,7.46023],[-77.7716,7.46059],[-77.7709,7.46157],[-77.77044,7.46147],[-77.76955,7.46172],[-77.76957,7.46205],[-77.7687,7.46212],[-77.76791,7.46194],[-77.76773,7.46166],[-77.76686,7.46193],[-77.7662,7.46163],[-77.76615,7.46081],[-77.76535,7.46062],[-77.76462,7.46103],[-77.76423,7.46101],[-77.76408,7.46135],[-77.76374,7.46117],[-77.7631,7.46135],[-77.76226,7.46131],[-77.76217,7.46095],[-77.76066,7.4602],[-77.75961,7.46106],[-77.75861,7.46097],[-77.7575,7.46155],[-77.75616,7.46323],[-77.75491,7.46411],[-77.75445,7.46501],[-77.75326,7.46636],[-77.7526,7.46693],[-77.75152,7.46723],[-77.74989,7.46825],[-77.74902,7.46805],[-77.74879,7.4678],[-77.74833,7.46797],[-77.74765,7.46681],[-77.74715,7.46671],[-77.74695,7.46641],[-77.74628,7.46638],[-77.74549,7.46693],[-77.74492,7.46608],[-77.7446,7.46509],[-77.74367,7.46559],[-77.74314,7.46533],[-77.74279,7.46544],[-77.74272,7.46583],[-77.74222,7.46606],[-77.74115,7.46863],[-77.74118,7.4691],[-77.74058,7.46948],[-77.74068,7.46977],[-77.74012,7.47047],[-77.7398,7.4715],[-77.73909,7.47178],[-77.73734,7.47167],[-77.73695,7.4721],[-77.73648,7.47191],[-77.73561,7.47203],[-77.73532,7.47305],[-77.73502,7.47304],[-77.73465,7.47365],[-77.73392,7.47392],[-77.73261,7.47392],[-77.73182,7.47363],[-77.73166,7.47461],[-77.73112,7.4748],[-77.73044,7.47546],[-77.73039,7.47595],[-77.72998,7.47611],[-77.72941,7.47664],[-77.72936,7.47789],[-77.72899,7.47776],[-77.72831,7.47876],[-77.72789,7.47969],[-77.72801,7.48034],[-77.72738,7.48064],[-77.72697,7.48129],[-77.72642,7.48124],[-77.72633,7.48189],[-77.72543,7.48184],[-77.72493,7.48238],[-77.72454,7.4825],[-77.72428,7.48344],[-77.7243,7.48406],[-77.72359,7.48474],[-77.72274,7.4847],[-77.72257,7.48537],[-77.72226,7.48573],[-77.72245,7.48599],[-77.72223,7.48648],[-77.7218,7.48678],[-77.72161,7.48772],[-77.72053,7.4879],[-77.71972,7.48839],[-77.71913,7.48954],[-77.71907,7.49048],[-77.71771,7.49071],[-77.71778,7.49141],[-77.71747,7.4915],[-77.71707,7.49219],[-77.7162,7.4923],[-77.71628,7.49275],[-77.71602,7.49333],[-77.71557,7.49366],[-77.71502,7.49465],[-77.71461,7.49469],[-77.71425,7.49515],[-77.71421,7.49556],[-77.71303,7.49653],[-77.71265,7.49709],[-77.71291,7.49756],[-77.71214,7.49863],[-77.71129,7.49868],[-77.71121,7.49898],[-77.71054,7.50041],[-77.70967,7.50109],[-77.70876,7.50102],[-77.70798,7.50136],[-77.70799,7.50183],[-77.70764,7.50247],[-77.70705,7.50243],[-77.70618,7.50286],[-77.70581,7.50346],[-77.70547,7.50352],[-77.70527,7.50428],[-77.70476,7.50445],[-77.70472,7.50505],[-77.70432,7.50587],[-77.7036,7.50529],[-77.70285,7.50524],[-77.70194,7.50605],[-77.70144,7.50589],[-77.70115,7.50631],[-77.7008,7.50612],[-77.7007,7.50681],[-77.70119,7.50739],[-77.70109,7.50825],[-77.70147,7.50814],[-77.70194,7.50857],[-77.70209,7.50927],[-77.70209,7.51069],[-77.70196,7.51107],[-77.70299,7.51228],[-77.70261,7.51291],[-77.70286,7.51308],[-77.70281,7.51391],[-77.70305,7.51467],[-77.70377,7.5161],[-77.70355,7.5168],[-77.70311,7.51728],[-77.70262,7.51734],[-77.70267,7.51827],[-77.70374,7.52077],[-77.70445,7.52087],[-77.70552,7.52171],[-77.70561,7.52217],[-77.70595,7.52205],[-77.70686,7.52253],[-77.70741,7.52334],[-77.70752,7.52411],[-77.7094,7.52721],[-77.71018,7.52766],[-77.70986,7.52916],[-77.71006,7.53015],[-77.71049,7.5303],[-77.71055,7.53066],[-77.71099,7.53092],[-77.71114,7.53194],[-77.71136,7.53246],[-77.711,7.53329],[-77.71124,7.53397],[-77.71109,7.53477],[-77.71238,7.53552],[-77.71314,7.53576],[-77.71413,7.53692],[-77.71522,7.53759],[-77.71526,7.53841],[-77.71514,7.53905],[-77.71545,7.53976],[-77.71551,7.54068],[-77.71579,7.54118],[-77.71607,7.54106],[-77.71718,7.5418],[-77.71731,7.54264],[-77.71758,7.54297],[-77.71754,7.54368],[-77.71812,7.54451],[-77.71813,7.5453],[-77.7178,7.54562],[-77.71815,7.54629],[-77.71812,7.54721],[-77.71837,7.54818],[-77.71884,7.54819],[-77.71893,7.54875],[-77.72004,7.54894],[-77.7202,7.5504],[-77.72062,7.55096],[-77.72064,7.55193],[-77.72116,7.55221],[-77.72179,7.55328],[-77.72189,7.5542],[-77.72233,7.55455],[-77.72248,7.55544],[-77.72316,7.55599],[-77.72355,7.55737],[-77.72345,7.55849],[-77.72365,7.55917],[-77.72444,7.56036],[-77.72477,7.56144],[-77.72515,7.56143],[-77.72517,7.56267],[-77.72534,7.56289],[-77.72545,7.56417],[-77.72616,7.56479],[-77.72681,7.56512],[-77.72723,7.5656],[-77.72825,7.56586],[-77.72852,7.56576],[-77.72932,7.56627],[-77.72994,7.56633],[-77.73044,7.56691],[-77.73088,7.567],[-77.73168,7.56759],[-77.73198,7.56815],[-77.73203,7.56878],[-77.73241,7.56959],[-77.73294,7.57013],[-77.73303,7.57063],[-77.73266,7.57098],[-77.73274,7.57209],[-77.73314,7.57254],[-77.73349,7.57339],[-77.73353,7.57463],[-77.7332,7.57561],[-77.73369,7.57671],[-77.73463,7.57763],[-77.73499,7.57834],[-77.73502,7.57883],[-77.73556,7.57901],[-77.73632,7.58008],[-77.73629,7.58076],[-77.7365,7.58142],[-77.73646,7.58208],[-77.7367,7.58277],[-77.73663,7.58385],[-77.73638,7.58415],[-77.73673,7.58458],[-77.73667,7.58502],[-77.73733,7.58569],[-77.73774,7.58699],[-77.7375,7.58904],[-77.73696,7.59016],[-77.73691,7.59059],[-77.7358,7.59179],[-77.73625,7.59195],[-77.7371,7.59295],[-77.73746,7.59375],[-77.73754,7.5948],[-77.73734,7.59563],[-77.73763,7.59691],[-77.73732,7.5985],[-77.73698,7.59892],[-77.7369,7.60042],[-77.7367,7.6009],[-77.73622,7.60142],[-77.73618,7.60183],[-77.73661,7.60239],[-77.73729,7.60267],[-77.73844,7.6029],[-77.73879,7.60343],[-77.73929,7.60347],[-77.73976,7.60421],[-77.74062,7.60445],[-77.7415,7.60519],[-77.74388,7.60539],[-77.74508,7.60514],[-77.74582,7.60547],[-77.74674,7.60543],[-77.74672,7.6061],[-77.7465,7.60689],[-77.74686,7.60759],[-77.74676,7.60799],[-77.74703,7.60961],[-77.74673,7.61001],[-77.74666,7.61158],[-77.7464,7.61188],[-77.74641,7.61242],[-77.74771,7.61254],[-77.74846,7.61348],[-77.74855,7.61503],[-77.74799,7.61585],[-77.74805,7.61689],[-77.74746,7.61734],[-77.74742,7.6192],[-77.74681,7.62027],[-77.74647,7.62032],[-77.74582,7.62194],[-77.74556,7.622],[-77.74532,7.62366],[-77.74548,7.62421],[-77.74535,7.62458],[-77.74468,7.62537],[-77.74381,7.62607],[-77.74339,7.62617],[-77.7429,7.62666],[-77.74226,7.62679],[-77.74171,7.62765],[-77.74145,7.62782],[-77.74133,7.62922],[-77.74111,7.62971],[-77.74137,7.62985],[-77.74141,7.63042],[-77.74235,7.6311],[-77.74219,7.63236],[-77.74264,7.63276],[-77.74268,7.63358],[-77.74294,7.6339],[-77.7426,7.63442],[-77.74251,7.63495],[-77.74278,7.63706],[-77.74251,7.63728],[-77.74245,7.63784],[-77.74161,7.63892],[-77.7414,7.63948],[-77.7417,7.64154],[-77.74233,7.64207],[-77.74249,7.643],[-77.74294,7.64303],[-77.74301,7.64343],[-77.7435,7.64414],[-77.7452,7.64538],[-77.74579,7.64696],[-77.74653,7.64693],[-77.74705,7.64752],[-77.74672,7.64856],[-77.74701,7.64971],[-77.74707,7.65073],[-77.74647,7.65116],[-77.7462,7.65195],[-77.74591,7.65221],[-77.74564,7.65295],[-77.74529,7.65306],[-77.74514,7.65353],[-77.74534,7.65454],[-77.74512,7.65483],[-77.74505,7.65584],[-77.74474,7.6559],[-77.7449,7.65644],[-77.74495,7.65749],[-77.74374,7.65777],[-77.74324,7.65777],[-77.74311,7.65887],[-77.74362,7.65919],[-77.74368,7.66099],[-77.74352,7.66164],[-77.74408,7.66195],[-77.74483,7.66193],[-77.74475,7.66267],[-77.745,7.66296],[-77.74519,7.66382],[-77.74575,7.66432],[-77.74522,7.66431],[-77.74464,7.66504],[-77.74459,7.66581],[-77.74491,7.66626],[-77.74473,7.66734],[-77.74396,7.66824],[-77.74379,7.66891],[-77.7422,7.67056],[-77.74234,7.67105],[-77.7422,7.67148],[-77.74255,7.67156],[-77.74281,7.67203],[-77.74311,7.67376],[-77.74336,7.67419],[-77.7431,7.67466],[-77.74237,7.6749],[-77.74211,7.67521],[-77.74189,7.67607],[-77.74162,7.6764],[-77.74178,7.6771],[-77.74234,7.67743],[-77.74284,7.67859],[-77.74276,7.6791],[-77.7416,7.67921],[-77.74104,7.6801],[-77.74058,7.67996],[-77.73954,7.68028],[-77.73949,7.68069],[-77.73895,7.6811],[-77.73787,7.68142],[-77.7377,7.682],[-77.73782,7.68244],[-77.73732,7.68304],[-77.73728,7.68367],[-77.73696,7.68395],[-77.73698,7.68484],[-77.73647,7.68537],[-77.73595,7.68557],[-77.73519,7.68559],[-77.73417,7.68536],[-77.73116,7.68527],[-77.73084,7.68554],[-77.72962,7.68558],[-77.72885,7.68572],[-77.7277,7.68683],[-77.72781,7.68745],[-77.72817,7.68791],[-77.72817,7.69051],[-77.72879,7.69081],[-77.72926,7.69175],[-77.72931,7.69266],[-77.72846,7.69394],[-77.72898,7.69463],[-77.72916,7.69536],[-77.72784,7.69591],[-77.72751,7.69562],[-77.72647,7.69567],[-77.72628,7.69587],[-77.7246,7.6959],[-77.72344,7.69577],[-77.72198,7.69595],[-77.72128,7.6964],[-77.72021,7.696],[-77.71968,7.69557],[-77.71935,7.69487],[-77.71798,7.69415],[-77.71684,7.69455],[-77.71606,7.6944],[-77.71499,7.69478],[-77.71441,7.69474],[-77.71389,7.69428],[-77.71338,7.6943],[-77.7126,7.69389],[-77.7119,7.69316],[-77.71162,7.69326],[-77.71059,7.69244],[-77.70935,7.69227],[-77.70928,7.69257],[-77.70859,7.69252],[-77.70792,7.69302],[-77.70745,7.69285],[-77.70693,7.6933],[-77.70587,7.69368],[-77.70562,7.6934],[-77.70439,7.69345],[-77.70417,7.69322],[-77.70223,7.69346],[-77.70203,7.6933],[-77.70118,7.69327],[-77.70052,7.69295],[-77.70013,7.69309],[-77.69941,7.69286],[-77.69884,7.69306],[-77.69862,7.69291],[-77.69787,7.69314],[-77.69743,7.69298],[-77.69724,7.69218],[-77.69733,7.69156],[-77.696,7.69088],[-77.69561,7.69036],[-77.69501,7.69034],[-77.69511,7.68981],[-77.69371,7.68961],[-77.69339,7.68911],[-77.69342,7.68854],[-77.69305,7.68711],[-77.69274,7.68701],[-77.69287,7.68652],[-77.69224,7.68656],[-77.69232,7.68607],[-77.692,7.68571],[-77.69213,7.68533],[-77.69139,7.68471],[-77.69116,7.68509],[-77.69055,7.68543],[-77.69006,7.6854],[-77.69013,7.6858],[-77.68933,7.686],[-77.68884,7.68655],[-77.68711,7.68662],[-77.68633,7.6865],[-77.68612,7.68624],[-77.68587,7.68516],[-77.68625,7.68437],[-77.68634,7.68325],[-77.68624,7.68265],[-77.68643,7.68227],[-77.6861,7.68166],[-77.68475,7.68145],[-77.68417,7.68077],[-77.68376,7.68162],[-77.68289,7.68191],[-77.68263,7.68161],[-77.68212,7.68208],[-77.68214,7.68248],[-77.68173,7.68236],[-77.68099,7.68313],[-77.68036,7.68308],[-77.68021,7.68196],[-77.67995,7.68154],[-77.67946,7.68195],[-77.6792,7.68166],[-77.67913,7.68046],[-77.67891,7.68017],[-77.67902,7.6797],[-77.67827,7.67951],[-77.67802,7.67906],[-77.67772,7.67901],[-77.67698,7.67841],[-77.67614,7.67834],[-77.67532,7.67807],[-77.67523,7.6773],[-77.67488,7.67648],[-77.67489,7.67592],[-77.67455,7.67554],[-77.67463,7.67497],[-77.67444,7.67462],[-77.67463,7.67406],[-77.67454,7.67363],[-77.674,7.67319],[-77.67394,7.67278],[-77.67344,7.67221],[-77.67286,7.67014],[-77.67254,7.66985],[-77.67231,7.6688],[-77.67123,7.66795],[-77.66993,7.66796],[-77.66981,7.66756],[-77.66939,7.66748],[-77.6692,7.66714],[-77.66727,7.66649],[-77.6664,7.66599],[-77.66556,7.66529],[-77.66546,7.66483],[-77.66401,7.6637],[-77.66286,7.66412],[-77.66212,7.66412],[-77.66176,7.66381],[-77.66057,7.66349],[-77.65987,7.66343],[-77.65981,7.66308],[-77.65923,7.66246],[-77.65767,7.66155],[-77.65722,7.6615],[-77.65581,7.66105],[-77.65546,7.65997],[-77.65469,7.65885],[-77.65405,7.65835],[-77.65371,7.65755],[-77.65372,7.65721],[-77.65325,7.65739],[-77.65242,7.65659],[-77.65236,7.65604],[-77.65195,7.65559],[-77.65179,7.65493],[-77.65016,7.65435],[-77.6496,7.65401],[-77.64803,7.65342],[-77.64712,7.65299],[-77.64676,7.65268],[-77.6465,7.65181],[-77.64581,7.65175],[-77.64556,7.65094],[-77.64503,7.65007],[-77.64415,7.64936],[-77.64388,7.64882],[-77.64399,7.6478],[-77.64557,7.6468],[-77.64579,7.64599],[-77.64555,7.64564],[-77.64577,7.64506],[-77.64551,7.64425],[-77.64578,7.64371],[-77.64568,7.64285],[-77.64507,7.64156],[-77.64474,7.64141],[-77.64464,7.64037],[-77.64508,7.64043],[-77.64495,7.63934],[-77.64475,7.63876],[-77.64499,7.63809],[-77.64468,7.63745],[-77.64463,7.63686],[-77.64507,7.63635],[-77.64475,7.63578],[-77.64467,7.63521],[-77.64487,7.63467],[-77.64424,7.63469],[-77.64382,7.63431],[-77.6435,7.6335],[-77.64351,7.63301],[-77.64295,7.63263],[-77.6429,7.63209],[-77.64262,7.63166],[-77.6419,7.63172],[-77.64127,7.63092],[-77.64121,7.63054],[-77.64048,7.63026],[-77.64057,7.62947],[-77.64166,7.6284],[-77.64085,7.6264],[-77.64049,7.62635],[-77.63957,7.625],[-77.63909,7.62493],[-77.63904,7.62406],[-77.63872,7.62369],[-77.63854,7.62305],[-77.63872,7.62132],[-77.63911,7.62104],[-77.63867,7.6203],[-77.63849,7.61922],[-77.6372,7.61901],[-77.63722,7.61822],[-77.63701,7.61795],[-77.63723,7.61644],[-77.63698,7.61547],[-77.63717,7.61495],[-77.63695,7.61456],[-77.63691,7.61378],[-77.63708,7.61356],[-77.63735,7.612],[-77.63704,7.61171],[-77.63555,7.61161],[-77.63479,7.61105],[-77.63504,7.61076],[-77.63491,7.60933],[-77.63466,7.60887],[-77.63404,7.6085],[-77.63368,7.60852],[-77.63369,7.60816],[-77.63259,7.60722],[-77.63245,7.6066],[-77.63174,7.60601],[-77.63082,7.60495],[-77.63085,7.60417],[-77.63063,7.60386],[-77.6309,7.60344],[-77.63147,7.6033],[-77.63158,7.60186],[-77.63176,7.60163],[-77.63158,7.60114],[-77.63179,7.60018],[-77.63151,7.59899],[-77.63116,7.59826],[-77.63077,7.59807],[-77.6308,7.59662],[-77.63094,7.59626],[-77.63096,7.59492],[-77.6305,7.59484],[-77.63013,7.59413],[-77.62838,7.59359],[-77.62846,7.59311],[-77.62816,7.59242],[-77.62787,7.59236],[-77.62745,7.59166],[-77.62718,7.59075],[-77.62669,7.5906],[-77.62673,7.58965],[-77.62654,7.5892],[-77.62661,7.58871],[-77.6258,7.58775],[-77.62536,7.5877],[-77.62553,7.58727],[-77.62476,7.58533],[-77.62454,7.58409],[-77.62478,7.58312],[-77.62441,7.58222],[-77.62466,7.58153],[-77.62426,7.58085],[-77.62425,7.57933],[-77.62407,7.57871],[-77.6228,7.57769],[-77.62278,7.5773],[-77.62217,7.57669],[-77.62155,7.57571],[-77.62148,7.57531],[-77.61999,7.5743],[-77.61966,7.5744],[-77.61927,7.57413],[-77.61873,7.57309],[-77.61827,7.57277],[-77.61752,7.57155],[-77.61758,7.57062],[-77.61705,7.57066],[-77.61669,7.56961],[-77.616,7.56911],[-77.61592,7.56792],[-77.61544,7.56761],[-77.61498,7.56656],[-77.61425,7.56598],[-77.61386,7.56539],[-77.61342,7.56552],[-77.61323,7.56459],[-77.61273,7.56391],[-77.61194,7.56312],[-77.61209,7.56284],[-77.61188,7.56234],[-77.61105,7.56192],[-77.61012,7.56187],[-77.60931,7.56109],[-77.61019,7.56036],[-77.61024,7.55862],[-77.61003,7.55815],[-77.6105,7.55739],[-77.61064,7.55573],[-77.61061,7.5536],[-77.61082,7.55157],[-77.61051,7.55105],[-77.61047,7.55014],[-77.61095,7.54982],[-77.61084,7.54929],[-77.61109,7.54876],[-77.60978,7.54827],[-77.60942,7.54838],[-77.60901,7.54716],[-77.60811,7.54664],[-77.60771,7.54659],[-77.60718,7.54606],[-77.60718,7.54505],[-77.60695,7.5445],[-77.60698,7.54299],[-77.60686,7.54117],[-77.60668,7.54064],[-77.60557,7.53981],[-77.60487,7.53996],[-77.60445,7.53973],[-77.60331,7.53965],[-77.60286,7.53992],[-77.60079,7.53957],[-77.60039,7.53846],[-77.60059,7.53767],[-77.59993,7.53672],[-77.59896,7.5364],[-77.59802,7.53644],[-77.59782,7.5363],[-77.59717,7.53649],[-77.59621,7.53622],[-77.59564,7.53575],[-77.59531,7.53608],[-77.59418,7.53559],[-77.59358,7.53581],[-77.59329,7.53484],[-77.59277,7.53421],[-77.5934,7.53355],[-77.5934,7.53312],[-77.59235,7.53197],[-77.59165,7.53191],[-77.5914,7.53165],[-77.59106,7.53185],[-77.59072,7.53134],[-77.59034,7.53139],[-77.5906,7.52994],[-77.59104,7.52944],[-77.5907,7.52806],[-77.59105,7.52737],[-77.59239,7.52718],[-77.59266,7.52671],[-77.59218,7.52624],[-77.59148,7.52619],[-77.5913,7.52582],[-77.5905,7.52588],[-77.59031,7.52497],[-77.59003,7.5247],[-77.59026,7.52307],[-77.58985,7.52267],[-77.59011,7.52197],[-77.58958,7.52171],[-77.58885,7.52059],[-77.58895,7.51969],[-77.58865,7.51918],[-77.58812,7.5189],[-77.58813,7.51841],[-77.58767,7.51796],[-77.58642,7.51769],[-77.58633,7.51723],[-77.58572,7.51674],[-77.58554,7.51602],[-77.58527,7.5157],[-77.58538,7.51518],[-77.58442,7.51468],[-77.58375,7.51399],[-77.58248,7.51395],[-77.58197,7.51408],[-77.58121,7.51383],[-77.5807,7.51337],[-77.57922,7.51352],[-77.57857,7.51421],[-77.57789,7.51429],[-77.57743,7.51477],[-77.57619,7.51488],[-77.5753,7.51445],[-77.57468,7.51392],[-77.57456,7.51344],[-77.57379,7.51263],[-77.57309,7.51218],[-77.57287,7.51173],[-77.5712,7.51166],[-77.57072,7.51153],[-77.57018,7.51098],[-77.56981,7.50995],[-77.57008,7.50952],[-77.56938,7.50868],[-77.56904,7.50862],[-77.56839,7.50772],[-77.56791,7.5079],[-77.56664,7.50786],[-77.5658,7.50766],[-77.5644,7.50762],[-77.56342,7.50736],[-77.56294,7.50786],[-77.56224,7.50813],[-77.5623,7.50856],[-77.56231,7.51099],[-77.56205,7.5129],[-77.56087,7.51277],[-77.56059,7.51328],[-77.55985,7.51384],[-77.56009,7.51468],[-77.55954,7.51519],[-77.55896,7.51529],[-77.55888,7.51554],[-77.55824,7.5158],[-77.55841,7.51662],[-77.55781,7.51695],[-77.55776,7.51725],[-77.55694,7.51793],[-77.55697,7.5184],[-77.55648,7.51911],[-77.55602,7.5203],[-77.5557,7.52008],[-77.55476,7.51998],[-77.55429,7.52009],[-77.55405,7.52044],[-77.55351,7.52067],[-77.55236,7.52081],[-77.55189,7.52127],[-77.55159,7.52182],[-77.55059,7.5219],[-77.54989,7.5223],[-77.54924,7.5232],[-77.54894,7.52325],[-77.54881,7.52374],[-77.54825,7.52431],[-77.54863,7.52478],[-77.54849,7.52578],[-77.54867,7.52602],[-77.54842,7.52667],[-77.54788,7.52696],[-77.54756,7.52782],[-77.54754,7.52863],[-77.54777,7.52891],[-77.54714,7.52933],[-77.54729,7.53102],[-77.54697,7.5311],[-77.5466,7.53179],[-77.54615,7.53188],[-77.54569,7.53266],[-77.5444,7.53395],[-77.54418,7.53511],[-77.54365,7.53519],[-77.54316,7.53578],[-77.54242,7.53592],[-77.54199,7.53625],[-77.54199,7.53676],[-77.5412,7.53776],[-77.54081,7.5379],[-77.54053,7.53844],[-77.53951,7.53872],[-77.53884,7.53906],[-77.53867,7.5394],[-77.53885,7.54012],[-77.53873,7.54039],[-77.53812,7.54046],[-77.53756,7.54134],[-77.53714,7.54139],[-77.53634,7.54198],[-77.53599,7.54202],[-77.53553,7.54264],[-77.53449,7.54294],[-77.53411,7.5428],[-77.53361,7.54434],[-77.5332,7.54444],[-77.53333,7.5448],[-77.53288,7.54562],[-77.532,7.54611],[-77.53168,7.54664],[-77.53182,7.54685],[-77.53176,7.54772],[-77.53144,7.54779],[-77.53136,7.54894],[-77.53167,7.54962],[-77.5313,7.54985],[-77.5312,7.55047],[-77.53056,7.55068],[-77.53036,7.55151],[-77.53005,7.55215],[-77.52974,7.55218],[-77.52934,7.55318],[-77.52863,7.55401],[-77.52828,7.55426],[-77.52825,7.55517],[-77.52785,7.55561],[-77.52788,7.55601],[-77.52842,7.55669],[-77.52839,7.55705],[-77.52766,7.55799],[-77.52702,7.55788],[-77.52592,7.55822],[-77.52546,7.5588],[-77.52481,7.55919],[-77.52547,7.55989],[-77.52557,7.56071],[-77.5254,7.56115],[-77.52564,7.56179],[-77.52612,7.56235],[-77.52639,7.56232],[-77.52665,7.56374],[-77.527,7.56389],[-77.52711,7.56451],[-77.52741,7.56465],[-77.52796,7.5656],[-77.52801,7.56612],[-77.52751,7.56718],[-77.52688,7.56798],[-77.52669,7.5685],[-77.52607,7.56871],[-77.52586,7.56946],[-77.5255,7.56974],[-77.52506,7.5711],[-77.52463,7.57123],[-77.52447,7.57182],[-77.52312,7.57204],[-77.52226,7.57188],[-77.52196,7.57203],[-77.52148,7.57307],[-77.52047,7.57364],[-77.52008,7.57414],[-77.51928,7.57435],[-77.51882,7.57423],[-77.5188,7.57552],[-77.51776,7.57506],[-77.51714,7.57527],[-77.51508,7.57503],[-77.51472,7.57444],[-77.51428,7.57406],[-77.51373,7.57412],[-77.5137,7.57369],[-77.51335,7.57323],[-77.51295,7.57333],[-77.51247,7.57306],[-77.51078,7.57305],[-77.51008,7.57248],[-77.5096,7.57182],[-77.50861,7.57165],[-77.50816,7.57172],[-77.50767,7.57107],[-77.50675,7.57097],[-77.50659,7.57022],[-77.5048,7.56828],[-77.50368,7.56809],[-77.50285,7.56763],[-77.5026,7.56828],[-77.50215,7.56857],[-77.50159,7.56862],[-77.50111,7.5681],[-77.50039,7.56833],[-77.4999,7.56798],[-77.49879,7.56766],[-77.49812,7.56768],[-77.49676,7.56728],[-77.4967,7.56757],[-77.49591,7.56799],[-77.49436,7.56767],[-77.49322,7.56766],[-77.4929,7.56739],[-77.49192,7.5677],[-77.49143,7.56764],[-77.49112,7.5685],[-77.49005,7.56879],[-77.48919,7.56956],[-77.48914,7.57039],[-77.48887,7.57092],[-77.48812,7.57148],[-77.48854,7.57166],[-77.4889,7.5722],[-77.48886,7.57314],[-77.48847,7.57389],[-77.48863,7.57455],[-77.4881,7.57489],[-77.48793,7.5756],[-77.48807,7.57657],[-77.4874,7.57775],[-77.48745,7.57813],[-77.48926,7.5783],[-77.48996,7.57824],[-77.49001,7.57857],[-77.4915,7.58008],[-77.49192,7.58081],[-77.49178,7.58148],[-77.49202,7.58178],[-77.49201,7.58265],[-77.49244,7.58271],[-77.49251,7.58335],[-77.49215,7.5837],[-77.49174,7.58471],[-77.49189,7.58499],[-77.49167,7.58603],[-77.49183,7.58661],[-77.4913,7.58715],[-77.49116,7.58778],[-77.49069,7.58823],[-77.49042,7.58823],[-77.48975,7.58891],[-77.48942,7.58966],[-77.48962,7.59049],[-77.48912,7.59087],[-77.48907,7.59126],[-77.48983,7.5916],[-77.48994,7.59216],[-77.4896,7.59222],[-77.48916,7.59298],[-77.48939,7.59385],[-77.48885,7.59406],[-77.48858,7.59506],[-77.48776,7.59574],[-77.4879,7.59606],[-77.48772,7.59664],[-77.48719,7.59675],[-77.48704,7.59759],[-77.48672,7.59807],[-77.48662,7.59866],[-77.4859,7.59869],[-77.48588,7.59972],[-77.48563,7.60027],[-77.48488,7.60093],[-77.48502,7.60158],[-77.48476,7.60187],[-77.48396,7.60193],[-77.4837,7.60234],[-77.48392,7.60316],[-77.4832,7.60388],[-77.48247,7.60411],[-77.48189,7.60561],[-77.48184,7.60604],[-77.48218,7.60707],[-77.48132,7.6077],[-77.48165,7.60798],[-77.48148,7.60872],[-77.48092,7.60941],[-77.48032,7.60987],[-77.48067,7.61128],[-77.48046,7.61192],[-77.4797,7.61175],[-77.47941,7.61233],[-77.47986,7.61311],[-77.47953,7.61394],[-77.47954,7.61435],[-77.47913,7.61518],[-77.47866,7.61571],[-77.47793,7.61601],[-77.47793,7.61648],[-77.47702,7.61679],[-77.47688,7.61744],[-77.47577,7.61767],[-77.47564,7.61831],[-77.47504,7.61897],[-77.47507,7.61966],[-77.47486,7.62038],[-77.47453,7.62086],[-77.47462,7.6214],[-77.47365,7.62218],[-77.47352,7.62301],[-77.47326,7.62354],[-77.4726,7.62373],[-77.47208,7.6244],[-77.47148,7.62492],[-77.47077,7.62488],[-77.4705,7.62518],[-77.46998,7.62518],[-77.46865,7.62557],[-77.46808,7.62632],[-77.46822,7.62711],[-77.4679,7.62779],[-77.46788,7.6283],[-77.4681,7.62932],[-77.46805,7.62993],[-77.46768,7.63045],[-77.46759,7.63107],[-77.46723,7.63148],[-77.46765,7.63199],[-77.46727,7.63271],[-77.4675,7.63342],[-77.46681,7.63361],[-77.46615,7.63423],[-77.46544,7.63421],[-77.46548,7.63544],[-77.46537,7.63607],[-77.46499,7.63633],[-77.46562,7.63704],[-77.46533,7.63873],[-77.46566,7.63877],[-77.46567,7.6393],[-77.46535,7.63968],[-77.46534,7.64037],[-77.46566,7.64042],[-77.46578,7.64103],[-77.46549,7.64225],[-77.46652,7.64288],[-77.46684,7.644],[-77.46714,7.64434],[-77.46706,7.64478],[-77.46812,7.64657],[-77.46854,7.64693],[-77.46904,7.64814],[-77.46937,7.6486],[-77.46934,7.64903],[-77.46975,7.6492],[-77.47013,7.65032],[-77.46991,7.6509],[-77.47016,7.65143],[-77.46992,7.65167],[-77.46878,7.65177],[-77.46824,7.65217],[-77.46824,7.65298],[-77.46793,7.65341],[-77.46769,7.65437],[-77.46701,7.65482],[-77.46705,7.65538],[-77.46631,7.65541],[-77.46596,7.65561],[-77.46514,7.6555],[-77.46427,7.65566],[-77.46385,7.65532],[-77.46332,7.65526],[-77.46201,7.65543],[-77.46116,7.6554],[-77.45811,7.65565],[-77.45701,7.65594],[-77.45594,7.65592],[-77.45523,7.65612],[-77.45467,7.65649],[-77.45359,7.65639],[-77.45291,7.65679],[-77.4524,7.65665],[-77.45175,7.65699],[-77.45098,7.65644],[-77.45072,7.65662],[-77.44879,7.65577],[-77.44782,7.65578],[-77.44763,7.6554],[-77.44619,7.65526],[-77.44547,7.6559],[-77.44442,7.65601],[-77.44363,7.65662],[-77.44342,7.65713],[-77.44332,7.65812],[-77.44335,7.6592],[-77.44364,7.65948],[-77.44373,7.66011],[-77.44351,7.66052],[-77.4436,7.66097],[-77.44319,7.66143],[-77.4434,7.66206],[-77.44342,7.66286],[-77.4431,7.66323],[-77.44305,7.66409],[-77.44233,7.66413],[-77.44139,7.66515],[-77.44124,7.66564],[-77.44052,7.66574],[-77.44048,7.6673],[-77.44008,7.66761],[-77.44057,7.66897],[-77.43991,7.66977],[-77.43979,7.67034],[-77.43939,7.67033],[-77.43914,7.67072],[-77.43935,7.67101],[-77.43938,7.672],[-77.43884,7.6727],[-77.43927,7.67338],[-77.43911,7.67377],[-77.43838,7.67382],[-77.43813,7.67454],[-77.43885,7.67476],[-77.43839,7.67518],[-77.43817,7.67612],[-77.43795,7.67646],[-77.43807,7.67728],[-77.43756,7.67758],[-77.43728,7.67837],[-77.43751,7.67893],[-77.43748,7.67957],[-77.4378,7.6798],[-77.43787,7.68098],[-77.43707,7.68098],[-77.43677,7.68168],[-77.43669,7.6825],[-77.4368,7.68289],[-77.43592,7.68327],[-77.43537,7.68405],[-77.43498,7.6851],[-77.43525,7.6854],[-77.43501,7.68624],[-77.43517,7.68722],[-77.43444,7.68778],[-77.43435,7.68747],[-77.4342,7.68842],[-77.43372,7.68873],[-77.4332,7.6886],[-77.43258,7.68872],[-77.43204,7.68921],[-77.43154,7.68908],[-77.43163,7.68974],[-77.43106,7.69045],[-77.43055,7.69082],[-77.43029,7.69072],[-77.4297,7.69131],[-77.42909,7.69168],[-77.42856,7.69141],[-77.42813,7.69216],[-77.42681,7.69182],[-77.42644,7.69154],[-77.42623,7.69294],[-77.4261,7.69312],[-77.42522,7.69227],[-77.42484,7.69222],[-77.4253,7.69309],[-77.42536,7.69346],[-77.42477,7.69431],[-77.42505,7.69484],[-77.42502,7.69597],[-77.42464,7.69631],[-77.42444,7.69595],[-77.42394,7.69636],[-77.42267,7.69641],[-77.42226,7.69677],[-77.42181,7.69753],[-77.42066,7.69801],[-77.4203,7.69779],[-77.42017,7.69808],[-77.41952,7.69793],[-77.41928,7.69871],[-77.41846,7.69868],[-77.41839,7.69923],[-77.41884,7.69973],[-77.41871,7.70106],[-77.41874,7.70164],[-77.41846,7.70226],[-77.41743,7.70263],[-77.41711,7.7032],[-77.41714,7.70452],[-77.41751,7.70494],[-77.41744,7.70521],[-77.4178,7.70566],[-77.41766,7.70642],[-77.41781,7.70674],[-77.41694,7.70688],[-77.41692,7.70731],[-77.41721,7.70746],[-77.41687,7.70809],[-77.4173,7.70878],[-77.41735,7.70939],[-77.41695,7.71018],[-77.41742,7.71023],[-77.4178,7.71091],[-77.41774,7.71157],[-77.41748,7.71196],[-77.41757,7.7123],[-77.41724,7.71278],[-77.41743,7.71302],[-77.41738,7.71449],[-77.41779,7.71463],[-77.41777,7.71624],[-77.41827,7.71687],[-77.41849,7.71741],[-77.41799,7.71752],[-77.41799,7.718],[-77.41733,7.71863],[-77.41699,7.71845],[-77.41688,7.7192],[-77.41627,7.71923],[-77.41627,7.71976],[-77.41559,7.71992],[-77.41515,7.71976],[-77.41474,7.72001],[-77.41469,7.72058],[-77.41414,7.72145],[-77.41415,7.72177],[-77.41469,7.7221],[-77.41455,7.72288],[-77.41412,7.72333],[-77.41373,7.72338],[-77.41336,7.72376],[-77.41197,7.72352],[-77.41134,7.724],[-77.41129,7.72361],[-77.41093,7.72388],[-77.41056,7.72375],[-77.41028,7.72328],[-77.40939,7.72343],[-77.40892,7.72333],[-77.40893,7.72255],[-77.40807,7.72189],[-77.40763,7.72222],[-77.40716,7.72198],[-77.4062,7.72212],[-77.40594,7.7224],[-77.40464,7.72257],[-77.40458,7.72304],[-77.405,7.72356],[-77.40461,7.72436],[-77.40355,7.7246],[-77.4031,7.72458],[-77.40227,7.72407],[-77.40048,7.72447],[-77.39955,7.72421],[-77.39922,7.72437],[-77.39955,7.72492],[-77.39911,7.72551],[-77.39929,7.72586],[-77.39915,7.72661],[-77.39976,7.72689],[-77.3994,7.72759],[-77.39974,7.72796],[-77.39978,7.7284],[-77.39956,7.729],[-77.39849,7.72882],[-77.39788,7.72941],[-77.39787,7.72989],[-77.39669,7.73014],[-77.39697,7.73135],[-77.39752,7.73135],[-77.39797,7.73233],[-77.39738,7.73301],[-77.39728,7.73356],[-77.39756,7.7337],[-77.39713,7.73443],[-77.39725,7.73485],[-77.39792,7.73498],[-77.39801,7.73595],[-77.39729,7.73661],[-77.3975,7.73747],[-77.39739,7.73791],[-77.39712,7.73782],[-77.39666,7.73821],[-77.39619,7.73912],[-77.39567,7.73928],[-77.39534,7.7403],[-77.39561,7.74061],[-77.39575,7.74139],[-77.39519,7.74143],[-77.39481,7.74174],[-77.39463,7.74261],[-77.39547,7.74292],[-77.39562,7.74383],[-77.3958,7.74395],[-77.39588,7.74476],[-77.39662,7.74559],[-77.39637,7.74591],[-77.39513,7.74569],[-77.39494,7.74615],[-77.39494,7.74689],[-77.39458,7.74746],[-77.39449,7.74829],[-77.39552,7.74879],[-77.3959,7.74996],[-77.39495,7.75039],[-77.39449,7.75075],[-77.39445,7.75107],[-77.39368,7.75156],[-77.39323,7.75215],[-77.39287,7.75315],[-77.39246,7.7536],[-77.39266,7.75415],[-77.39255,7.75478],[-77.39255,7.75603],[-77.39246,7.75666],[-77.39214,7.75726],[-77.39178,7.75745],[-77.3916,7.75848],[-77.39118,7.75894],[-77.39113,7.76],[-77.39001,7.76002],[-77.38879,7.7598],[-77.38784,7.75949],[-77.38667,7.75945],[-77.38544,7.75845],[-77.38445,7.75854],[-77.38426,7.75842],[-77.38457,7.75778],[-77.38403,7.75746],[-77.38338,7.75769],[-77.38246,7.75738],[-77.38201,7.75773],[-77.38141,7.75775],[-77.38069,7.75953],[-77.37997,7.75938],[-77.37987,7.75904],[-77.3788,7.75938],[-77.37846,7.75929],[-77.37827,7.76002],[-77.37827,7.76082],[-77.37755,7.76084],[-77.3773,7.76115],[-77.37652,7.76106],[-77.37603,7.76125],[-77.37521,7.76114],[-77.37489,7.76146],[-77.37525,7.76245],[-77.37629,7.76271],[-77.37619,7.76317],[-77.37641,7.76374],[-77.37668,7.76379],[-77.37678,7.76482],[-77.37722,7.76599],[-77.37774,7.76609],[-77.37866,7.76746],[-77.37838,7.7681],[-77.37891,7.76917],[-77.37867,7.76959],[-77.37824,7.76966],[-77.37778,7.77034],[-77.37735,7.77038],[-77.37704,7.76953],[-77.37652,7.76952],[-77.37611,7.76984],[-77.37561,7.76957],[-77.37434,7.76963],[-77.37371,7.77018],[-77.37374,7.7712],[-77.37321,7.77084],[-77.3727,7.77111],[-77.37288,7.77029],[-77.37227,7.76999],[-77.37158,7.77006],[-77.37082,7.76982],[-77.36972,7.76985],[-77.36926,7.76959],[-77.36948,7.76879],[-77.36892,7.76804],[-77.36835,7.76859],[-77.36745,7.76831],[-77.36681,7.76844],[-77.36604,7.76742],[-77.36518,7.76732],[-77.36501,7.76714],[-77.36434,7.76751],[-77.36397,7.76839],[-77.3635,7.76808],[-77.36287,7.76823],[-77.36268,7.76787],[-77.36287,7.76713],[-77.36175,7.76712],[-77.3613,7.76723],[-77.36081,7.76777],[-77.36044,7.76757],[-77.36019,7.76777],[-77.35967,7.76757],[-77.35934,7.76669],[-77.35852,7.76628],[-77.35779,7.76656],[-77.35738,7.76632],[-77.35648,7.76661],[-77.35604,7.76601],[-77.35547,7.76597],[-77.35513,7.76628],[-77.35437,7.76635],[-77.35412,7.76546],[-77.35339,7.7652],[-77.35292,7.7647],[-77.35199,7.76461],[-77.3515,7.76413],[-77.35112,7.76345],[-77.35046,7.76353],[-77.35012,7.7633],[-77.34925,7.76368],[-77.34874,7.76357],[-77.34833,7.76323],[-77.34825,7.76274],[-77.34783,7.76268],[-77.34756,7.76306],[-77.34729,7.76279],[-77.34712,7.76321],[-77.34646,7.76274],[-77.34582,7.7627],[-77.3449,7.76227],[-77.34437,7.7624],[-77.34401,7.76294],[-77.34396,7.76344],[-77.34338,7.76344],[-77.34313,7.76423],[-77.34256,7.76462],[-77.3421,7.76466],[-77.34063,7.76554],[-77.34026,7.76601],[-77.34018,7.76564],[-77.33939,7.76598],[-77.3393,7.76655],[-77.3396,7.76735],[-77.34,7.76734],[-77.34043,7.76822],[-77.34049,7.76869],[-77.34036,7.77003],[-77.34013,7.7703],[-77.34041,7.7713],[-77.34104,7.7711],[-77.34144,7.77138],[-77.34209,7.7726],[-77.34193,7.77274],[-77.34257,7.7733],[-77.34279,7.7739],[-77.34234,7.77434],[-77.34068,7.77448],[-77.34038,7.77471],[-77.33976,7.77477],[-77.33967,7.77457],[-77.33909,7.77495],[-77.33885,7.7763],[-77.33904,7.77716],[-77.33896,7.77752],[-77.33849,7.7777],[-77.33834,7.77824],[-77.33749,7.77833],[-77.33684,7.77981],[-77.3366,7.77986],[-77.33654,7.78059],[-77.33704,7.78097],[-77.33689,7.78122],[-77.33689,7.78224],[-77.33722,7.7825],[-77.33748,7.78207],[-77.33806,7.78203],[-77.33819,7.78263],[-77.33793,7.78318],[-77.3383,7.78375],[-77.33822,7.7843],[-77.33859,7.78429],[-77.33884,7.78468],[-77.3398,7.78497],[-77.34009,7.78554],[-77.34076,7.7855],[-77.34086,7.78639],[-77.34076,7.78732],[-77.34058,7.78763],[-77.34111,7.78821],[-77.34185,7.7886],[-77.34165,7.78898],[-77.34197,7.78937],[-77.34204,7.79047],[-77.3423,7.79064],[-77.34361,7.79056],[-77.34371,7.79103],[-77.34485,7.79089],[-77.34532,7.79181],[-77.34498,7.79232],[-77.3452,7.79314],[-77.34501,7.79339],[-77.34549,7.79391],[-77.34519,7.7944],[-77.34586,7.79495],[-77.34623,7.79549],[-77.3469,7.79532],[-77.34782,7.79588],[-77.34781,7.79651],[-77.34854,7.79659],[-77.34855,7.79795],[-77.34865,7.79861],[-77.34858,7.79964],[-77.34813,7.79994],[-77.34834,7.80048],[-77.34798,7.80113],[-77.34868,7.8023],[-77.34864,7.80392],[-77.34895,7.80372],[-77.34949,7.80381],[-77.34993,7.80414],[-77.3497,7.8045],[-77.35005,7.80486],[-77.35097,7.80478],[-77.35132,7.80489],[-77.35178,7.80467],[-77.35214,7.80497],[-77.35249,7.80477],[-77.35369,7.80481],[-77.35412,7.80466],[-77.35467,7.80496],[-77.35488,7.80535],[-77.35523,7.80525],[-77.35528,7.80603],[-77.35605,7.80616],[-77.3562,7.80713],[-77.35523,7.80825],[-77.35525,7.8088],[-77.35498,7.80941],[-77.35508,7.80989],[-77.35558,7.80971],[-77.3567,7.81001],[-77.35644,7.81057],[-77.35675,7.8109],[-77.35721,7.81093],[-77.35699,7.81151],[-77.35689,7.81319],[-77.35707,7.8135],[-77.35744,7.81345],[-77.35802,7.81443],[-77.35809,7.81508],[-77.35787,7.81601],[-77.35812,7.81636],[-77.35863,7.81654],[-77.35847,7.81767],[-77.35864,7.81809],[-77.35869,7.81902],[-77.35855,7.81937],[-77.35822,7.81921],[-77.35733,7.81945],[-77.3569,7.81924],[-77.356,7.81954],[-77.35592,7.82038],[-77.35615,7.82117],[-77.35647,7.82125],[-77.35686,7.82196],[-77.35725,7.82194],[-77.35735,7.82228],[-77.35837,7.82313],[-77.35841,7.82389],[-77.35871,7.82422],[-77.35929,7.82427],[-77.35958,7.82406],[-77.36032,7.82432],[-77.36063,7.82463],[-77.36152,7.82484],[-77.36171,7.82517],[-77.3625,7.82537],[-77.36278,7.82513],[-77.36369,7.82505],[-77.36391,7.82611],[-77.36441,7.82707],[-77.3649,7.82713],[-77.36495,7.82775],[-77.36557,7.82781],[-77.36541,7.82826],[-77.36628,7.82812],[-77.36665,7.8283],[-77.36697,7.82797],[-77.3675,7.8279],[-77.36763,7.82834],[-77.36844,7.82855],[-77.36826,7.82966],[-77.36785,7.83004],[-77.36621,7.8299],[-77.36574,7.83009],[-77.36566,7.831],[-77.36572,7.83185],[-77.36545,7.83234],[-77.36558,7.8328],[-77.36514,7.83312],[-77.36469,7.83309],[-77.36476,7.83388],[-77.36456,7.83436],[-77.36263,7.83416],[-77.36172,7.8346],[-77.35942,7.83459],[-77.35859,7.83428],[-77.35822,7.83464],[-77.35761,7.83469],[-77.35756,7.83529],[-77.35719,7.83535],[-77.35622,7.8366],[-77.35571,7.83658],[-77.35503,7.83694],[-77.35535,7.83741],[-77.35516,7.8383],[-77.35531,7.83979],[-77.35459,7.83994],[-77.35408,7.84052],[-77.3534,7.84201],[-77.35298,7.8425],[-77.35244,7.84224],[-77.35073,7.84247],[-77.35039,7.84124],[-77.35009,7.84143],[-77.34945,7.84124],[-77.34878,7.8415],[-77.34847,7.84131],[-77.34807,7.8417],[-77.348,7.84315],[-77.34753,7.84313],[-77.34712,7.8434],[-77.34712,7.84436],[-77.34633,7.84441],[-77.34577,7.8446],[-77.34593,7.84558],[-77.34622,7.84638],[-77.34573,7.84635],[-77.34499,7.84742],[-77.346,7.84745],[-77.34634,7.84835],[-77.34748,7.84889],[-77.34764,7.84912],[-77.34724,7.84972],[-77.34645,7.84976],[-77.34567,7.84957],[-77.34513,7.84969],[-77.34474,7.84943],[-77.34397,7.84934],[-77.34318,7.84901],[-77.34311,7.84953],[-77.3434,7.84971],[-77.34323,7.85036],[-77.34161,7.8507],[-77.34158,7.85172],[-77.34137,7.85226],[-77.34238,7.85218],[-77.34302,7.85191],[-77.34291,7.85309],[-77.34207,7.85336],[-77.34145,7.85391],[-77.34077,7.8539],[-77.33984,7.85419],[-77.33993,7.85544],[-77.33936,7.85617],[-77.33923,7.85666],[-77.33876,7.8568],[-77.33748,7.85676],[-77.33677,7.85788],[-77.33658,7.85879],[-77.33721,7.85903],[-77.33733,7.85939],[-77.33789,7.8596],[-77.33847,7.8592],[-77.33889,7.85972],[-77.33899,7.86027],[-77.33877,7.86098],[-77.33922,7.86137],[-77.34078,7.86178],[-77.34066,7.86207],[-77.34072,7.86304],[-77.34115,7.86357],[-77.34086,7.86397],[-77.34094,7.86429],[-77.34043,7.86426],[-77.33977,7.86454],[-77.33926,7.86589],[-77.33964,7.86598],[-77.33971,7.86724],[-77.33995,7.86697],[-77.34026,7.86714],[-77.34045,7.86824],[-77.34014,7.86825],[-77.34,7.86888],[-77.33962,7.86887],[-77.33918,7.86987],[-77.33879,7.86999],[-77.33872,7.87043],[-77.33818,7.87068],[-77.33768,7.87141],[-77.33721,7.87179],[-77.33714,7.87239],[-77.33682,7.87276],[-77.33691,7.8733],[-77.33622,7.8734],[-77.33607,7.87397],[-77.33561,7.87435],[-77.33553,7.87494],[-77.33518,7.87558],[-77.3351,7.87616],[-77.33416,7.87614],[-77.33337,7.87598],[-77.33218,7.8763],[-77.33195,7.87677],[-77.33207,7.87819],[-77.33156,7.87864],[-77.33106,7.87842],[-77.33077,7.87862],[-77.33078,7.87953],[-77.3306,7.87993],[-77.32967,7.88057],[-77.32956,7.88108],[-77.32898,7.88091],[-77.3291,7.88188],[-77.32836,7.88206],[-77.3282,7.8828],[-77.3271,7.88298],[-77.32638,7.88293],[-77.3254,7.88313],[-77.32445,7.88312],[-77.32402,7.88351],[-77.32405,7.88389],[-77.32355,7.88421],[-77.32297,7.88415],[-77.32327,7.88454],[-77.32283,7.88539],[-77.32291,7.88615],[-77.32315,7.88653],[-77.3236,7.88643],[-77.32377,7.8871],[-77.32364,7.88793],[-77.324,7.88816],[-77.32411,7.88891],[-77.32378,7.88924],[-77.32373,7.88969],[-77.32411,7.88983],[-77.32461,7.89052],[-77.32527,7.8907],[-77.3253,7.89134],[-77.32476,7.89194],[-77.32454,7.89253],[-77.32486,7.89347],[-77.32457,7.89386],[-77.32477,7.89467],[-77.32449,7.89478],[-77.32484,7.89576],[-77.32466,7.89596],[-77.32389,7.89607],[-77.32319,7.89601],[-77.32304,7.89626],[-77.32209,7.89646],[-77.32154,7.89682],[-77.32071,7.89669],[-77.31997,7.89692],[-77.31901,7.8965],[-77.31866,7.89689],[-77.31882,7.89766],[-77.31742,7.89788],[-77.31713,7.89773],[-77.31692,7.89875],[-77.31649,7.89909],[-77.31514,7.89902],[-77.31486,7.89873],[-77.31381,7.89864],[-77.31366,7.89841],[-77.31286,7.89822],[-77.31298,7.89786],[-77.31239,7.89737],[-77.31181,7.89742],[-77.31125,7.89775],[-77.31014,7.898],[-77.30935,7.8989],[-77.30861,7.89906],[-77.30837,7.90021],[-77.30803,7.90073],[-77.30733,7.90072],[-77.30645,7.90027],[-77.3061,7.90036],[-77.30529,7.90004],[-77.30498,7.90084],[-77.30452,7.90144],[-77.30383,7.90205],[-77.30393,7.90266],[-77.30324,7.90249],[-77.30286,7.90215],[-77.30214,7.90245],[-77.30189,7.90195],[-77.30156,7.90194],[-77.30152,7.90252],[-77.30053,7.90362],[-77.29898,7.90444],[-77.29909,7.90483],[-77.29857,7.90529],[-77.29788,7.90552],[-77.29733,7.90617],[-77.29731,7.90657],[-77.2969,7.90688],[-77.29689,7.90779],[-77.29617,7.90827],[-77.29613,7.909],[-77.29568,7.90995],[-77.29562,7.91047],[-77.29506,7.91083],[-77.29415,7.91057],[-77.29409,7.9103],[-77.29291,7.90928],[-77.29228,7.90891],[-77.29108,7.90872],[-77.29012,7.90789],[-77.2895,7.90799],[-77.28909,7.90783],[-77.28865,7.90804],[-77.28803,7.90789],[-77.28733,7.90801],[-77.28611,7.9087],[-77.28449,7.9085],[-77.28338,7.90864],[-77.28278,7.90888],[-77.28134,7.90887],[-77.27991,7.90836],[-77.27945,7.90846],[-77.27855,7.90818],[-77.27814,7.9082],[-77.27776,7.90788],[-77.27682,7.90794],[-77.27575,7.90786],[-77.27516,7.90839],[-77.27458,7.90929],[-77.27445,7.90971],[-77.27408,7.90961],[-77.27356,7.91013],[-77.27327,7.91018],[-77.27323,7.91077],[-77.27248,7.91143],[-77.27232,7.91177],[-77.27105,7.91199],[-77.27105,7.91255],[-77.2707,7.91255],[-77.26999,7.91296],[-77.26958,7.9141],[-77.26882,7.91424],[-77.26853,7.91447],[-77.26765,7.91453],[-77.26719,7.91514],[-77.26668,7.9151],[-77.26592,7.91557],[-77.2657,7.91545],[-77.26453,7.91593],[-77.264,7.91627],[-77.26381,7.91674],[-77.26341,7.9166],[-77.26296,7.91685],[-77.26253,7.9167],[-77.26202,7.91715],[-77.26205,7.91772],[-77.2613,7.9176],[-77.2608,7.91784],[-77.26032,7.91782],[-77.25994,7.91857],[-77.25941,7.91856],[-77.25918,7.91896],[-77.25814,7.91896],[-77.25762,7.91943],[-77.25713,7.91956],[-77.25711,7.91984],[-77.25638,7.92],[-77.25616,7.91987],[-77.25526,7.92014],[-77.2534,7.92003],[-77.25249,7.91977],[-77.25201,7.91937],[-77.25072,7.91927],[-77.25037,7.91955],[-77.24986,7.91924],[-77.24944,7.91937],[-77.24861,7.91906],[-77.24834,7.91928],[-77.24761,7.91933],[-77.24739,7.91915],[-77.24651,7.91916],[-77.24567,7.91897],[-77.24511,7.91869],[-77.24416,7.91757],[-77.24369,7.91764],[-77.24331,7.91802],[-77.24199,7.91789],[-77.24141,7.91793],[-77.24033,7.9178],[-77.23959,7.91793],[-77.23966,7.91865],[-77.23947,7.91936],[-77.23906,7.91957],[-77.23891,7.92005],[-77.23789,7.92098],[-77.23736,7.92055],[-77.23669,7.92046],[-77.23597,7.9201],[-77.23568,7.92033],[-77.2351,7.91997],[-77.23494,7.91956],[-77.2334,7.91975],[-77.23301,7.92036],[-77.23229,7.92069],[-77.23104,7.92053],[-77.2303,7.92062],[-77.22939,7.92047],[-77.22776,7.92038],[-77.22718,7.91998],[-77.22712,7.91953],[-77.22646,7.91915],[-77.22593,7.91858],[-77.22508,7.91808],[-77.22471,7.91771],[-77.22385,7.91733],[-77.22363,7.9169],[-77.22244,7.91672],[-77.22222,7.91648],[-77.2203,7.91632],[-77.21832,7.91636],[-77.21784,7.91652],[-77.2147,7.91664],[-77.21461,7.91717],[-77.21417,7.91766],[-77.21369,7.91789],[-77.21376,7.91873],[-77.21305,7.91877],[-77.21261,7.91903],[-77.21219,7.91961],[-77.21131,7.91959],[-77.21129,7.92051],[-77.21102,7.92073],[-77.21111,7.92192],[-77.21068,7.92228],[-77.20983,7.92201],[-77.20929,7.92229],[-77.20804,7.9223],[-77.20766,7.92196],[-77.20596,7.92151],[-77.20574,7.92115],[-77.20477,7.92077],[-77.20409,7.9208],[-77.20265,7.91996],[-77.20239,7.92023],[-77.2014,7.92011],[-77.20068,7.92016],[-77.20001,7.92041],[-77.19909,7.92007],[-77.19901,7.91983],[-77.19807,7.91959],[-77.19651,7.91939],[-77.19619,7.92023],[-77.19519,7.92054],[-77.19432,7.92137],[-77.19379,7.92142],[-77.19345,7.92222],[-77.19224,7.92223],[-77.19206,7.92243],[-77.19142,7.92227],[-77.19026,7.92218],[-77.18993,7.9214],[-77.18867,7.92084],[-77.1882,7.92043],[-77.18707,7.9203],[-77.18643,7.92002],[-77.18547,7.91994],[-77.18479,7.91947],[-77.18459,7.91908],[-77.18361,7.91875],[-77.18343,7.91847],[-77.18279,7.91869],[-77.18199,7.91857],[-77.18121,7.91808],[-77.181,7.91767],[-77.18048,7.9177],[-77.17994,7.91734],[-77.17947,7.91728],[-77.17885,7.91751],[-77.17752,7.91725],[-77.17716,7.91696],[-77.17612,7.9169],[-77.17524,7.91728],[-77.17493,7.91804],[-77.17415,7.91887],[-77.17365,7.91917],[-77.17361,7.91949],[-77.17311,7.91944],[-77.17256,7.91997],[-77.17231,7.91981],[-77.1718,7.9203],[-77.17131,7.92028],[-77.17102,7.92108],[-77.17026,7.92106],[-77.16862,7.92144],[-77.16826,7.92193],[-77.16826,7.92243],[-77.16757,7.92362],[-77.16767,7.92397],[-77.1672,7.92449],[-77.1667,7.92467],[-77.16648,7.92438],[-77.16599,7.92514],[-77.16563,7.9267],[-77.16493,7.92708],[-77.16425,7.92722],[-77.164,7.92751],[-77.16406,7.92797],[-77.16381,7.92827],[-77.16338,7.92827],[-77.16325,7.92866],[-77.16281,7.92882],[-77.16255,7.92921],[-77.16191,7.92936],[-77.16134,7.93007],[-77.16087,7.92998],[-77.1604,7.93067],[-77.15959,7.93143],[-77.15933,7.93183],[-77.15858,7.93231],[-77.15859,7.93278],[-77.15929,7.93318],[-77.15933,7.93377],[-77.15986,7.93394],[-77.16065,7.93378],[-77.16104,7.93391],[-77.16163,7.93375],[-77.16183,7.93475],[-77.16205,7.93495],[-77.16262,7.93471],[-77.16284,7.93535],[-77.16318,7.93518],[-77.16357,7.93544],[-77.1645,7.93559],[-77.165,7.93604],[-77.16509,7.93676],[-77.16541,7.93735],[-77.16709,7.93735],[-77.16723,7.93692],[-77.1681,7.93671],[-77.1696,7.93667],[-77.17004,7.93649],[-77.17092,7.93678],[-77.17056,7.93799],[-77.17049,7.93874],[-77.17066,7.93933],[-77.17014,7.93941],[-77.17031,7.94028],[-77.17035,7.94155],[-77.17026,7.94205],[-77.17056,7.94311],[-77.17035,7.94374],[-77.17087,7.94388],[-77.17131,7.94441],[-77.17135,7.94533],[-77.17196,7.94573],[-77.17245,7.94571],[-77.17235,7.94608],[-77.17326,7.94684],[-77.17362,7.94734],[-77.174,7.94725],[-77.17416,7.94829],[-77.17448,7.94852],[-77.1744,7.94937],[-77.17484,7.95005],[-77.17557,7.95023],[-77.17589,7.95112],[-77.17627,7.95144],[-77.17712,7.95091],[-77.17752,7.95131],[-77.1772,7.95196],[-77.17734,7.95225],[-77.17679,7.95248],[-77.17733,7.95269],[-77.17752,7.95317],[-77.17791,7.95303],[-77.17822,7.95353],[-77.17896,7.95333],[-77.17992,7.95358],[-77.18064,7.9534],[-77.1808,7.95387],[-77.1812,7.95425],[-77.18157,7.9543],[-77.18203,7.95513],[-77.18203,7.95572],[-77.18125,7.95566],[-77.18061,7.95594],[-77.17978,7.95589],[-77.17948,7.95681],[-77.17884,7.95692],[-77.17824,7.95678],[-77.17769,7.95737],[-77.17729,7.95726],[-77.17707,7.95825],[-77.17678,7.95834],[-77.17603,7.95948],[-77.17602,7.96013],[-77.17552,7.96047],[-77.17496,7.96113],[-77.17406,7.96094],[-77.17215,7.96097],[-77.17201,7.96159],[-77.17176,7.96157],[-77.17099,7.96213],[-77.17081,7.96361],[-77.16962,7.96353],[-77.16886,7.96454],[-77.16854,7.96542],[-77.167,7.96707],[-77.16687,7.96757],[-77.16641,7.96782],[-77.16617,7.96842],[-77.16547,7.96903],[-77.16333,7.96888],[-77.16225,7.96895],[-77.16219,7.96948],[-77.16294,7.96983],[-77.16364,7.97035],[-77.16443,7.97142],[-77.16507,7.97277],[-77.16564,7.97305],[-77.16569,7.97431],[-77.16693,7.97468],[-77.16778,7.97553],[-77.16773,7.9759],[-77.16823,7.97596],[-77.1689,7.97703],[-77.1702,7.97753],[-77.17047,7.97821],[-77.1723,7.97816],[-77.17325,7.9782],[-77.17344,7.97781],[-77.1738,7.97786],[-77.1739,7.9789],[-77.17535,7.97931],[-77.17597,7.97926],[-77.1762,7.97965],[-77.17648,7.97957],[-77.17698,7.98003],[-77.17677,7.98034],[-77.17708,7.98094],[-77.17802,7.9812],[-77.17882,7.98125],[-77.17969,7.98175],[-77.17972,7.98242],[-77.18033,7.98242],[-77.18193,7.98302],[-77.18226,7.98346],[-77.18257,7.98329],[-77.18296,7.98369],[-77.18288,7.98439],[-77.18411,7.98527],[-77.18468,7.98598],[-77.18479,7.98649],[-77.18564,7.9872],[-77.18561,7.98801],[-77.18633,7.98851],[-77.18692,7.98873],[-77.1872,7.98954],[-77.18792,7.98971],[-77.18851,7.99003],[-77.18918,7.98965],[-77.18952,7.98974],[-77.19002,7.9892],[-77.19041,7.98906],[-77.19106,7.98845],[-77.19131,7.98924],[-77.19204,7.9896],[-77.19218,7.99005],[-77.1926,7.99035],[-77.19259,7.99075],[-77.19292,7.99102],[-77.19368,7.9928],[-77.19465,7.994],[-77.19585,7.99454],[-77.19589,7.99502],[-77.19689,7.99595],[-77.19746,7.99612],[-77.19777,7.99671],[-77.1983,7.99731],[-77.1982,7.99758],[-77.19862,7.99778],[-77.199,7.99894],[-77.19932,7.99891],[-77.2001,7.99971],[-77.2009,8.00024],[-77.2025,8.00028],[-77.2029,8.00006],[-77.20334,8.00014],[-77.20364,8.00058],[-77.20395,8.00061],[-77.20407,8.00127],[-77.20446,8.00142],[-77.20452,8.00187],[-77.20511,8.00217],[-77.20524,8.0028],[-77.20585,8.00334],[-77.20582,8.00364],[-77.2066,8.00357],[-77.20665,8.00407],[-77.20702,8.00461],[-77.2075,8.00458],[-77.20802,8.00498],[-77.20847,8.00581],[-77.20829,8.00617],[-77.20941,8.00683],[-77.20979,8.00747],[-77.21062,8.00758],[-77.21104,8.00792],[-77.21148,8.00789],[-77.21242,8.00818],[-77.21304,8.0091],[-77.21326,8.01025],[-77.2136,8.01073],[-77.21438,8.01098],[-77.21465,8.01164],[-77.2145,8.01315],[-77.21458,8.01373],[-77.21572,8.01505],[-77.21638,8.01532],[-77.21677,8.01645],[-77.21636,8.01699],[-77.21621,8.01753],[-77.2158,8.01758],[-77.21529,8.01824],[-77.21574,8.01859],[-77.21504,8.01975],[-77.21506,8.0208],[-77.21589,8.02072],[-77.21596,8.02103],[-77.21652,8.02122],[-77.21698,8.02114],[-77.21749,8.02168],[-77.2177,8.02223],[-77.21864,8.02238],[-77.21944,8.02356],[-77.2197,8.02435],[-77.2203,8.02462],[-77.22036,8.02507],[-77.22125,8.02583],[-77.2213,8.02628],[-77.22236,8.02622],[-77.22295,8.02634],[-77.22386,8.02495],[-77.2243,8.02485],[-77.2249,8.02426],[-77.22597,8.02407],[-77.22698,8.02336],[-77.22775,8.02231],[-77.22812,8.02201],[-77.22856,8.02224],[-77.22943,8.02216],[-77.23004,8.02252],[-77.23043,8.02237],[-77.23076,8.02282],[-77.2314,8.02271],[-77.23161,8.02331],[-77.23213,8.02326],[-77.23364,8.02499],[-77.23296,8.02512],[-77.23243,8.02541],[-77.23184,8.02624],[-77.23144,8.02641],[-77.23112,8.02697],[-77.22984,8.02709],[-77.22997,8.02741],[-77.22956,8.02771],[-77.22951,8.02823],[-77.22895,8.02868],[-77.22827,8.02859],[-77.22735,8.02881],[-77.22681,8.03058],[-77.22674,8.03118],[-77.22543,8.03196],[-77.22498,8.03203],[-77.22492,8.03248],[-77.22447,8.0326],[-77.22449,8.03312],[-77.22409,8.03346],[-77.2243,8.03541],[-77.22462,8.03585],[-77.22421,8.03643],[-77.22415,8.03744],[-77.22428,8.03786],[-77.22425,8.03867],[-77.22468,8.03927],[-77.22517,8.03932],[-77.22561,8.03964],[-77.22569,8.04006],[-77.22626,8.04077],[-77.2263,8.04199],[-77.22615,8.04234],[-77.22708,8.04307],[-77.229,8.0435],[-77.22859,8.04387],[-77.22838,8.04481],[-77.22799,8.04506],[-77.22744,8.04506],[-77.22771,8.04539],[-77.22768,8.04594],[-77.2274,8.04648],[-77.22841,8.04711],[-77.2283,8.04845],[-77.22868,8.04967],[-77.22918,8.04977],[-77.22943,8.05026],[-77.22952,8.05243],[-77.22965,8.05328],[-77.22984,8.05352],[-77.22999,8.05438],[-77.22935,8.05455],[-77.22922,8.05482],[-77.22824,8.05475],[-77.22735,8.05576],[-77.22725,8.05621],[-77.22687,8.05639],[-77.22728,8.05786],[-77.22744,8.0589],[-77.22767,8.0595],[-77.22738,8.06029],[-77.22709,8.06035],[-77.22699,8.06135],[-77.22669,8.06271],[-77.22633,8.06313],[-77.22626,8.06378],[-77.22592,8.06448],[-77.22675,8.06492],[-77.22696,8.06559],[-77.22808,8.06568],[-77.22889,8.06638],[-77.22916,8.06782],[-77.22844,8.06789],[-77.22779,8.06858],[-77.227,8.06855],[-77.22678,8.06954],[-77.22636,8.0699],[-77.22643,8.0707],[-77.22558,8.07083],[-77.22482,8.07124],[-77.22431,8.07129],[-77.22395,8.07183],[-77.22294,8.07211],[-77.22266,8.07241],[-77.22161,8.07255],[-77.22087,8.07296],[-77.21958,8.07267],[-77.21943,8.07331],[-77.21965,8.0743],[-77.2197,8.07563],[-77.21992,8.07591],[-77.21973,8.07655],[-77.21989,8.07714],[-77.21969,8.0778],[-77.21972,8.0783],[-77.21911,8.07915],[-77.21894,8.07963],[-77.21855,8.07984],[-77.21851,8.08214],[-77.21889,8.08258],[-77.21885,8.08311],[-77.21831,8.08388],[-77.21815,8.0849],[-77.21786,8.08515],[-77.21791,8.08722],[-77.21752,8.08766],[-77.21757,8.08812],[-77.21789,8.08844],[-77.21814,8.08911],[-77.2185,8.08933],[-77.21875,8.08983],[-77.21904,8.08988],[-77.21919,8.09068],[-77.21949,8.09103],[-77.21956,8.09258],[-77.22029,8.09325],[-77.22015,8.09376],[-77.22053,8.09378],[-77.2211,8.09439],[-77.22126,8.09482],[-77.22246,8.09521],[-77.22256,8.09603],[-77.22288,8.09617],[-77.223,8.09717],[-77.22333,8.09755],[-77.22337,8.09814],[-77.22383,8.09864],[-77.22403,8.09917],[-77.22458,8.09934],[-77.22523,8.10027],[-77.2254,8.10071],[-77.22537,8.10135],[-77.22556,8.10158],[-77.22537,8.1021],[-77.22559,8.10274],[-77.22485,8.10327],[-77.22509,8.10356],[-77.22501,8.10438],[-77.2255,8.10501],[-77.22594,8.10504],[-77.22605,8.10573],[-77.22642,8.10628],[-77.22651,8.10677],[-77.22738,8.10787],[-77.22731,8.10966],[-77.22796,8.11009],[-77.22923,8.11116],[-77.22928,8.11207],[-77.22974,8.1131],[-77.23023,8.11383],[-77.23157,8.11409],[-77.23211,8.11448],[-77.23239,8.11579],[-77.23225,8.11664],[-77.23259,8.11735],[-77.23282,8.11907],[-77.23331,8.1202],[-77.23324,8.12085],[-77.23343,8.12108],[-77.2332,8.12153],[-77.23314,8.12233],[-77.23282,8.12296],[-77.23277,8.1235],[-77.23305,8.12364],[-77.23307,8.1249],[-77.23341,8.12546],[-77.23345,8.12603],[-77.23389,8.12679],[-77.23455,8.12749],[-77.23484,8.1285],[-77.23482,8.12901],[-77.23455,8.12917],[-77.2345,8.12997],[-77.23429,8.13045],[-77.23377,8.13092],[-77.23334,8.13105],[-77.23277,8.13161],[-77.2328,8.13196],[-77.2324,8.13234],[-77.23222,8.13333],[-77.23178,8.13372],[-77.23074,8.13358],[-77.23016,8.13302],[-77.2296,8.13277],[-77.22886,8.13215],[-77.22817,8.1323],[-77.22737,8.13286],[-77.22715,8.13263],[-77.22661,8.13297],[-77.22697,8.13401],[-77.22683,8.13454],[-77.22702,8.13471],[-77.22671,8.13507],[-77.22674,8.13639],[-77.22693,8.13688],[-77.22729,8.13694],[-77.22847,8.1377],[-77.22847,8.13823],[-77.22884,8.13888],[-77.22933,8.13927],[-77.2296,8.1401],[-77.22997,8.14014],[-77.23069,8.14077],[-77.23118,8.14068],[-77.23152,8.14111],[-77.2321,8.14149],[-77.23234,8.14187],[-77.23268,8.14184],[-77.23357,8.14258],[-77.23416,8.14278],[-77.23458,8.1427],[-77.23491,8.14298],[-77.23672,8.1432],[-77.23727,8.14335],[-77.23826,8.1439],[-77.23867,8.14434],[-77.23955,8.14483],[-77.24009,8.14545],[-77.24055,8.14543],[-77.24093,8.14571],[-77.24196,8.14588],[-77.24252,8.14626],[-77.24291,8.14717],[-77.24435,8.14764],[-77.24478,8.14762],[-77.24549,8.14818],[-77.24572,8.14859],[-77.2463,8.14904],[-77.24707,8.1494],[-77.24787,8.14945],[-77.24837,8.14978],[-77.24883,8.14965],[-77.25048,8.14974],[-77.25207,8.15009],[-77.25227,8.15089],[-77.25193,8.15121],[-77.2518,8.15203],[-77.25208,8.15277],[-77.25262,8.15325],[-77.2525,8.15415],[-77.25205,8.15466],[-77.25316,8.15518],[-77.25358,8.15592],[-77.25448,8.15596],[-77.25543,8.15645],[-77.2559,8.15697],[-77.25662,8.15722],[-77.25722,8.15792],[-77.25621,8.15835],[-77.25584,8.15809],[-77.25467,8.15835],[-77.25416,8.15894],[-77.25411,8.15998],[-77.2538,8.16047],[-77.2533,8.16052],[-77.2527,8.16133],[-77.25259,8.16181],[-77.25216,8.16152],[-77.25153,8.16144],[-77.25125,8.1616],[-77.25079,8.1614],[-77.24955,8.16154],[-77.24871,8.16226],[-77.24867,8.16292],[-77.24906,8.16335],[-77.24902,8.16404],[-77.24863,8.16439],[-77.24885,8.16645],[-77.24806,8.16751],[-77.24821,8.1686],[-77.24859,8.16967],[-77.24849,8.17179],[-77.24831,8.17224],[-77.24894,8.17266],[-77.24883,8.17318],[-77.2485,8.17306],[-77.24815,8.1736],[-77.24782,8.17467],[-77.24799,8.17507],[-77.24805,8.17654],[-77.24865,8.17718],[-77.24896,8.1781],[-77.24953,8.17816],[-77.24938,8.17876],[-77.24944,8.18117],[-77.25022,8.18159],[-77.25053,8.18206],[-77.25058,8.18295],[-77.25107,8.18335],[-77.25113,8.18398],[-77.25063,8.18453],[-77.25069,8.18512],[-77.25113,8.18589],[-77.25136,8.18719],[-77.25124,8.18753],[-77.25217,8.18773],[-77.2525,8.18837],[-77.25246,8.18904],[-77.2529,8.18919],[-77.25384,8.18912],[-77.25408,8.18931],[-77.25448,8.18909],[-77.25536,8.18907],[-77.25648,8.18941],[-77.25683,8.18986],[-77.2572,8.18994],[-77.25744,8.19035],[-77.25809,8.19096],[-77.25832,8.19151],[-77.26024,8.19242],[-77.2602,8.19328],[-77.26068,8.19368],[-77.26062,8.19528],[-77.2603,8.19582],[-77.26034,8.19748],[-77.25971,8.19845],[-77.25988,8.19975],[-77.2602,8.20006],[-77.26003,8.20034],[-77.26033,8.20105],[-77.26053,8.20252],[-77.26021,8.20252],[-77.25992,8.20344],[-77.25939,8.20364],[-77.25887,8.20412],[-77.25921,8.20482],[-77.25933,8.20593],[-77.25973,8.20614],[-77.25982,8.2072],[-77.26011,8.20729],[-77.26014,8.20778],[-77.26058,8.20815],[-77.26037,8.20847],[-77.26089,8.20932],[-77.26063,8.21026],[-77.26105,8.21095],[-77.26153,8.21134],[-77.26169,8.21203],[-77.26289,8.21228],[-77.26384,8.21231],[-77.26399,8.21257],[-77.2657,8.21259],[-77.26681,8.21172],[-77.2669,8.21151],[-77.2679,8.21124],[-77.2692,8.21169],[-77.26973,8.21223],[-77.27014,8.21234],[-77.2702,8.21277],[-77.27129,8.21309],[-77.27156,8.21331],[-77.27288,8.21354],[-77.27357,8.21424],[-77.27369,8.21476],[-77.27451,8.21555],[-77.27475,8.21617],[-77.27544,8.21655],[-77.27613,8.21665],[-77.27641,8.21701],[-77.27711,8.21725],[-77.27811,8.21733],[-77.27849,8.21756],[-77.27915,8.21735],[-77.27966,8.21663],[-77.27996,8.2167],[-77.28051,8.21727],[-77.28039,8.21781],[-77.28086,8.21852],[-77.28055,8.21909],[-77.28075,8.21953],[-77.28055,8.2198],[-77.28068,8.22163],[-77.2809,8.22173],[-77.28083,8.2226],[-77.28095,8.22283],[-77.28032,8.22335],[-77.28028,8.22378],[-77.28089,8.22558],[-77.28087,8.22595],[-77.28015,8.22662],[-77.27996,8.22727],[-77.28061,8.22844],[-77.2806,8.22899],[-77.28098,8.22905],[-77.28148,8.22983],[-77.28207,8.23023],[-77.2823,8.2308],[-77.28302,8.23136],[-77.28341,8.23243],[-77.2838,8.23267],[-77.28409,8.2332],[-77.28437,8.23325],[-77.2843,8.23395],[-77.28472,8.2344],[-77.28559,8.23475],[-77.28633,8.2348],[-77.2874,8.23597],[-77.28732,8.23681],[-77.28765,8.23761],[-77.28818,8.23835],[-77.28852,8.23932],[-77.28859,8.23993],[-77.289,8.24005],[-77.28879,8.24098],[-77.28891,8.24183],[-77.28924,8.24214],[-77.28915,8.2425],[-77.28966,8.24253],[-77.28968,8.24297],[-77.29009,8.24343],[-77.29013,8.24403],[-77.28996,8.24468],[-77.28965,8.2451],[-77.29001,8.2455],[-77.28997,8.24602],[-77.28933,8.24608],[-77.28905,8.24703],[-77.28868,8.24708],[-77.28904,8.24793],[-77.28887,8.24932],[-77.28923,8.24975],[-77.2891,8.25029],[-77.28808,8.25042],[-77.28781,8.24993],[-77.28703,8.24993],[-77.2869,8.25013],[-77.28649,8.24979],[-77.28567,8.24995],[-77.28565,8.25047],[-77.2852,8.25054],[-77.28512,8.25107],[-77.28454,8.2519],[-77.28438,8.25305],[-77.28478,8.2531],[-77.2849,8.25424],[-77.28558,8.25471],[-77.28613,8.25487],[-77.28602,8.25537],[-77.28649,8.25546],[-77.28629,8.25674],[-77.2866,8.25701],[-77.28709,8.25694],[-77.28715,8.25758],[-77.28755,8.25789],[-77.28857,8.2579],[-77.28905,8.25843],[-77.28934,8.25936],[-77.29003,8.25985],[-77.29066,8.26003],[-77.29087,8.25988],[-77.29154,8.26],[-77.29217,8.2599],[-77.29334,8.2603],[-77.29337,8.26136],[-77.29361,8.26182],[-77.29409,8.26217],[-77.29391,8.26288],[-77.29425,8.26339],[-77.29441,8.26494],[-77.29514,8.2657],[-77.29528,8.26639],[-77.29562,8.26685],[-77.2966,8.26761],[-77.29733,8.26766],[-77.29801,8.26822],[-77.29947,8.26846],[-77.29984,8.26875],[-77.29984,8.27],[-77.3004,8.27064],[-77.30069,8.27141],[-77.30153,8.27172],[-77.30152,8.27202],[-77.30092,8.27274],[-77.30076,8.27317],[-77.30024,8.27322],[-77.30006,8.27447],[-77.30017,8.27519],[-77.29969,8.27542],[-77.29949,8.27622],[-77.29902,8.2764],[-77.29881,8.27694],[-77.29812,8.27712],[-77.29781,8.27789],[-77.29819,8.2789],[-77.29866,8.27923],[-77.29843,8.28013],[-77.29907,8.28048],[-77.29972,8.28142],[-77.30081,8.28156],[-77.30105,8.28138],[-77.3024,8.28118],[-77.30309,8.28122],[-77.30314,8.28182],[-77.30368,8.28217],[-77.30373,8.28293],[-77.3042,8.28283],[-77.30427,8.28319],[-77.30543,8.28335],[-77.30611,8.28326],[-77.3072,8.28208],[-77.30697,8.28173],[-77.30706,8.28122],[-77.30811,8.28109],[-77.30854,8.28053],[-77.3089,8.27937],[-77.30929,8.27924],[-77.30926,8.27878],[-77.30949,8.27736],[-77.30935,8.27685],[-77.30959,8.27597],[-77.3099,8.27546],[-77.31039,8.27531],[-77.31045,8.2748],[-77.31136,8.27469],[-77.31171,8.27428],[-77.31162,8.27371],[-77.31086,8.27244],[-77.31086,8.27202],[-77.3117,8.27164],[-77.3118,8.27107],[-77.31235,8.27071],[-77.313,8.2707],[-77.31308,8.27044],[-77.31412,8.27089],[-77.3152,8.27201],[-77.31574,8.27219],[-77.31694,8.27296],[-77.31775,8.27333],[-77.31897,8.27366],[-77.31913,8.27412],[-77.31994,8.27399],[-77.32042,8.27356],[-77.3213,8.2735],[-77.32159,8.2733],[-77.32228,8.27364],[-77.32274,8.27406],[-77.32324,8.27423],[-77.32435,8.27435],[-77.32469,8.27459],[-77.32505,8.27427],[-77.32626,8.27422],[-77.32614,8.27354],[-77.32691,8.27309],[-77.32802,8.27318],[-77.32941,8.2737],[-77.32982,8.27405],[-77.33025,8.27406],[-77.33151,8.27345],[-77.33279,8.27338],[-77.33347,8.27406],[-77.33379,8.274],[-77.33371,8.27509],[-77.33381,8.27666],[-77.33299,8.27729],[-77.33305,8.27796],[-77.33272,8.27847],[-77.33282,8.27924],[-77.33227,8.2801],[-77.33214,8.28079],[-77.33239,8.28148],[-77.33432,8.28165],[-77.33445,8.2825],[-77.33545,8.28294],[-77.33589,8.2834],[-77.33627,8.28344],[-77.33731,8.28425],[-77.33849,8.28532],[-77.33854,8.28582],[-77.33963,8.28683],[-77.34006,8.28712],[-77.33992,8.28737],[-77.33999,8.28904],[-77.34036,8.28935],[-77.34034,8.29042],[-77.34066,8.29044],[-77.34101,8.29087],[-77.34137,8.29096],[-77.34193,8.29165],[-77.34295,8.29194],[-77.34353,8.29247],[-77.34364,8.29288],[-77.34423,8.29293],[-77.34599,8.29397],[-77.34643,8.29402],[-77.3465,8.29443],[-77.34719,8.2951],[-77.34783,8.29517],[-77.34883,8.29584],[-77.34941,8.29601],[-77.3497,8.29689],[-77.35009,8.29705],[-77.35046,8.29783],[-77.3506,8.29931],[-77.3509,8.30006],[-77.35081,8.30097],[-77.35053,8.30156],[-77.35063,8.30227],[-77.35099,8.30257],[-77.35103,8.30328],[-77.35139,8.30396],[-77.35271,8.30534],[-77.35289,8.3067],[-77.35274,8.30733],[-77.35301,8.3086],[-77.35344,8.3088],[-77.35349,8.31015],[-77.35335,8.31083],[-77.35348,8.31132],[-77.35326,8.31217],[-77.35351,8.31352],[-77.35407,8.31405],[-77.35403,8.31465],[-77.35431,8.31462],[-77.35492,8.31505],[-77.3553,8.31607],[-77.35534,8.31752],[-77.35472,8.31846],[-77.35461,8.31943],[-77.35491,8.31996],[-77.3547,8.32133],[-77.35395,8.32217],[-77.35382,8.32287],[-77.35397,8.32324],[-77.35331,8.32462],[-77.35322,8.3253],[-77.35383,8.32586],[-77.35354,8.32647],[-77.3535,8.3271],[-77.35314,8.32814],[-77.35282,8.32851],[-77.35279,8.33],[-77.35237,8.33058],[-77.35232,8.33103],[-77.35174,8.3318],[-77.35119,8.33185],[-77.35049,8.33228],[-77.35082,8.33268],[-77.35066,8.33298],[-77.34955,8.3342],[-77.34947,8.33576],[-77.34993,8.33696],[-77.35044,8.33778],[-77.35018,8.33848],[-77.35024,8.33913],[-77.35001,8.3394],[-77.35024,8.34033],[-77.3497,8.34068],[-77.34947,8.34184],[-77.34975,8.34216],[-77.34938,8.34281],[-77.34956,8.34324],[-77.34975,8.34464],[-77.35002,8.34506],[-77.34973,8.3452],[-77.34948,8.34582],[-77.34965,8.34611],[-77.34962,8.3469],[-77.34934,8.34722],[-77.3491,8.34795],[-77.34879,8.34831],[-77.34875,8.34917],[-77.34838,8.34969],[-77.34647,8.35091],[-77.34623,8.35118],[-77.34616,8.35232],[-77.34712,8.35251],[-77.34758,8.35328],[-77.34743,8.35342],[-77.34755,8.35506],[-77.348,8.35506],[-77.34816,8.35549],[-77.34771,8.35631],[-77.34789,8.35708],[-77.34833,8.35779],[-77.34866,8.3577],[-77.34894,8.3583],[-77.34853,8.35876],[-77.34913,8.3594],[-77.34997,8.36],[-77.35008,8.36066],[-77.35065,8.36144],[-77.35134,8.3619],[-77.35195,8.36196],[-77.3524,8.3616],[-77.35302,8.36214],[-77.35308,8.36263],[-77.35398,8.36283],[-77.35436,8.36334],[-77.35516,8.36368],[-77.35616,8.3639],[-77.35784,8.36511],[-77.3578,8.36566],[-77.35838,8.36631],[-77.35816,8.36769],[-77.35836,8.36781],[-77.35855,8.36903],[-77.35884,8.36971],[-77.35953,8.37037],[-77.3595,8.37082],[-77.35998,8.37282],[-77.36007,8.37432],[-77.36057,8.37511],[-77.36062,8.37597],[-77.36123,8.37671],[-77.36155,8.37679],[-77.36159,8.37735],[-77.36107,8.37795],[-77.36101,8.37842],[-77.36071,8.37867],[-77.36033,8.37978],[-77.3598,8.37985],[-77.35877,8.38094],[-77.35867,8.38176],[-77.35839,8.38194],[-77.35853,8.38252],[-77.35837,8.38318],[-77.35785,8.38401],[-77.35763,8.38461],[-77.35635,8.38623],[-77.35631,8.38682],[-77.35547,8.38698],[-77.35507,8.38825],[-77.35511,8.38883],[-77.35649,8.39039],[-77.35647,8.39149],[-77.35686,8.39166],[-77.3569,8.39255],[-77.35652,8.39335],[-77.35663,8.39396],[-77.3571,8.39455],[-77.35753,8.39578],[-77.35807,8.39679],[-77.35882,8.39776],[-77.35875,8.39816],[-77.35837,8.39841],[-77.35845,8.39949],[-77.35908,8.39972],[-77.35913,8.40019],[-77.35877,8.40057],[-77.35885,8.40099],[-77.35928,8.40147],[-77.36103,8.4029],[-77.36135,8.40291],[-77.36155,8.40332],[-77.36155,8.40396],[-77.36207,8.4047],[-77.36372,8.40507],[-77.36466,8.40594],[-77.36509,8.40585],[-77.3655,8.40632],[-77.36586,8.40629],[-77.36678,8.40694],[-77.36768,8.40715],[-77.36863,8.40788],[-77.36983,8.40779],[-77.3706,8.40889],[-77.37053,8.4098],[-77.37099,8.41055],[-77.3714,8.41059],[-77.37152,8.41107],[-77.37198,8.4112],[-77.37268,8.41221],[-77.37272,8.41254],[-77.37356,8.41305],[-77.37381,8.41381],[-77.37448,8.41417],[-77.37504,8.41493],[-77.3756,8.41608],[-77.37618,8.41633],[-77.37602,8.41689],[-77.37642,8.41814],[-77.37681,8.41895],[-77.3769,8.41975],[-77.37747,8.42056],[-77.3776,8.42216],[-77.37872,8.42324],[-77.37885,8.42422],[-77.37911,8.42471],[-77.3798,8.42506],[-77.38023,8.42569],[-77.3802,8.42602],[-77.38079,8.42602],[-77.38108,8.42636],[-77.38097,8.42699],[-77.3822,8.42726],[-77.38257,8.42796],[-77.38309,8.42803],[-77.38351,8.42892],[-77.38455,8.42997],[-77.38538,8.43031],[-77.38576,8.43099],[-77.38556,8.43159],[-77.38597,8.43167],[-77.38631,8.43228],[-77.38619,8.43331],[-77.38589,8.43343],[-77.38594,8.43408],[-77.3857,8.43461],[-77.38608,8.43544],[-77.38556,8.43589],[-77.3854,8.43634],[-77.3856,8.43694],[-77.38578,8.43879],[-77.38595,8.43915],[-77.38649,8.43941],[-77.38648,8.44026],[-77.38745,8.44055],[-77.38759,8.44127],[-77.3884,8.44151],[-77.38851,8.44209],[-77.38877,8.44218],[-77.38927,8.44299],[-77.38945,8.44362],[-77.39036,8.4438],[-77.39052,8.4447],[-77.3905,8.44541],[-77.39141,8.44671],[-77.39197,8.44684],[-77.39213,8.44724],[-77.39218,8.44809],[-77.39177,8.44863],[-77.39228,8.44892],[-77.39266,8.45029],[-77.39354,8.45076],[-77.39407,8.45081],[-77.39419,8.45119],[-77.39525,8.45178],[-77.39559,8.4525],[-77.39502,8.45328],[-77.39459,8.45334],[-77.39397,8.45399],[-77.39437,8.45419],[-77.39509,8.45489],[-77.39529,8.45582],[-77.39564,8.45587],[-77.396,8.45635],[-77.39615,8.45722],[-77.39649,8.4571],[-77.39703,8.4573],[-77.39701,8.45784],[-77.39731,8.45791],[-77.39754,8.45857],[-77.39727,8.4589],[-77.39727,8.46038],[-77.39705,8.4608],[-77.39744,8.4611],[-77.3975,8.46195],[-77.39807,8.46212],[-77.39812,8.46245],[-77.39869,8.46251],[-77.39908,8.46286],[-77.39898,8.46321],[-77.39936,8.46345],[-77.39993,8.4634],[-77.40094,8.46362],[-77.4013,8.46395],[-77.4023,8.46434],[-77.40295,8.46511],[-77.40332,8.46585],[-77.40371,8.46608],[-77.40358,8.46656],[-77.4035,8.46785],[-77.40293,8.46801],[-77.40293,8.46939],[-77.40329,8.46996],[-77.40324,8.47069],[-77.403,8.47096],[-77.40264,8.47191],[-77.40227,8.47251],[-77.40092,8.47351],[-77.40083,8.47417],[-77.401,8.47493],[-77.40156,8.4755],[-77.40143,8.47585],[-77.40184,8.47647],[-77.40227,8.47675],[-77.40322,8.47671],[-77.40401,8.47716],[-77.40505,8.4772],[-77.40602,8.47689],[-77.40714,8.47706],[-77.40762,8.47737],[-77.4083,8.47742],[-77.40924,8.47724],[-77.40977,8.47693],[-77.41082,8.47706],[-77.41157,8.47688],[-77.41215,8.47774],[-77.41311,8.47797],[-77.41338,8.47823],[-77.41393,8.47783],[-77.41498,8.478],[-77.41617,8.47755],[-77.41667,8.47787],[-77.41701,8.47764],[-77.41729,8.47814],[-77.41803,8.47817],[-77.41823,8.47759],[-77.41873,8.47762],[-77.41977,8.47732],[-77.42033,8.47698],[-77.42094,8.47702],[-77.42148,8.47673],[-77.42226,8.47714],[-77.4227,8.47666],[-77.424,8.47636],[-77.42506,8.47635],[-77.42537,8.47549],[-77.42621,8.47483],[-77.42756,8.47474],[-77.42789,8.47496],[-77.42848,8.47442],[-77.43,8.47384],[-77.43032,8.4734],[-77.43244,8.47365],[-77.43243,8.47324],[-77.43272,8.47296],[-77.43357,8.4727],[-77.43493,8.47247],[-77.43556,8.47188],[-77.43704,8.47156],[-77.4372,8.4712],[-77.4379,8.47064],[-77.4386,8.4706],[-77.43962,8.47076],[-77.44027,8.47118],[-77.44166,8.47121],[-77.44268,8.47133],[-77.44284,8.47171],[-77.44346,8.47151],[-77.44372,8.47169],[-77.44505,8.47187],[-77.44602,8.4721],[-77.44628,8.4726],[-77.44686,8.47277],[-77.44706,8.47247],[-77.44754,8.47256],[-77.44795,8.47336],[-77.44782,8.47418],[-77.44819,8.47481],[-77.44828,8.47604],[-77.44788,8.4763],[-77.44757,8.47693],[-77.4475,8.47761],[-77.447,8.47814],[-77.44702,8.4784],[-77.44643,8.47915],[-77.44625,8.47975],[-77.44592,8.47992],[-77.44629,8.48078],[-77.44656,8.48254],[-77.44679,8.4829],[-77.44697,8.48381],[-77.44752,8.48435],[-77.44746,8.48641],[-77.44756,8.48691],[-77.44737,8.48772],[-77.44773,8.48894],[-77.4483,8.48901],[-77.44853,8.49048],[-77.44885,8.49077],[-77.44868,8.49124],[-77.44876,8.49183],[-77.44929,8.49183],[-77.44916,8.49258],[-77.44852,8.49333],[-77.44848,8.49398],[-77.44769,8.49479],[-77.44821,8.49518],[-77.44826,8.49576],[-77.44873,8.49654],[-77.44902,8.49661],[-77.44944,8.49737],[-77.44948,8.4981],[-77.4493,8.49894],[-77.44973,8.49933],[-77.44962,8.49985],[-77.44985,8.50012],[-77.44954,8.50066],[-77.45006,8.50102],[-77.45057,8.50202],[-77.45092,8.50212],[-77.45094,8.50266],[-77.4515,8.50271],[-77.45208,8.50365],[-77.45226,8.50434],[-77.45364,8.50481],[-77.45439,8.50537],[-77.45444,8.50586],[-77.45473,8.50579],[-77.45519,8.50694],[-77.45563,8.50704],[-77.45559,8.508],[-77.45588,8.50852],[-77.45626,8.50854],[-77.45725,8.5092],[-77.45695,8.50974],[-77.45549,8.51043],[-77.45512,8.51047],[-77.45458,8.51088],[-77.45291,8.5112],[-77.45274,8.51147],[-77.45195,8.51183],[-77.45092,8.51201],[-77.45054,8.51246],[-77.44988,8.51274],[-77.44824,8.51258],[-77.44801,8.51319],[-77.44765,8.51317],[-77.44697,8.51358],[-77.44651,8.51365],[-77.44627,8.51401],[-77.44512,8.51394],[-77.44476,8.51505],[-77.44398,8.51584],[-77.444,8.51641],[-77.44337,8.51784],[-77.4431,8.5179],[-77.44244,8.51855],[-77.44253,8.51923],[-77.44189,8.51996],[-77.4421,8.52045],[-77.44203,8.52139],[-77.44147,8.52183],[-77.44142,8.52252],[-77.4406,8.52274],[-77.44056,8.52392],[-77.44081,8.52437],[-77.44077,8.52517],[-77.44015,8.52517],[-77.43981,8.5254],[-77.4395,8.5262],[-77.43956,8.52683],[-77.43934,8.52793],[-77.43948,8.52877],[-77.43909,8.52931],[-77.4387,8.53036],[-77.43897,8.53073],[-77.43907,8.53202],[-77.43934,8.53228],[-77.43916,8.53314],[-77.43867,8.53368],[-77.43858,8.53436],[-77.43828,8.53488],[-77.43861,8.5353],[-77.43836,8.53617],[-77.43805,8.53628],[-77.43799,8.53675],[-77.43827,8.53708],[-77.43844,8.53787],[-77.43831,8.5382],[-77.43781,8.53846],[-77.43752,8.5391],[-77.43783,8.53965],[-77.43749,8.54019],[-77.43718,8.54024],[-77.43756,8.54148],[-77.43858,8.54209],[-77.43927,8.54237],[-77.43946,8.54301],[-77.43897,8.54379],[-77.43858,8.54395],[-77.43836,8.54504],[-77.43871,8.54521],[-77.43886,8.54618],[-77.43882,8.54733],[-77.43793,8.54835],[-77.43844,8.54867],[-77.43854,8.5491],[-77.43921,8.54986],[-77.43904,8.55014],[-77.43913,8.55136],[-77.43969,8.55189],[-77.43937,8.55242],[-77.43945,8.55319],[-77.43964,8.55325],[-77.43946,8.5539],[-77.43982,8.55424],[-77.44019,8.55507],[-77.44036,8.55585],[-77.44011,8.55655],[-77.4393,8.55694],[-77.43905,8.5585],[-77.43869,8.55925],[-77.43884,8.55947],[-77.43851,8.55986],[-77.43851,8.56025],[-77.43801,8.56065],[-77.43782,8.56123],[-77.43716,8.56179],[-77.43728,8.56223],[-77.43701,8.56257],[-77.43695,8.56313],[-77.43524,8.56321],[-77.43479,8.56307],[-77.43354,8.56207],[-77.43272,8.56126],[-77.43177,8.56111],[-77.43154,8.56051],[-77.43097,8.56031],[-77.42984,8.55938],[-77.4301,8.55904],[-77.42961,8.55909],[-77.42889,8.55839],[-77.42883,8.55814],[-77.42823,8.55806],[-77.42728,8.55828],[-77.42669,8.5581],[-77.42594,8.55864],[-77.42542,8.55984],[-77.42478,8.55982],[-77.42439,8.55942],[-77.42395,8.56007],[-77.42429,8.5607],[-77.42375,8.56176],[-77.42402,8.56298],[-77.42361,8.56317],[-77.42362,8.56348],[-77.42298,8.56366],[-77.42256,8.56355],[-77.42148,8.56403],[-77.42142,8.56433],[-77.42082,8.56459],[-77.42071,8.56493],[-77.41983,8.56512],[-77.41951,8.56489],[-77.41912,8.56507],[-77.41889,8.56575],[-77.41837,8.56584],[-77.41803,8.5662],[-77.41798,8.56677],[-77.41771,8.56697],[-77.41554,8.56724],[-77.41471,8.56665],[-77.41391,8.56666],[-77.41358,8.56643],[-77.41326,8.5667],[-77.41244,8.56698],[-77.41202,8.5667],[-77.41094,8.56634],[-77.41094,8.5661],[-77.41001,8.56614],[-77.40959,8.56636],[-77.40998,8.56796],[-77.4106,8.56829],[-77.41106,8.56882],[-77.41136,8.56887],[-77.41172,8.5698],[-77.41176,8.57039],[-77.41152,8.57059],[-77.41145,8.57123],[-77.41122,8.57158],[-77.41118,8.57232],[-77.41172,8.57308],[-77.41177,8.57371],[-77.41159,8.57474],[-77.41109,8.5748],[-77.41145,8.57539],[-77.4114,8.57585],[-77.41088,8.57668],[-77.4113,8.57703],[-77.41223,8.5771],[-77.4125,8.57751],[-77.41241,8.57866],[-77.41274,8.57884],[-77.41261,8.57929],[-77.41331,8.57943],[-77.41296,8.57974],[-77.41292,8.58036],[-77.41332,8.58027],[-77.41388,8.58071],[-77.41385,8.58106],[-77.41439,8.58191],[-77.41479,8.58171],[-77.41535,8.58196],[-77.41541,8.58244],[-77.41613,8.58302],[-77.41709,8.58321],[-77.4176,8.58363],[-77.41816,8.58361],[-77.41813,8.58415],[-77.41854,8.58392],[-77.41896,8.58458],[-77.41928,8.58477],[-77.419,8.58539],[-77.41918,8.58629],[-77.41868,8.58678],[-77.41859,8.58773],[-77.41819,8.58788],[-77.41814,8.58822],[-77.41745,8.58829],[-77.41696,8.58802],[-77.41654,8.58804],[-77.41612,8.58855],[-77.41584,8.58838],[-77.41523,8.58849],[-77.41493,8.5889],[-77.41369,8.58889],[-77.41304,8.58808],[-77.41168,8.58777],[-77.411,8.58777],[-77.41101,8.58732],[-77.41071,8.58669],[-77.41002,8.58694],[-77.40906,8.58631],[-77.40862,8.58577],[-77.40683,8.58597],[-77.40653,8.58576],[-77.40628,8.58506],[-77.40501,8.58479],[-77.40491,8.58461],[-77.40415,8.58461],[-77.40385,8.5851],[-77.40332,8.58486],[-77.40251,8.58502],[-77.40179,8.58548],[-77.40095,8.58535],[-77.40075,8.58611],[-77.39907,8.58603],[-77.39842,8.58552],[-77.39728,8.58423],[-77.3969,8.58456],[-77.39638,8.58444],[-77.39552,8.58394],[-77.39515,8.58421],[-77.39483,8.5839],[-77.39462,8.58411],[-77.39379,8.58426],[-77.39331,8.58411],[-77.39297,8.58476],[-77.39226,8.58447],[-77.39182,8.58492],[-77.39118,8.58509],[-77.39088,8.58471],[-77.3905,8.58483],[-77.39084,8.58585],[-77.39121,8.58633],[-77.39073,8.587],[-77.39077,8.58756],[-77.39132,8.58764],[-77.39216,8.58832],[-77.39308,8.58852],[-77.39298,8.58956],[-77.39238,8.59018],[-77.39266,8.59063],[-77.39285,8.5918],[-77.39262,8.59269],[-77.39314,8.59291],[-77.39348,8.59501],[-77.39328,8.59527],[-77.39348,8.5957],[-77.39379,8.59569],[-77.39462,8.59628],[-77.39489,8.59633],[-77.39509,8.59682],[-77.3964,8.59715],[-77.39685,8.59714],[-77.39723,8.59794],[-77.39797,8.59811],[-77.39852,8.59943],[-77.39884,8.59998],[-77.39856,8.6005],[-77.39872,8.601],[-77.39929,8.60114],[-77.39935,8.60158],[-77.39982,8.60176],[-77.40009,8.60241],[-77.40036,8.60248],[-77.40112,8.60332],[-77.401,8.60403],[-77.40127,8.6049],[-77.40112,8.60543],[-77.40153,8.60645],[-77.40245,8.60766],[-77.40323,8.608],[-77.40365,8.60794],[-77.40386,8.60845],[-77.40367,8.60889],[-77.40403,8.609],[-77.40416,8.60959],[-77.40408,8.61047],[-77.40446,8.61158],[-77.40436,8.61226],[-77.40359,8.61281],[-77.40378,8.61336],[-77.40365,8.61411],[-77.40339,8.61441],[-77.40271,8.61468],[-77.40213,8.61472],[-77.40196,8.61528],[-77.40139,8.61609],[-77.40109,8.61607],[-77.40027,8.61694],[-77.39986,8.61718],[-77.4,8.61799],[-77.40048,8.61804],[-77.40081,8.61844],[-77.40105,8.61947],[-77.40154,8.62001],[-77.40193,8.621],[-77.40173,8.62152],[-77.40224,8.62199],[-77.40215,8.62265],[-77.40257,8.62313],[-77.40273,8.62367],[-77.40314,8.62422],[-77.40297,8.62468],[-77.40324,8.62514],[-77.40305,8.62574],[-77.4034,8.62654],[-77.40342,8.62729],[-77.40369,8.62834],[-77.40413,8.62878],[-77.40451,8.62983],[-77.40517,8.62988],[-77.40507,8.63026],[-77.40535,8.63077],[-77.40521,8.63098],[-77.40543,8.63167],[-77.40581,8.63152],[-77.40638,8.63172],[-77.40662,8.6322],[-77.40731,8.63268],[-77.40727,8.63334],[-77.40756,8.63339],[-77.40796,8.6343],[-77.40838,8.63482],[-77.40892,8.63509],[-77.40896,8.63573],[-77.40861,8.63645],[-77.40848,8.63716],[-77.40874,8.63792],[-77.40901,8.63817],[-77.40938,8.63922],[-77.40933,8.64012],[-77.40901,8.64067],[-77.40896,8.64118],[-77.40923,8.64216],[-77.40913,8.6427],[-77.40884,8.64255],[-77.40834,8.64296],[-77.40824,8.64347],[-77.40862,8.64362],[-77.40846,8.6453],[-77.40796,8.6457],[-77.40669,8.64627],[-77.4065,8.64668],[-77.40556,8.647],[-77.40507,8.64689],[-77.40484,8.64727],[-77.40437,8.64725],[-77.40266,8.6481],[-77.40257,8.64881],[-77.40225,8.6488],[-77.40222,8.6494],[-77.40153,8.64952],[-77.40137,8.6498],[-77.40012,8.64986],[-77.4,8.65026],[-77.39924,8.64966],[-77.39756,8.64965],[-77.3968,8.65025],[-77.39626,8.65089],[-77.39569,8.65092],[-77.39438,8.65126],[-77.39354,8.65114],[-77.39299,8.65123],[-77.39221,8.65099],[-77.39158,8.65008],[-77.39141,8.64925],[-77.39113,8.64912],[-77.39108,8.64865],[-77.39064,8.64849],[-77.39042,8.64803],[-77.3895,8.64763],[-77.38887,8.64757],[-77.38794,8.64787],[-77.38766,8.64747],[-77.38755,8.64681],[-77.38677,8.64678],[-77.3866,8.64565],[-77.3858,8.64463],[-77.38534,8.64365],[-77.38531,8.64262],[-77.38496,8.64252],[-77.3845,8.64285],[-77.38397,8.64263],[-77.38352,8.64276],[-77.38225,8.64281],[-77.38196,8.64321],[-77.38161,8.64318],[-77.38042,8.64373],[-77.37994,8.64311],[-77.37979,8.64249],[-77.37886,8.64146],[-77.37851,8.64169],[-77.37813,8.64089],[-77.37723,8.64041],[-77.37653,8.64059],[-77.37511,8.64033],[-77.37513,8.63994],[-77.37417,8.63853],[-77.3735,8.63842],[-77.37211,8.63718],[-77.37173,8.63708],[-77.37105,8.63769],[-77.3708,8.63824],[-77.36893,8.63882],[-77.36809,8.63944],[-77.36721,8.63979],[-77.36635,8.64079],[-77.36476,8.64114],[-77.36481,8.64157],[-77.3658,8.64231],[-77.36654,8.64301],[-77.36672,8.644],[-77.3673,8.64434],[-77.36713,8.64509],[-77.36737,8.64541],[-77.36718,8.64589],[-77.36749,8.64631],[-77.36808,8.64662],[-77.36835,8.64705],[-77.36786,8.64712],[-77.36774,8.64759],[-77.36804,8.64771],[-77.36776,8.64831],[-77.36762,8.64909],[-77.36804,8.6495],[-77.36818,8.65065],[-77.36854,8.65065],[-77.3687,8.65126],[-77.36931,8.65154],[-77.3699,8.6521],[-77.36934,8.65312],[-77.36969,8.65388],[-77.36991,8.65394],[-77.36991,8.65453],[-77.36968,8.65516],[-77.36971,8.6563],[-77.36996,8.65662],[-77.37018,8.65748],[-77.36989,8.6579],[-77.37009,8.65896],[-77.37034,8.65903],[-77.36996,8.65996],[-77.37001,8.66068],[-77.3704,8.66168],[-77.3696,8.66217],[-77.36946,8.66301],[-77.36895,8.66447],[-77.36806,8.66535],[-77.36721,8.6657],[-77.36692,8.66607],[-77.36521,8.66633],[-77.36419,8.66683],[-77.36413,8.66793],[-77.36424,8.66857],[-77.36398,8.66965],[-77.36419,8.67058],[-77.36449,8.67103],[-77.36525,8.67146],[-77.36572,8.67146],[-77.36665,8.67113],[-77.36756,8.67113],[-77.3678,8.67208],[-77.36783,8.67271],[-77.36845,8.67328],[-77.3692,8.67446],[-77.36917,8.67546],[-77.36966,8.67623],[-77.3705,8.67676],[-77.3713,8.67711],[-77.3709,8.67717],[-77.37017,8.67683],[-77.36958,8.67679],[-77.3694,8.67751],[-77.36888,8.67773],[-77.36821,8.67737],[-77.36771,8.67673],[-77.36753,8.67572],[-77.36797,8.67515],[-77.36824,8.67446],[-77.36817,8.67389],[-77.36714,8.67434],[-77.36683,8.67406],[-77.36642,8.67301],[-77.36604,8.67278],[-77.36542,8.67299],[-77.36412,8.67277],[-77.36307,8.67311],[-77.36307,8.67368],[-77.3625,8.67479],[-77.36164,8.67551],[-77.35984,8.67479],[-77.35943,8.67479],[-77.35862,8.67549],[-77.35765,8.67468],[-77.35705,8.67361],[-77.35701,8.67325],[-77.35753,8.67294],[-77.35784,8.67242],[-77.35846,8.67234],[-77.35917,8.67175],[-77.35938,8.6708],[-77.35934,8.67039],[-77.35893,8.67004],[-77.3596,8.66973],[-77.35974,8.66916],[-77.3595,8.66849],[-77.36007,8.66775],[-77.36,8.66566],[-77.35974,8.66428],[-77.35979,8.66387],[-77.36045,8.66226],[-77.36096,8.66158],[-77.36187,8.66086],[-77.36223,8.66147],[-77.36275,8.6616],[-77.36342,8.66212],[-77.36399,8.66227],[-77.36484,8.66189],[-77.36522,8.66038],[-77.36595,8.65936],[-77.36602,8.6589],[-77.36568,8.65789],[-77.36547,8.6562],[-77.36484,8.65517],[-77.3641,8.6549],[-77.36324,8.65504],[-77.36265,8.65538],[-77.36284,8.65595],[-77.36256,8.65648],[-77.36147,8.65656],[-77.36083,8.65681],[-77.36029,8.65734],[-77.35934,8.6578],[-77.35829,8.65762],[-77.35755,8.65736],[-77.35641,8.65797],[-77.35506,8.65789],[-77.35452,8.65761],[-77.35428,8.65715],[-77.35407,8.6558],[-77.35388,8.65519],[-77.35298,8.65437],[-77.3515,8.65372],[-77.35064,8.65294],[-77.34838,8.65007],[-77.348,8.64967],[-77.34708,8.64934],[-77.34644,8.64886],[-77.34619,8.64803],[-77.34571,8.64733],[-77.34535,8.64653],[-77.34453,8.64639],[-77.34423,8.6454],[-77.34413,8.64428],[-77.34445,8.64342],[-77.34544,8.64211],[-77.34602,8.64156],[-77.34621,8.64087],[-77.34605,8.64021],[-77.34617,8.63946],[-77.34668,8.63903],[-77.34659,8.6384],[-77.34605,8.63773],[-77.34602,8.63728],[-77.34664,8.6361],[-77.34669,8.63532],[-77.34634,8.63395],[-77.34611,8.63341],[-77.34529,8.63206],[-77.34478,8.63151],[-77.34369,8.63],[-77.34282,8.62968],[-77.34215,8.62913],[-77.34215,8.62839],[-77.34248,8.62774],[-77.34221,8.62641],[-77.34223,8.62566],[-77.34257,8.62486],[-77.34185,8.62403],[-77.34168,8.62452],[-77.34055,8.62498],[-77.34027,8.62494],[-77.33983,8.62445],[-77.33985,8.62403],[-77.33937,8.62401],[-77.33869,8.62351],[-77.33836,8.62296],[-77.33777,8.62254],[-77.33657,8.62226],[-77.33631,8.62199],[-77.33517,8.62214],[-77.33448,8.62199],[-77.33402,8.62121],[-77.33359,8.62102],[-77.33178,8.621],[-77.33107,8.62072],[-77.33043,8.61902],[-77.32995,8.61971],[-77.32898,8.62012],[-77.32833,8.61971],[-77.32759,8.61995],[-77.32755,8.62062],[-77.32725,8.6207],[-77.32685,8.6214],[-77.32675,8.621],[-77.32694,8.62043],[-77.32662,8.62049],[-77.32656,8.62142],[-77.3263,8.62153],[-77.3261,8.62226],[-77.32572,8.62231],[-77.32586,8.6213],[-77.32546,8.61902],[-77.32586,8.61818],[-77.32637,8.61778],[-77.32759,8.61649],[-77.32839,8.61628],[-77.32856,8.61548],[-77.32761,8.61512],[-77.32734,8.61487],[-77.3267,8.61476],[-77.32698,8.61403],[-77.32618,8.61407],[-77.3239,8.61266],[-77.32365,8.61228],[-77.32329,8.61068],[-77.32272,8.60952],[-77.32258,8.60889],[-77.3226,8.60745],[-77.3223,8.60473],[-77.32211,8.60391],[-77.32104,8.60145],[-77.32041,8.60067],[-77.31969,8.60031],[-77.31906,8.60029],[-77.31842,8.59983],[-77.31743,8.59989],[-77.3175,8.59907],[-77.31643,8.59877],[-77.31638,8.59789],[-77.31598,8.59774],[-77.3156,8.59804],[-77.31489,8.59749],[-77.31392,8.59692],[-77.31305,8.59658],[-77.31255,8.59679],[-77.31187,8.59573],[-77.31147,8.59427],[-77.31112,8.5941],[-77.31105,8.59477],[-77.31067,8.59528],[-77.31006,8.59526],[-77.30954,8.59456],[-77.3092,8.59338],[-77.30958,8.5923],[-77.30979,8.59089],[-77.30962,8.59014],[-77.30903,8.58835],[-77.3084,8.58721],[-77.30739,8.58635],[-77.30542,8.58581],[-77.30565,8.58522],[-77.30519,8.58548],[-77.3044,8.5863],[-77.30315,8.5867],[-77.30233,8.58602],[-77.30208,8.58473],[-77.30175,8.5842],[-77.29908,8.58284],[-77.29851,8.58216],[-77.29794,8.58059],[-77.29758,8.57995],[-77.29704,8.57959],[-77.29633,8.57867],[-77.29522,8.57784],[-77.29494,8.57692],[-77.29469,8.57663],[-77.29422,8.57695],[-77.29454,8.57613],[-77.29422,8.57545],[-77.2944,8.57499],[-77.29419,8.5746],[-77.2944,8.57424],[-77.29426,8.57296],[-77.29319,8.57242],[-77.29244,8.57253],[-77.29137,8.57296],[-77.29112,8.57342],[-77.29115,8.57445],[-77.29151,8.57538],[-77.29065,8.57574],[-77.28926,8.57563],[-77.28819,8.57513],[-77.28851,8.57485],[-77.28901,8.57495],[-77.28937,8.57413],[-77.28894,8.57267],[-77.28869,8.57221],[-77.287,8.57209],[-77.28662,8.57176],[-77.28623,8.57063],[-77.28516,8.56911],[-77.28495,8.56837],[-77.28498,8.56786],[-77.28531,8.5672],[-77.28499,8.56713],[-77.28499,8.56648],[-77.28531,8.56512],[-77.28563,8.56498],[-77.28582,8.56397],[-77.28513,8.56391],[-77.28448,8.56319],[-77.2843,8.56272],[-77.2837,8.56194],[-77.28299,8.56263],[-77.28233,8.5623],[-77.28108,8.56081],[-77.28064,8.56046],[-77.28031,8.55989],[-77.27951,8.55906],[-77.27933,8.55864],[-77.27927,8.5576],[-77.27799,8.55567],[-77.2774,8.55486],[-77.27692,8.55379],[-77.27666,8.55217],[-77.27675,8.55202],[-77.27659,8.55049],[-77.27561,8.54829],[-77.27546,8.54713],[-77.27593,8.54621],[-77.27597,8.54578],[-77.27694,8.54513],[-77.27723,8.54467],[-77.27712,8.54398],[-77.27618,8.54326],[-77.27588,8.5427],[-77.27611,8.54237],[-77.27656,8.54231],[-77.27726,8.54119],[-77.27759,8.54036],[-77.27769,8.53857],[-77.27752,8.53776],[-77.2768,8.53562],[-77.27606,8.53449],[-77.27517,8.53401],[-77.27386,8.53351],[-77.27338,8.53312],[-77.27216,8.5328],[-77.27213,8.53232],[-77.27249,8.53187],[-77.27283,8.53006],[-77.27286,8.52931],[-77.27224,8.52863],[-77.27121,8.52881],[-77.27062,8.5286],[-77.26954,8.52732],[-77.26925,8.52649],[-77.26994,8.52522],[-77.27033,8.52475],[-77.27084,8.52357],[-77.27116,8.52224],[-77.27051,8.52052],[-77.26957,8.51898],[-77.26925,8.51797],[-77.26936,8.51716],[-77.2699,8.51739],[-77.27029,8.51783],[-77.27073,8.51798],[-77.27181,8.51754],[-77.27279,8.51664],[-77.27302,8.51626],[-77.27328,8.51521],[-77.27357,8.51255],[-77.27407,8.51176],[-77.27484,8.51147],[-77.27528,8.51081],[-77.27551,8.50993],[-77.27537,8.5093],[-77.27514,8.50707],[-77.27502,8.50656],[-77.27439,8.50546],[-77.27386,8.50484],[-77.27341,8.50406],[-77.2721,8.50252],[-77.27026,8.50133],[-77.26928,8.50061],[-77.26708,8.49924],[-77.26458,8.49743],[-77.26041,8.49499],[-77.25643,8.493],[-77.25435,8.49187],[-77.2536,8.49208],[-77.25283,8.49038],[-77.25271,8.48987],[-77.25294,8.48809],[-77.2533,8.48766],[-77.25337,8.48647],[-77.25316,8.48543],[-77.25241,8.48458],[-77.25161,8.48399],[-77.25185,8.48339],[-77.25173,8.48277],[-77.25088,8.48188],[-77.25092,8.48152],[-77.25214,8.48098],[-77.25194,8.48036],[-77.25108,8.47973],[-77.25064,8.47912],[-77.25012,8.47753],[-77.25048,8.47675],[-77.24998,8.47625],[-77.24987,8.47582],[-77.25016,8.47499],[-77.25012,8.47431],[-77.24947,8.47384],[-77.24926,8.47252],[-77.2489,8.47205],[-77.24771,8.47119],[-77.24443,8.46932],[-77.24226,8.46825],[-77.2375,8.46578],[-77.23628,8.46499],[-77.23458,8.46402],[-77.23159,8.46208],[-77.22223,8.45618],[-77.22063,8.45527],[-77.2131,8.45064],[-77.20578,8.44652],[-77.19634,8.44161],[-77.19563,8.4416],[-77.19483,8.44136],[-77.19355,8.44071],[-77.19182,8.43958],[-77.19105,8.43895],[-77.18989,8.4378],[-77.18805,8.43726],[-77.18617,8.43726],[-77.18466,8.43691],[-77.18293,8.43633],[-77.18087,8.43572],[-77.17803,8.43479],[-77.17522,8.43404],[-77.1715,8.43328],[-77.16916,8.43321],[-77.16772,8.4335],[-77.16556,8.43422],[-77.16509,8.43458],[-77.16534,8.4353],[-77.16541,8.43609],[-77.16534,8.43706],[-77.16484,8.43749],[-77.16423,8.4377],[-77.16365,8.43691],[-77.16365,8.43591],[-77.16343,8.43505],[-77.16293,8.43447],[-77.16235,8.43408],[-77.16267,8.43289],[-77.16361,8.43278],[-77.16404,8.43221],[-77.16393,8.43139],[-77.16289,8.43009],[-77.16235,8.42877],[-77.16159,8.42794],[-77.16152,8.4274],[-77.16073,8.42672],[-77.1595,8.4269],[-77.15856,8.42579],[-77.15824,8.42478],[-77.15795,8.42432],[-77.15727,8.42428],[-77.15654,8.42381],[-77.15669,8.42342],[-77.15705,8.42342],[-77.15705,8.42303],[-77.15672,8.4227],[-77.15593,8.42231],[-77.15561,8.42184],[-77.15564,8.42041],[-77.1551,8.41983],[-77.15438,8.41983],[-77.15388,8.42066],[-77.1533,8.42087],[-77.15276,8.42084],[-77.15197,8.42051],[-77.15146,8.41998],[-77.15099,8.42016],[-77.15074,8.42051],[-77.15056,8.42127],[-77.14966,8.42109],[-77.1493,8.42033],[-77.14912,8.41944],[-77.14916,8.41894],[-77.1489,8.41836],[-77.1479,8.41736],[-77.1458,8.41657],[-77.14404,8.41635],[-77.14289,8.41668],[-77.14249,8.4161],[-77.13979,8.41521],[-77.13798,8.4151],[-77.13701,8.41621],[-77.13633,8.41635],[-77.13579,8.41618],[-77.13525,8.41539],[-77.13532,8.41338],[-77.13506,8.41269],[-77.1342,8.41155],[-77.1333,8.41122],[-77.13283,8.41158],[-77.13204,8.41151],[-77.13164,8.41201],[-77.13117,8.41212],[-77.13074,8.41191],[-77.12998,8.41011],[-77.12908,8.40954],[-77.12912,8.40738],[-77.12872,8.40663],[-77.12854,8.40494],[-77.12789,8.40372],[-77.1284,8.40293],[-77.12865,8.40215],[-77.1284,8.40075],[-77.12822,8.39902],[-77.12829,8.39827],[-77.12789,8.39727],[-77.12681,8.39594],[-77.12591,8.3954],[-77.12584,8.39439],[-77.12519,8.39396],[-77.12303,8.39364],[-77.12259,8.39346],[-77.12227,8.39292],[-77.12234,8.39188],[-77.12155,8.39106],[-77.12137,8.39063],[-77.1214,8.38934],[-77.1204,8.38876],[-77.12004,8.38815],[-77.11849,8.3874],[-77.11748,8.38715],[-77.11571,8.38707],[-77.11506,8.38786],[-77.11456,8.38743],[-77.11427,8.38646],[-77.11427,8.38575],[-77.11398,8.38514],[-77.1138,8.38431],[-77.1138,8.38324],[-77.11348,8.38266],[-77.11214,8.38191],[-77.11164,8.38191],[-77.1116,8.38158],[-77.112,8.38108],[-77.11124,8.38029],[-77.1107,8.37907],[-77.11121,8.37886],[-77.11185,8.37893],[-77.11265,8.37932],[-77.11283,8.38033],[-77.11351,8.38065],[-77.11427,8.3804],[-77.11618,8.37897],[-77.1165,8.37792],[-77.11675,8.37649],[-77.1174,8.37638],[-77.11772,8.37666],[-77.1182,8.37656],[-77.11859,8.37538],[-77.1183,8.37319],[-77.11787,8.37164],[-77.11737,8.37093],[-77.11639,8.36992],[-77.11575,8.36949],[-77.11481,8.36834],[-77.11419,8.36788],[-77.11376,8.36687],[-77.11261,8.36601],[-77.11146,8.36544],[-77.11041,8.36454],[-77.10926,8.36443],[-77.10875,8.36397],[-77.10875,8.36343],[-77.10789,8.36221],[-77.10782,8.3616],[-77.10814,8.36049],[-77.10782,8.35891],[-77.10731,8.35772],[-77.10562,8.35625],[-77.10522,8.35517],[-77.10375,8.3537],[-77.10241,8.35266],[-77.10108,8.35212],[-77.09924,8.35148],[-77.09842,8.35142],[-77.09731,8.35011],[-77.09669,8.34972],[-77.09551,8.34788],[-77.0945,8.34732],[-77.09434,8.34698],[-77.09428,8.34547],[-77.09377,8.34436],[-77.09377,8.34357],[-77.09405,8.34184],[-77.094,8.34111],[-77.09377,8.34061],[-77.09231,8.33832],[-77.09102,8.33558],[-77.08982,8.3342],[-77.08872,8.33211],[-77.0876,8.33105],[-77.08743,8.32999],[-77.08721,8.32949],[-77.08586,8.32882],[-77.08405,8.32854],[-77.08075,8.32669],[-77.07969,8.32636],[-77.07751,8.32616],[-77.07641,8.32524],[-77.07568,8.32352],[-77.07575,8.32249],[-77.0756,8.32173],[-77.07495,8.3207],[-77.07499,8.32035],[-77.07545,8.32012],[-77.07541,8.31924],[-77.0761,8.31913],[-77.07625,8.31947],[-77.0769,8.31951],[-77.07751,8.31856],[-77.07816,8.31792],[-77.0786,8.31688],[-77.0787,8.31555],[-77.07831,8.31458],[-77.0778,8.31401],[-77.07659,8.31307],[-77.07556,8.31204],[-77.07503,8.31137],[-77.07349,8.31019],[-77.07203,8.30897],[-77.07226,8.30851],[-77.07361,8.30908],[-77.07403,8.30897],[-77.07472,8.30798],[-77.07491,8.30702],[-77.07499,8.30576],[-77.07457,8.30413],[-77.0734,8.30283],[-77.07133,8.30095],[-77.06894,8.29915],[-77.06766,8.29854],[-77.06618,8.29767],[-77.06519,8.29685],[-77.0649,8.29601],[-77.06486,8.29427],[-77.06478,8.29395],[-77.06521,8.29302],[-77.0651,8.29218],[-77.06452,8.29169],[-77.06259,8.29041],[-77.0607,8.28922],[-77.05743,8.28797],[-77.05636,8.28742],[-77.05545,8.28681],[-77.05493,8.28597],[-77.05467,8.28478],[-77.05495,8.2838],[-77.05476,8.28321],[-77.05353,8.28275],[-77.05293,8.28211],[-77.0522,8.28088],[-77.05224,8.27942],[-77.05256,8.27869],[-77.05238,8.27787],[-77.05169,8.2775],[-77.04949,8.27755],[-77.04881,8.27682],[-77.04848,8.27621],[-77.04872,8.2754],[-77.04861,8.27464],[-77.0481,8.27421],[-77.04684,8.27339],[-77.04605,8.27314],[-77.04465,8.27253],[-77.04403,8.27213],[-77.04418,8.27102],[-77.04454,8.27079],[-77.04519,8.27073],[-77.04569,8.27037],[-77.04594,8.26991],[-77.04612,8.2689],[-77.04528,8.2675],[-77.04468,8.26686],[-77.04363,8.26604],[-77.04266,8.26563],[-77.04223,8.26492],[-77.04234,8.26435],[-77.04284,8.26377],[-77.0427,8.2632],[-77.04151,8.26119],[-77.04069,8.26061],[-77.04005,8.25942],[-77.04071,8.25891],[-77.04063,8.25743],[-77.04024,8.25659],[-77.03964,8.25627],[-77.03877,8.25609],[-77.03831,8.25486],[-77.03772,8.25449],[-77.03666,8.25422],[-77.03652,8.25306],[-77.03612,8.25262],[-77.03159,8.25169],[-77.0229,8.25075],[-77.01895,8.25054],[-77.01621,8.25061],[-77.01243,8.25079],[-77.00937,8.2509],[-77.00764,8.25115],[-77.00526,8.25158],[-77.00328,8.25172],[-77.00112,8.25212],[-76.99874,8.2524],[-76.99492,8.25265],[-76.99312,8.25258],[-76.99161,8.25272],[-76.98919,8.25373],[-76.98781,8.25411],[-76.98721,8.25416],[-76.98401,8.2548],[-76.98126,8.25475],[-76.98073,8.25516],[-76.98019,8.25528],[-76.97976,8.25193],[-76.97938,8.24757],[-76.97943,8.24382],[-76.97964,8.24094],[-76.97976,8.23787],[-76.97972,8.23585],[-76.97952,8.23414],[-76.97902,8.23181],[-76.97829,8.22769],[-76.9776,8.22557],[-76.97662,8.22304],[-76.97582,8.22143],[-76.9744,8.21755],[-76.9736,8.21521],[-76.97299,8.2132],[-76.97012,8.20441],[-76.96956,8.20264],[-76.9692,8.20207],[-76.96874,8.2007],[-76.96832,8.19882],[-76.96813,8.19832],[-76.96752,8.19547],[-76.96651,8.19179],[-76.96609,8.19087],[-76.96549,8.19013],[-76.96457,8.18934],[-76.96327,8.18839],[-76.96107,8.18665],[-76.95948,8.18526],[-76.95792,8.18376],[-76.95555,8.18133],[-76.95369,8.17893],[-76.95235,8.17676],[-76.95194,8.17594],[-76.95104,8.17385],[-76.95068,8.17324],[-76.94933,8.17234],[-76.94975,8.17127],[-76.9501,8.16999],[-76.95046,8.16818],[-76.95091,8.16404],[-76.95127,8.16178],[-76.95172,8.15943],[-76.9526,8.15581],[-76.95315,8.15383],[-76.95351,8.15224],[-76.95374,8.15038],[-76.95427,8.14565],[-76.95441,8.14079],[-76.95441,8.13827],[-76.95458,8.13387],[-76.95474,8.13163],[-76.955,8.1299],[-76.95539,8.12787],[-76.95558,8.12599],[-76.95565,8.12449],[-76.9556,8.12273],[-76.95528,8.1204],[-76.95461,8.11735],[-76.95335,8.11357],[-76.95178,8.10988],[-76.95118,8.10815],[-76.95087,8.10653],[-76.9508,8.10522],[-76.95116,8.1012],[-76.95125,8.0991],[-76.9509,8.0976],[-76.95054,8.09715],[-76.94983,8.09672],[-76.94711,8.09601],[-76.94473,8.09501],[-76.94397,8.09437],[-76.94264,8.09223],[-76.94197,8.09016],[-76.94155,8.08756],[-76.94136,8.08437],[-76.94112,8.07702],[-76.94088,8.07557],[-76.93893,8.07093],[-76.93852,8.0696],[-76.93829,8.06798],[-76.93836,8.06634],[-76.93862,8.0646],[-76.93907,8.06284],[-76.9399,8.06101],[-76.94083,8.05927],[-76.94219,8.05718],[-76.94454,8.0537],[-76.94742,8.04978],[-76.95106,8.04549],[-76.95473,8.04169],[-76.9578,8.03878],[-76.95991,8.0369],[-76.96253,8.03545],[-76.96589,8.03343],[-76.96836,8.03245],[-76.96989,8.03207],[-76.97134,8.03191],[-76.97702,8.0321],[-76.98347,8.03193],[-76.98497,8.03174],[-76.98611,8.03145],[-76.98716,8.03103],[-76.98895,8.02979],[-76.99144,8.02731],[-76.99306,8.02553],[-76.99451,8.02341],[-76.99565,8.02115],[-76.99661,8.01906],[-76.99763,8.01596],[-76.99841,8.01228],[-76.99908,8.00952],[-77.00001,8.00676],[-77.00201,8.00133],[-77.00325,7.99762],[-77.00398,7.99422],[-77.00465,7.99019],[-77.00531,7.98548],[-77.00555,7.98232],[-77.00565,7.97694],[-77.00574,7.97304],[-77.00567,7.97197],[-77.00548,7.97109],[-77.00503,7.96987],[-77.00217,7.96521],[-77.00058,7.96238],[-77.00018,7.96124],[-77.00003,7.96047],[-77.00008,7.95843],[-77.00039,7.95741],[-77.00099,7.95607],[-77.00182,7.95488],[-77.00286,7.95379],[-77.00384,7.95296],[-77.00524,7.95219],[-77.0066,7.95162],[-77.00865,7.95108],[-77.01067,7.95084],[-77.01283,7.95074],[-77.01552,7.95079],[-77.01814,7.95067],[-77.01921,7.95041],[-77.02004,7.95003],[-77.02097,7.94941],[-77.02142,7.94879],[-77.02159,7.94813],[-77.02154,7.94729],[-77.02102,7.94637],[-77.01952,7.94465],[-77.01776,7.94299],[-77.01571,7.94161],[-77.01402,7.94023],[-77.01324,7.93935],[-77.01267,7.9383],[-77.01233,7.93666],[-77.01222,7.93487],[-77.01231,7.93382],[-77.01262,7.93216],[-77.01412,7.92669],[-77.01519,7.92343],[-77.01612,7.92126],[-77.01795,7.91803],[-77.01902,7.91577],[-77.0209,7.91198],[-77.02211,7.90903],[-77.02318,7.90556],[-77.02376,7.90353],[-77.02426,7.90146],[-77.0249,7.89761],[-77.02592,7.89247],[-77.0264,7.89042],[-77.02747,7.88762],[-77.02856,7.8849],[-77.02947,7.88314],[-77.03042,7.88152],[-77.03139,7.8801],[-77.03294,7.87841],[-77.03687,7.87436],[-77.03932,7.87255],[-77.0416,7.87075],[-77.04746,7.86563],[-77.04903,7.86399],[-77.05074,7.86185],[-77.05324,7.85802],[-77.05447,7.85618],[-77.05624,7.85397],[-77.05838,7.85154],[-77.05975,7.85074],[-77.06174,7.84938],[-77.06279,7.84886],[-77.06384,7.84858],[-77.06483,7.84844],[-77.06647,7.84807],[-77.06922,7.84789],[-77.07318,7.84753],[-77.07472,7.84744],[-77.07525,7.8474],[-77.07678,7.84698],[-77.07976,7.84564],[-77.08061,7.84517],[-77.08133,7.84449],[-77.08323,7.842],[-77.08426,7.84015],[-77.08488,7.83876],[-77.08598,7.83668],[-77.08797,7.83263],[-77.08943,7.83044],[-77.09127,7.8283],[-77.09246,7.82717],[-77.09366,7.82615],[-77.09521,7.82507],[-77.09767,7.82389],[-77.09958,7.82333],[-77.10172,7.82325],[-77.10433,7.82358],[-77.10558,7.82392],[-77.10743,7.82485],[-77.10972,7.82633],[-77.11236,7.82797],[-77.11546,7.83007],[-77.1169,7.83096],[-77.11797,7.83153],[-77.11896,7.83194],[-77.12059,7.83249],[-77.12168,7.83268],[-77.12298,7.83258],[-77.12454,7.83176],[-77.12535,7.83106],[-77.12602,7.83024],[-77.1272,7.82835],[-77.12755,7.82757],[-77.12783,7.82638],[-77.12777,7.82468],[-77.12729,7.82212],[-77.12581,7.81658],[-77.12546,7.81481],[-77.12457,7.81204],[-77.1241,7.8102],[-77.12377,7.80857],[-77.12358,7.80658],[-77.12359,7.80489],[-77.12371,7.80185],[-77.12367,7.79856],[-77.12372,7.79573],[-77.12356,7.79265],[-77.12339,7.79176],[-77.12272,7.78939],[-77.12214,7.78802],[-77.12122,7.78685],[-77.1198,7.78577],[-77.11893,7.7853],[-77.11662,7.78474],[-77.11612,7.7847],[-77.11303,7.78151],[-77.03906,7.70481],[-77.00324,7.67154],[-76.99705,7.66689],[-76.96228,7.64215],[-76.96181,7.64172],[-76.96076,7.64104],[-76.96004,7.6403],[-76.95952,7.63888],[-76.95868,7.6376],[-76.95833,7.63638],[-76.95846,7.63485],[-76.95867,7.63377],[-76.95862,7.63309],[-76.95743,7.63002],[-76.95443,7.62369],[-76.95397,7.62134],[-76.9521,7.61549],[-76.94939,7.60923],[-76.94866,7.60457],[-76.94701,7.5996],[-76.94564,7.59697],[-76.9459,7.59543],[-76.94556,7.59318],[-76.94445,7.59081],[-76.94296,7.58886],[-76.93585,7.58421],[-76.89905,7.58178],[-76.82524,7.58174],[-76.8207,7.57852],[-76.80116,7.57209],[-76.77163,7.54604],[-76.7421,7.51999],[-76.71258,7.49393],[-76.68305,7.46787],[-76.6607,7.44814],[-76.63927,7.38163],[-76.61786,7.31511],[-76.61619,7.315],[-76.61607,7.3146],[-76.61601,7.31295],[-76.61575,7.31233],[-76.61517,7.31186],[-76.61355,7.31177],[-76.61188,7.31224],[-76.61052,7.3121],[-76.61015,7.31179],[-76.60953,7.31163],[-76.60771,7.31224],[-76.60676,7.31217],[-76.60613,7.31231],[-76.60552,7.31327],[-76.60483,7.31343],[-76.6041,7.31299],[-76.6038,7.31259],[-76.60336,7.31161],[-76.60332,7.31046],[-76.60368,7.30952],[-76.60383,7.30852],[-76.60359,7.30793],[-76.60283,7.30768],[-76.60161,7.30793],[-76.60057,7.30776],[-76.5992,7.30699],[-76.59828,7.30626],[-76.59774,7.30511],[-76.59686,7.30431],[-76.59551,7.30335],[-76.59556,7.30296],[-76.59613,7.30224],[-76.59622,7.30163],[-76.59593,7.30135],[-76.59487,7.30143],[-76.59408,7.30168],[-76.593,7.30155],[-76.592,7.30113],[-76.5906,7.30075],[-76.59002,7.30093],[-76.59005,7.30122],[-76.59086,7.30189],[-76.59106,7.3031],[-76.59099,7.30353],[-76.59026,7.30381],[-76.58972,7.30335],[-76.5891,7.30234],[-76.58874,7.30203],[-76.58799,7.30187],[-76.5867,7.30197],[-76.58626,7.30177],[-76.58613,7.30095],[-76.58625,7.29861],[-76.58554,7.29791],[-76.58386,7.29793],[-76.58314,7.29807],[-76.58271,7.29852],[-76.58208,7.30044],[-76.5822,7.30095],[-76.58283,7.30163],[-76.58319,7.30226],[-76.58314,7.30277],[-76.58277,7.303],[-76.5813,7.30305],[-76.58025,7.30367],[-76.57964,7.30438],[-76.57895,7.30418],[-76.57825,7.30339],[-76.57738,7.30265],[-76.57652,7.30137],[-76.57541,7.29956],[-76.57444,7.29861],[-76.5736,7.29798],[-76.57293,7.29701],[-76.572,7.29525],[-76.57146,7.29362],[-76.56964,7.29072],[-76.56904,7.28903],[-76.56883,7.28774],[-76.5682,7.28462],[-76.56702,7.27987],[-76.56659,7.27915],[-76.56559,7.27775],[-76.5643,7.27581],[-76.56349,7.27444],[-76.56245,7.27397],[-76.55991,7.27089],[-76.55893,7.27017],[-76.55775,7.26965],[-76.55688,7.26853],[-76.55634,7.26799],[-76.55538,7.26792],[-76.55431,7.26819],[-76.55392,7.26761],[-76.55348,7.26655],[-76.55197,7.26551],[-76.55072,7.26329],[-76.54989,7.26259],[-76.54837,7.26266],[-76.54781,7.26236],[-76.54687,7.26025],[-76.54687,7.25925],[-76.54644,7.25876],[-76.54535,7.25837],[-76.54362,7.25748],[-76.54329,7.25756],[-76.54277,7.25837],[-76.54153,7.25957],[-76.54099,7.25957],[-76.53988,7.25775],[-76.53956,7.25737],[-76.53719,7.25509],[-76.53638,7.25494],[-76.53582,7.25537],[-76.53508,7.25641],[-76.53495,7.25771],[-76.53531,7.2593],[-76.53572,7.26033],[-76.53628,7.2612],[-76.53641,7.26161],[-76.5362,7.26206],[-76.53579,7.26201],[-76.53512,7.2612],[-76.5332,7.25767],[-76.53227,7.25617],[-76.53184,7.25582],[-76.53053,7.25513],[-76.53005,7.25421],[-76.52985,7.25302],[-76.52924,7.25092],[-76.52785,7.247],[-76.52709,7.24554],[-76.5262,7.24411],[-76.52588,7.24324],[-76.52553,7.2412],[-76.52542,7.23965],[-76.52505,7.23847],[-76.52426,7.23727],[-76.5237,7.23626],[-76.52349,7.23529],[-76.5237,7.23413],[-76.52357,7.23345],[-76.52317,7.23261],[-76.52314,7.23052],[-76.5239,7.23035],[-76.52406,7.23006],[-76.52397,7.22934],[-76.52354,7.22858],[-76.52323,7.22835],[-76.52196,7.22819],[-76.52155,7.22804],[-76.51999,7.22659],[-76.51825,7.22511],[-76.5178,7.22445],[-76.51761,7.22349],[-76.51784,7.22215],[-76.51778,7.22137],[-76.51712,7.21906],[-76.51683,7.21826],[-76.51702,7.2165],[-76.51673,7.21561],[-76.51565,7.21458],[-76.51527,7.21404],[-76.51461,7.21225],[-76.51444,7.21148],[-76.51463,7.21061],[-76.51439,7.21034],[-76.51329,7.20998],[-76.51281,7.20872],[-76.51251,7.20758],[-76.5126,7.20677],[-76.51353,7.20596],[-76.51346,7.20547],[-76.51293,7.20464],[-76.51082,7.20298],[-76.51017,7.20205],[-76.50914,7.20171],[-76.50852,7.20138],[-76.50802,7.20091],[-76.50777,7.20018],[-76.50784,7.19965],[-76.50849,7.1984],[-76.50851,7.19765],[-76.50804,7.19747],[-76.5067,7.19737],[-76.50583,7.19703],[-76.50536,7.19656],[-76.50462,7.19501],[-76.50441,7.19434],[-76.50471,7.19397],[-76.50542,7.19372],[-76.50616,7.19365],[-76.50667,7.19285],[-76.50608,7.19225],[-76.50594,7.19173],[-76.50648,7.19118],[-76.50669,7.19043],[-76.50562,7.18959],[-76.5057,7.1892],[-76.50674,7.18836],[-76.50767,7.18786],[-76.50786,7.18753],[-76.50714,7.18684],[-76.50708,7.18657],[-76.50756,7.18531],[-76.50823,7.18462],[-76.5084,7.18397],[-76.50759,7.18281],[-76.50641,7.18257],[-76.50618,7.18203],[-76.50638,7.18031],[-76.50626,7.1797],[-76.50554,7.1792],[-76.50501,7.17913],[-76.50451,7.17865],[-76.5044,7.1782],[-76.50455,7.17705],[-76.50435,7.17648],[-76.50447,7.17604],[-76.50519,7.17595],[-76.50541,7.17567],[-76.50455,7.1743],[-76.50503,7.17396],[-76.50496,7.17368],[-76.50431,7.17357],[-76.50323,7.17305],[-76.50262,7.17233],[-76.5026,7.17065],[-76.50218,7.16973],[-76.50156,7.1692],[-76.50017,7.16849],[-76.49991,7.16822],[-76.49995,7.16773],[-76.50026,7.16716],[-76.50031,7.16664],[-76.49952,7.1656],[-76.49956,7.16523],[-76.50004,7.16472],[-76.50002,7.16425],[-76.4995,7.1633],[-76.49985,7.16269],[-76.49928,7.1615],[-76.49922,7.16098],[-76.49877,7.16021],[-76.49795,7.16005],[-76.49752,7.15965],[-76.49761,7.15903],[-76.4972,7.15804],[-76.49626,7.15755],[-76.49696,7.15653],[-76.49775,7.15675],[-76.49832,7.15576],[-76.49898,7.15497],[-76.49887,7.15433],[-76.49787,7.15358],[-76.49795,7.15316],[-76.49859,7.15275],[-76.49843,7.15211],[-76.49759,7.15154],[-76.49721,7.15085],[-76.49707,7.1499],[-76.49629,7.14838],[-76.49551,7.14651],[-76.49507,7.14632],[-76.49363,7.14524],[-76.49231,7.14498],[-76.49172,7.14441],[-76.49137,7.1434],[-76.49041,7.14231],[-76.49009,7.14138],[-76.48946,7.1401],[-76.48831,7.13947],[-76.48766,7.13884],[-76.4867,7.13731],[-76.48546,7.13602],[-76.48525,7.13529],[-76.4854,7.1343],[-76.48507,7.13378],[-76.48467,7.13357],[-76.48425,7.13286],[-76.48475,7.1326],[-76.48608,7.13243],[-76.48685,7.13305],[-76.48752,7.13335],[-76.48921,7.13319],[-76.48983,7.13288],[-76.49066,7.132],[-76.49153,7.13156],[-76.49271,7.13158],[-76.49315,7.13181],[-76.49405,7.1327],[-76.49459,7.13303],[-76.49565,7.13312],[-76.49618,7.13352],[-76.49634,7.13413],[-76.4968,7.1346],[-76.49686,7.1353],[-76.49664,7.13614],[-76.49707,7.13658],[-76.49822,7.13721],[-76.501,7.1374],[-76.5028,7.13726],[-76.50324,7.13798],[-76.50354,7.13818],[-76.50505,7.13847],[-76.5061,7.13927],[-76.50702,7.13957],[-76.50826,7.13862],[-76.50848,7.1374],[-76.50892,7.13658],[-76.5092,7.13509],[-76.50955,7.13426],[-76.50958,7.13361],[-76.50912,7.13142],[-76.50856,7.13015],[-76.50854,7.12973],[-76.50888,7.1288],[-76.50903,7.12782],[-76.50892,7.12659],[-76.50905,7.12547],[-76.50942,7.12423],[-76.51003,7.12279],[-76.51009,7.12218],[-76.50999,7.12073],[-76.51142,7.11761],[-76.51196,7.11625],[-76.51297,7.11499],[-76.5136,7.11353],[-76.51389,7.11168],[-76.51435,7.11078],[-76.51472,7.11058],[-76.51603,7.11055],[-76.517,7.11009],[-76.51793,7.10989],[-76.51883,7.10992],[-76.51953,7.10971],[-76.52097,7.10878],[-76.52171,7.10816],[-76.52291,7.10701],[-76.52414,7.107],[-76.52487,7.10626],[-76.52505,7.10579],[-76.52452,7.10513],[-76.5243,7.10452],[-76.52444,7.10412],[-76.52417,7.10236],[-76.52446,7.10094],[-76.52417,7.10015],[-76.52324,7.09942],[-76.52285,7.09886],[-76.52326,7.09846],[-76.52383,7.09833],[-76.52547,7.09843],[-76.52585,7.09834],[-76.5269,7.0977],[-76.52832,7.09768],[-76.52881,7.09735],[-76.52928,7.0967],[-76.53085,7.09402],[-76.53124,7.09318],[-76.53123,7.09109],[-76.53087,7.08884],[-76.53083,7.08716],[-76.53132,7.08588],[-76.53144,7.08465],[-76.53122,7.08356],[-76.53047,7.08162],[-76.53011,7.08049],[-76.53006,7.07962],[-76.53037,7.07935],[-76.53143,7.07884],[-76.533,7.07707],[-76.53355,7.0763],[-76.53446,7.07562],[-76.53515,7.07462],[-76.53622,7.07357],[-76.53723,7.07175],[-76.53775,7.07059],[-76.53801,7.06966],[-76.53866,7.06895],[-76.53878,7.06848],[-76.53789,7.06613],[-76.53745,7.06581],[-76.53612,7.06573],[-76.53519,7.06513],[-76.53396,7.06363],[-76.53266,7.06298],[-76.53214,7.06242],[-76.53162,7.06114],[-76.53071,7.06035],[-76.53067,7.05979],[-76.53109,7.05862],[-76.53165,7.05646],[-76.53181,7.05553],[-76.53227,7.05406],[-76.53347,7.05253],[-76.53446,7.05153],[-76.5358,7.05052],[-76.5362,7.04981],[-76.53614,7.04535],[-76.53583,7.04294],[-76.53558,7.03971],[-76.53531,7.03869],[-76.53558,7.03828],[-76.53656,7.03771],[-76.53776,7.03624],[-76.5384,7.03502],[-76.53877,7.0332],[-76.53876,7.03124],[-76.53944,7.03036],[-76.54013,7.0289],[-76.54085,7.02803],[-76.54252,7.02676],[-76.54269,7.02642],[-76.54277,7.02503],[-76.54301,7.02391],[-76.54387,7.02226],[-76.54464,7.02123],[-76.5453,7.01994],[-76.54569,7.01951],[-76.54748,7.01814],[-76.54819,7.01733],[-76.54932,7.01694],[-76.54946,7.01583],[-76.54844,7.01371],[-76.54776,7.012],[-76.54653,7.01061],[-76.54581,7.01013],[-76.54575,7.00978],[-76.54623,7.00844],[-76.5469,7.00493],[-76.54746,7.00296],[-76.54805,7.00155],[-76.55042,6.99871],[-76.55159,6.99737],[-76.55213,6.9962],[-76.5532,6.99464],[-76.55372,6.9942],[-76.5558,6.99319],[-76.55665,6.99215],[-76.55868,6.99069],[-76.56096,6.98945],[-76.56239,6.98926],[-76.56356,6.98923],[-76.56384,6.9889],[-76.56406,6.98759],[-76.56449,6.98607],[-76.56493,6.98564],[-76.56613,6.98528],[-76.56766,6.98458],[-76.56898,6.98315],[-76.56954,6.98228],[-76.57002,6.98048],[-76.57033,6.98016],[-76.57131,6.97968],[-76.57218,6.97978],[-76.57248,6.98012],[-76.57285,6.98112],[-76.57353,6.98151],[-76.57403,6.9815],[-76.57531,6.98112],[-76.57621,6.98132],[-76.57717,6.98113],[-76.57766,6.98131],[-76.57825,6.98181],[-76.57971,6.98229],[-76.58082,6.98213],[-76.58164,6.98256],[-76.5823,6.98265],[-76.58315,6.98308],[-76.58399,6.98311],[-76.5842,6.98401],[-76.58492,6.98537],[-76.58489,6.98619],[-76.5845,6.98748],[-76.58489,6.9894],[-76.58485,6.99029],[-76.58505,6.99116],[-76.58528,6.99152],[-76.58634,6.99247],[-76.58711,6.9933],[-76.58732,6.99441],[-76.58781,6.99516],[-76.58787,6.996],[-76.58825,6.99718],[-76.5891,6.9985],[-76.58951,6.99893],[-76.58942,6.99989],[-76.58942,7.00192],[-76.58988,7.00415],[-76.59017,7.00492],[-76.59051,7.00623],[-76.59057,7.00752],[-76.59118,7.00929],[-76.5916,7.01018],[-76.59241,7.01121],[-76.59294,7.01163],[-76.59411,7.01181],[-76.59493,7.01232],[-76.59546,7.01149],[-76.59643,7.01088],[-76.59693,7.01028],[-76.5973,7.00942],[-76.59752,7.00819],[-76.59768,7.00663],[-76.59803,7.00588],[-76.59957,7.00457],[-76.60082,7.00366],[-76.60148,7.00283],[-76.60159,7.00232],[-76.60246,7.00098],[-76.60297,7.00053],[-76.60345,7.00059],[-76.60375,7.00164],[-76.60443,7.00292],[-76.60475,7.004],[-76.60504,7.00445],[-76.60504,7.00563],[-76.60562,7.00709],[-76.6059,7.00824],[-76.60646,7.00854],[-76.6074,7.00859],[-76.60872,7.00899],[-76.60913,7.00974],[-76.61023,7.01127],[-76.61046,7.01196],[-76.61113,7.01259],[-76.6112,7.01383],[-76.61238,7.01473],[-76.61293,7.01478],[-76.61371,7.01527],[-76.61464,7.01557],[-76.61561,7.01679],[-76.61603,7.01662],[-76.61624,7.01618],[-76.61802,7.0153],[-76.61912,7.01486],[-76.6199,7.01436],[-76.62145,7.01353],[-76.62233,7.01357],[-76.62423,7.01479],[-76.62556,7.01511],[-76.62622,7.01571],[-76.627,7.0157],[-76.62818,7.01618],[-76.62858,7.01602],[-76.62916,7.01508],[-76.62987,7.01467],[-76.63088,7.01462],[-76.63268,7.01497],[-76.63422,7.01498],[-76.63482,7.01488],[-76.63808,7.01406],[-76.63944,7.01321],[-76.64154,7.0125],[-76.64214,7.01172],[-76.64248,7.0106],[-76.64283,7.00993],[-76.64369,7.00898],[-76.6442,7.00856],[-76.64505,7.00832],[-76.64549,7.00836],[-76.64627,7.00892],[-76.64686,7.00917],[-76.64858,7.00939],[-76.6492,7.00963],[-76.65026,7.01028],[-76.6513,7.01043],[-76.65185,7.01069],[-76.65219,7.0111],[-76.65261,7.01324],[-76.65335,7.01442],[-76.65379,7.01493],[-76.65441,7.01532],[-76.65517,7.01647],[-76.65588,7.01726],[-76.6572,7.01746],[-76.65782,7.01774],[-76.65854,7.01837],[-76.65918,7.01942],[-76.66002,7.01987],[-76.66155,7.0202],[-76.66294,7.02065],[-76.66437,7.02151],[-76.66594,7.02213],[-76.66815,7.02225],[-76.67017,7.02314],[-76.67096,7.02405],[-76.67116,7.02444],[-76.67189,7.02672],[-76.67237,7.02724],[-76.67271,7.02827],[-76.67319,7.02875],[-76.67509,7.02953],[-76.67557,7.02985],[-76.67592,7.02954],[-76.67628,7.02809],[-76.67656,7.02765],[-76.67803,7.02648],[-76.67829,7.02617],[-76.67921,7.02453],[-76.68097,7.02323],[-76.68107,7.02265],[-76.68237,7.02237],[-76.68368,7.02147],[-76.68426,7.02136],[-76.68529,7.02176],[-76.68882,7.02291],[-76.69029,7.02308],[-76.69173,7.02309],[-76.69389,7.02292],[-76.6963,7.02289],[-76.69813,7.02335],[-76.69986,7.02409],[-76.704,7.02472],[-76.70666,7.02492],[-76.76572,7.01519],[-76.82478,7.00546],[-76.83026,7.00263],[-76.83464,6.99927],[-76.83844,6.99463],[-76.84033,6.99209],[-76.84252,6.98832],[-76.84147,6.98773],[-76.83986,6.98731],[-76.83822,6.9873],[-76.83586,6.988],[-76.83308,6.98906],[-76.83248,6.98923],[-76.83185,6.98914],[-76.8314,6.98799],[-76.83145,6.98628],[-76.83098,6.98418],[-76.8304,6.98287],[-76.82936,6.98129],[-76.82881,6.9799],[-76.82879,6.9782],[-76.82898,6.97706],[-76.82976,6.97583],[-76.83034,6.97508],[-76.83081,6.97408],[-76.83078,6.9729],[-76.83029,6.9724],[-76.82986,6.97225],[-76.82922,6.97238],[-76.82855,6.97284],[-76.82557,6.97555],[-76.82481,6.97612],[-76.82345,6.97685],[-76.82242,6.97712],[-76.82088,6.97715],[-76.81991,6.97681],[-76.81902,6.97574],[-76.81882,6.9752],[-76.81873,6.97427],[-76.81915,6.97252],[-76.81993,6.97128],[-76.82115,6.96913],[-76.82176,6.96716],[-76.82279,6.96497],[-76.82333,6.96414],[-76.82482,6.96245],[-76.82667,6.96089],[-76.82779,6.95967],[-76.82849,6.95856],[-76.82873,6.95797],[-76.82894,6.95695],[-76.82886,6.95624],[-76.82846,6.95553],[-76.82735,6.9549],[-76.82628,6.9549],[-76.82542,6.95519],[-76.82405,6.956],[-76.82293,6.95717],[-76.8223,6.95809],[-76.82085,6.96051],[-76.81956,6.96185],[-76.81881,6.96244],[-76.81655,6.96355],[-76.81498,6.96376],[-76.81338,6.96352],[-76.81288,6.96336],[-76.8119,6.96275],[-76.81082,6.96154],[-76.81027,6.9604],[-76.80993,6.95856],[-76.80987,6.9566],[-76.80993,6.95458],[-76.80986,6.95356],[-76.80915,6.95144],[-76.80831,6.95025],[-76.80784,6.94976],[-76.80588,6.94859],[-76.80455,6.94832],[-76.80351,6.94839],[-76.80218,6.94883],[-76.8009,6.94902],[-76.80023,6.94874],[-76.79999,6.94828],[-76.79982,6.94374],[-76.79973,6.94199],[-76.79938,6.93997],[-76.79856,6.93848],[-76.79716,6.93568],[-76.79689,6.93438],[-76.79694,6.9326],[-76.7982,6.92814],[-76.79836,6.9273],[-76.79842,6.92564],[-76.79782,6.92145],[-76.79766,6.91783],[-76.79763,6.91631],[-76.79744,6.91435],[-76.79695,6.91161],[-76.79615,6.90841],[-76.79605,6.90763],[-76.7961,6.90668],[-76.79661,6.90505],[-76.79676,6.90386],[-76.7968,6.90249],[-76.7965,6.90074],[-76.79605,6.89943],[-76.79526,6.89768],[-76.79457,6.89632],[-76.794,6.89539],[-76.79327,6.89449],[-76.79217,6.89346],[-76.79143,6.89294],[-76.78885,6.89136],[-76.78809,6.89069],[-76.78782,6.88866],[-76.78748,6.88705],[-76.78703,6.88549],[-76.78628,6.8832],[-76.78551,6.88007],[-76.78541,6.87928],[-76.78554,6.87753],[-76.78598,6.87646],[-76.78671,6.8754],[-76.78944,6.87214],[-76.79068,6.87054],[-76.79106,6.86907],[-76.7916,6.86755],[-76.79242,6.86623],[-76.79344,6.86501],[-76.79442,6.86411],[-76.79584,6.86297],[-76.79722,6.862],[-76.79804,6.86163],[-76.79962,6.86143],[-76.80097,6.86148],[-76.80222,6.86175],[-76.8036,6.86218],[-76.8046,6.86264],[-76.8051,6.86275],[-76.80608,6.86263],[-76.80772,6.86203],[-76.80883,6.86142],[-76.80974,6.86065],[-76.81085,6.86007],[-76.81244,6.8597],[-76.81555,6.85924],[-76.81868,6.85859],[-76.82003,6.85835],[-76.82115,6.8583],[-76.82265,6.85852],[-76.82541,6.85926],[-76.8267,6.85953],[-76.82767,6.85961],[-76.82867,6.85951],[-76.82966,6.85914],[-76.83056,6.85859],[-76.83153,6.85741],[-76.83197,6.85619],[-76.83202,6.85528],[-76.83186,6.85479],[-76.83116,6.85393],[-76.8298,6.85329],[-76.82719,6.85257],[-76.82573,6.85205],[-76.82532,6.8518],[-76.82386,6.85057],[-76.82304,6.85002],[-76.82182,6.849],[-76.82038,6.84767],[-76.81912,6.84619],[-76.81834,6.8447],[-76.81799,6.8432],[-76.81782,6.83847],[-76.81794,6.83768],[-76.81826,6.83668],[-76.81875,6.83578],[-76.81959,6.83535],[-76.82089,6.83535],[-76.82198,6.83571],[-76.8226,6.83605],[-76.82462,6.83747],[-76.82631,6.83833],[-76.82856,6.83895],[-76.82963,6.83914],[-76.8313,6.83928],[-76.83307,6.83905],[-76.83432,6.83847],[-76.83529,6.83774],[-76.83601,6.83672],[-76.83629,6.83563],[-76.83613,6.83427],[-76.83589,6.83332],[-76.83471,6.83051],[-76.83477,6.82928],[-76.83528,6.82868],[-76.83566,6.82863],[-76.83644,6.82894],[-76.8375,6.82971],[-76.83885,6.83091],[-76.84028,6.83177],[-76.84212,6.83244],[-76.84409,6.83271],[-76.84691,6.83337],[-76.84892,6.83437],[-76.85028,6.83542],[-76.85062,6.83581],[-76.85107,6.83668],[-76.8515,6.83829],[-76.8517,6.84089],[-76.85195,6.84249],[-76.85237,6.84356],[-76.85344,6.84495],[-76.85507,6.84616],[-76.85637,6.84659],[-76.85801,6.8468],[-76.85953,6.84663],[-76.86123,6.84606],[-76.86213,6.8453],[-76.86294,6.84407],[-76.8641,6.84443],[-76.86614,6.8447],[-76.86689,6.8449],[-76.86779,6.84537],[-76.86944,6.8473],[-76.87021,6.84801],[-76.87125,6.84832],[-76.87223,6.84885],[-76.87338,6.84971],[-76.87435,6.85102],[-76.87585,6.85195],[-76.87714,6.85213],[-76.87811,6.85211],[-76.87877,6.8517],[-76.87988,6.8502],[-76.88031,6.84983],[-76.88058,6.84926],[-76.88405,6.84822],[-76.88532,6.84697],[-76.88611,6.84593],[-76.88718,6.84496],[-76.88754,6.8443],[-76.88784,6.84333],[-76.88888,6.84229],[-76.88909,6.84152],[-76.88855,6.84073],[-76.88895,6.84009],[-76.88983,6.83952],[-76.89086,6.8384],[-76.89282,6.83774],[-76.89455,6.83794],[-76.89509,6.8378],[-76.89553,6.8374],[-76.89596,6.83616],[-76.89584,6.8351],[-76.89605,6.83412],[-76.89708,6.83289],[-76.89763,6.8319],[-76.89805,6.83156],[-76.89908,6.83116],[-76.89935,6.8308],[-76.89903,6.83008],[-76.89915,6.82965],[-76.89989,6.82904],[-76.90116,6.83028],[-76.90174,6.83112],[-76.9021,6.83202],[-76.90194,6.83272],[-76.90138,6.8331],[-76.9,6.83343],[-76.89939,6.83387],[-76.89965,6.83446],[-76.90067,6.83486],[-76.90094,6.83524],[-76.90025,6.83622],[-76.90034,6.83664],[-76.90072,6.83665],[-76.90247,6.83625],[-76.90292,6.83642],[-76.90459,6.83767],[-76.90592,6.83854],[-76.90755,6.84017],[-76.90829,6.84074],[-76.90886,6.84093],[-76.91017,6.84111],[-76.91125,6.84176],[-76.91243,6.84288],[-76.91316,6.84306],[-76.91434,6.84213],[-76.91522,6.84177],[-76.91553,6.84235],[-76.91546,6.84294],[-76.9137,6.8458],[-76.91354,6.84688],[-76.91455,6.84655],[-76.91658,6.84547],[-76.91777,6.84457],[-76.91994,6.84268],[-76.92071,6.84173],[-76.92184,6.83995],[-76.92313,6.83749],[-76.92366,6.83625],[-76.92475,6.83333],[-76.92535,6.83141],[-76.92609,6.82959],[-76.9284,6.82526],[-76.92891,6.82437],[-76.92937,6.82318],[-76.92992,6.81971],[-76.93042,6.81691],[-76.93113,6.81436],[-76.93158,6.81347],[-76.93249,6.81252],[-76.93301,6.81212],[-76.93421,6.8116],[-76.93558,6.81162],[-76.93648,6.81177],[-76.9374,6.81206],[-76.94016,6.81356],[-76.94258,6.81497],[-76.94364,6.8155],[-76.94526,6.81592],[-76.94718,6.81599],[-76.95091,6.81642],[-76.95439,6.81676],[-76.95647,6.81681],[-76.95795,6.81674],[-76.96009,6.81646],[-76.96118,6.81614],[-76.96523,6.81457],[-76.97004,6.81287],[-76.97057,6.8124],[-76.97128,6.81122],[-76.97203,6.80977],[-76.9725,6.80827],[-76.97277,6.80665],[-76.97313,6.8034],[-76.97306,6.80088],[-76.97263,6.79915],[-76.97217,6.79812],[-76.97127,6.79694],[-76.97046,6.79631],[-76.96889,6.79562],[-76.96795,6.79534],[-76.96683,6.79519],[-76.96514,6.79517],[-76.96361,6.79534],[-76.96265,6.79534],[-76.9608,6.79512],[-76.95991,6.79492],[-76.9592,6.79459],[-76.95863,6.79414],[-76.95796,6.79309],[-76.95789,6.79185],[-76.95834,6.79073],[-76.95995,6.78877],[-76.96294,6.78542],[-76.96358,6.78458],[-76.96446,6.78322],[-76.96505,6.78144],[-76.96542,6.77952],[-76.96545,6.77761],[-76.96528,6.77653],[-76.96467,6.77417],[-76.96406,6.77253],[-76.96287,6.76852],[-76.96251,6.76636],[-76.96214,6.76378],[-76.9621,6.76279],[-76.96225,6.76135],[-76.96261,6.75958],[-76.96341,6.75672],[-76.96412,6.75463],[-76.96505,6.75231],[-76.96678,6.7485],[-76.96756,6.74519],[-76.96743,6.74387],[-76.96663,6.74201],[-76.96558,6.74048],[-76.96389,6.73868],[-76.96294,6.73757],[-76.96147,6.73605],[-76.96096,6.73506],[-76.96056,6.73361],[-76.96008,6.73129],[-76.95976,6.72933],[-76.95953,6.72842],[-76.95902,6.72712],[-76.9582,6.72586],[-76.95732,6.72478],[-76.95647,6.72404],[-76.95578,6.72366],[-76.95494,6.72339],[-76.95376,6.72337],[-76.95192,6.72347],[-76.95047,6.72371],[-76.94775,6.72438],[-76.94628,6.72459],[-76.94495,6.72459],[-76.94371,6.7244],[-76.9424,6.72406],[-76.94082,6.72347],[-76.93918,6.72251],[-76.93792,6.72135],[-76.93701,6.72032],[-76.93618,6.7192],[-76.93488,6.71619],[-76.93451,6.71461],[-76.93406,6.71311],[-76.93373,6.7116],[-76.93367,6.71019],[-76.93418,6.70957],[-76.93493,6.7092],[-76.93602,6.70896],[-76.93697,6.70859],[-76.93996,6.70719],[-76.94187,6.70613],[-76.94301,6.70512],[-76.9439,6.70383],[-76.94462,6.70154],[-76.94552,6.69936],[-76.94654,6.69748],[-76.94768,6.69567],[-76.94908,6.69403],[-76.95131,6.69178],[-76.95261,6.69102],[-76.95384,6.69051],[-76.9553,6.69025],[-76.95893,6.69025],[-76.95971,6.69003],[-76.96181,6.68901],[-76.96266,6.68842],[-76.96351,6.68746],[-76.96408,6.68608],[-76.96445,6.68449],[-76.96452,6.68315],[-76.96443,6.68198],[-76.96412,6.68088],[-76.96353,6.67966],[-76.96268,6.67846],[-76.96168,6.67748],[-76.96059,6.6767],[-76.95941,6.67601],[-76.95558,6.67496],[-76.95455,6.67482],[-76.95229,6.67512],[-76.95087,6.67549],[-76.94932,6.67606],[-76.94829,6.67658],[-76.94702,6.67748],[-76.94574,6.6785],[-76.94469,6.67951],[-76.94373,6.68064],[-76.94189,6.68366],[-76.94098,6.68555],[-76.94014,6.68647],[-76.93964,6.68664],[-76.93897,6.68634],[-76.93868,6.68448],[-76.93932,6.68159],[-76.93993,6.67854],[-76.9401,6.67739],[-76.94009,6.676],[-76.93979,6.6734],[-76.93939,6.67084],[-76.93836,6.66612],[-76.93817,6.66426],[-76.93815,6.66296],[-76.93821,6.65944],[-76.93808,6.65803],[-76.93749,6.65459],[-76.93695,6.65341],[-76.93499,6.65124],[-76.93406,6.65055],[-76.93254,6.64966],[-76.93058,6.6488],[-76.92848,6.6481],[-76.92692,6.6477],[-76.92485,6.6469],[-76.92426,6.64684],[-76.92258,6.64749],[-76.92159,6.64816],[-76.92079,6.64895],[-76.9203,6.64979],[-76.91986,6.65099],[-76.9195,6.65238],[-76.91906,6.65533],[-76.91876,6.65619],[-76.91818,6.65824],[-76.91754,6.66001],[-76.91611,6.66247],[-76.91493,6.66403],[-76.91192,6.66759],[-76.91004,6.66928],[-76.90935,6.67016],[-76.90872,6.67058],[-76.90511,6.67218],[-76.90393,6.67233],[-76.90303,6.67227],[-76.90246,6.67201],[-76.90162,6.6713],[-76.89964,6.6698],[-76.89808,6.66822],[-76.8969,6.66687],[-76.89542,6.66445],[-76.89511,6.66355],[-76.89511,6.66302],[-76.89548,6.66068],[-76.8961,6.65912],[-76.89841,6.65556],[-76.89955,6.6539],[-76.90164,6.65223],[-76.90406,6.65015],[-76.90821,6.64673],[-76.90941,6.64555],[-76.91049,6.64421],[-76.91137,6.64254],[-76.91196,6.64115],[-76.91236,6.63985],[-76.91257,6.63862],[-76.91249,6.63654],[-76.91228,6.63517],[-76.91114,6.63279],[-76.91013,6.6311],[-76.90903,6.62939],[-76.908,6.62813],[-76.9069,6.62706],[-76.90574,6.62628],[-76.90419,6.62552],[-76.9029,6.6251],[-76.90162,6.62495],[-76.90031,6.62501],[-76.89886,6.62522],[-76.89626,6.62533],[-76.89431,6.62548],[-76.89273,6.62594],[-76.89127,6.62647],[-76.88971,6.62693],[-76.88419,6.62891],[-76.88177,6.62963],[-76.87935,6.63013],[-76.87728,6.63047],[-76.87555,6.63049],[-76.87404,6.63026],[-76.87244,6.62992],[-76.86978,6.62921],[-76.8678,6.62853],[-76.86525,6.62752],[-76.86365,6.62668],[-76.86213,6.62581],[-76.86089,6.6248],[-76.85984,6.6236],[-76.859,6.62236],[-76.85845,6.62114],[-76.85805,6.61972],[-76.85801,6.6169],[-76.85816,6.6157],[-76.85856,6.6145],[-76.85925,6.6129],[-76.86037,6.61113],[-76.86163,6.60993],[-76.86308,6.60904],[-76.86496,6.60839],[-76.86698,6.60778],[-76.86782,6.60767],[-76.86879,6.60782],[-76.87033,6.60826],[-76.87261,6.609],[-76.87435,6.60934],[-76.87596,6.60955],[-76.87792,6.60966],[-76.88021,6.60961],[-76.88204,6.60936],[-76.88388,6.60896],[-76.88579,6.60822],[-76.88725,6.60751],[-76.88858,6.60652],[-76.88971,6.60527],[-76.891,6.60342],[-76.89247,6.60085],[-76.89612,6.59387],[-76.89759,6.59074],[-76.89844,6.58911],[-76.89896,6.58787],[-76.89915,6.58682],[-76.89926,6.58553],[-76.89915,6.58256],[-76.89887,6.58005],[-76.89862,6.57921],[-76.89785,6.57762],[-76.89677,6.57567],[-76.89589,6.57443],[-76.8954,6.573],[-76.89495,6.57093],[-76.8941,6.56966],[-76.89242,6.56833],[-76.89137,6.56739],[-76.88897,6.56406],[-76.88669,6.56134],[-76.88584,6.56074],[-76.88474,6.56027],[-76.88299,6.55997],[-76.88205,6.5603],[-76.88107,6.56123],[-76.8803,6.56215],[-76.87938,6.56357],[-76.87828,6.56575],[-76.87736,6.56722],[-76.87645,6.56829],[-76.87489,6.56998],[-76.87301,6.57127],[-76.87201,6.57173],[-76.87096,6.57207],[-76.86983,6.57232],[-76.86883,6.57239],[-76.86742,6.57235],[-76.86579,6.57216],[-76.86479,6.57189],[-76.86392,6.5715],[-76.86307,6.57096],[-76.862,6.57007],[-76.86007,6.56819],[-76.85833,6.5668],[-76.85534,6.56468],[-76.85164,6.56133],[-76.85128,6.56072],[-76.85005,6.55782],[-76.84948,6.5561],[-76.84909,6.55437],[-76.84873,6.55209],[-76.84813,6.5478],[-76.84784,6.54497],[-76.84779,6.5431],[-76.84753,6.5416],[-76.84726,6.53817],[-76.84676,6.53563],[-76.84632,6.53366],[-76.84582,6.53177],[-76.84528,6.53022],[-76.84391,6.52731],[-76.84272,6.52463],[-76.84216,6.52313],[-76.84172,6.52224],[-76.8411,6.52145],[-76.83914,6.51962],[-76.83854,6.51956],[-76.83615,6.52043],[-76.83382,6.52163],[-76.83151,6.52328],[-76.82995,6.5243],[-76.82854,6.52499],[-76.82747,6.52544],[-76.82639,6.52565],[-76.82284,6.52613],[-76.82076,6.52619],[-76.81936,6.52548],[-76.81901,6.52436],[-76.81905,6.52357],[-76.81934,6.52153],[-76.81961,6.5202],[-76.81997,6.51929],[-76.8218,6.5155],[-76.82242,6.51409],[-76.82284,6.51267],[-76.82311,6.51059],[-76.82332,6.50735],[-76.82323,6.50514],[-76.8229,6.50375],[-76.82192,6.50063],[-76.82144,6.49832],[-76.82111,6.4951],[-76.82128,6.49273],[-76.82146,6.49111],[-76.82126,6.48954],[-76.82064,6.48807],[-76.81999,6.48725],[-76.81899,6.48696],[-76.81784,6.48705],[-76.81628,6.4878],[-76.81489,6.48896],[-76.81393,6.49031],[-76.81267,6.49293],[-76.81178,6.49514],[-76.81117,6.49636],[-76.81043,6.4975],[-76.80736,6.50256],[-76.8063,6.50443],[-76.80515,6.50612],[-76.80393,6.50707],[-76.80254,6.50761],[-76.80125,6.50789],[-76.80036,6.50796],[-76.7995,6.50778],[-76.79877,6.50736],[-76.79768,6.50632],[-76.79693,6.50526],[-76.79476,6.50042],[-76.79356,6.49825],[-76.79274,6.49705],[-76.79199,6.49617],[-76.79068,6.4952],[-76.78858,6.49396],[-76.78647,6.49316],[-76.78399,6.49236],[-76.78192,6.49162],[-76.78019,6.49084],[-76.77845,6.48981],[-76.77722,6.48892],[-76.77629,6.48789],[-76.77467,6.48568],[-76.77217,6.48275],[-76.77084,6.48161],[-76.76981,6.4806],[-76.76865,6.47915],[-76.76798,6.47799],[-76.76743,6.47662],[-76.76703,6.47439],[-76.76686,6.47285],[-76.76681,6.47158],[-76.76701,6.47036],[-76.76757,6.46916],[-76.76842,6.46767],[-76.7697,6.46528],[-76.77057,6.46486],[-76.77185,6.46471],[-76.77305,6.46469],[-76.77423,6.46491],[-76.77537,6.46545],[-76.77632,6.46623],[-76.77708,6.46786],[-76.77716,6.46897],[-76.77718,6.47156],[-76.77727,6.47257],[-76.77748,6.47321],[-76.7779,6.47386],[-76.77859,6.47455],[-76.77929,6.47504],[-76.77984,6.47523],[-76.78133,6.47523],[-76.78186,6.475],[-76.78228,6.47457],[-76.78264,6.47356],[-76.7826,6.47287],[-76.78203,6.46984],[-76.78133,6.46638],[-76.78129,6.46495],[-76.7815,6.46339],[-76.78177,6.46265],[-76.78249,6.46128],[-76.78354,6.45974],[-76.78474,6.45837],[-76.78601,6.45739],[-76.78818,6.45602],[-76.79062,6.45418],[-76.79214,6.45273],[-76.79324,6.45127],[-76.79408,6.44967],[-76.79467,6.44833],[-76.79513,6.44698],[-76.79549,6.44548],[-76.79583,6.44365],[-76.79599,6.44076],[-76.79601,6.43929],[-76.79591,6.43832],[-76.79517,6.43684],[-76.79433,6.43585],[-76.79321,6.43486],[-76.79201,6.43406],[-76.79064,6.43345],[-76.78938,6.43301],[-76.78807,6.43276],[-76.78656,6.43259],[-76.78506,6.43259],[-76.7838,6.43282],[-76.78179,6.4336],[-76.77884,6.43488],[-76.7772,6.43604],[-76.77537,6.43756],[-76.77324,6.43902],[-76.77158,6.43981],[-76.77023,6.44009],[-76.76877,6.44017],[-76.76738,6.44001],[-76.76635,6.43956],[-76.76507,6.43853],[-76.76412,6.43735],[-76.76302,6.43569],[-76.76231,6.43436],[-76.76178,6.43215],[-76.76197,6.43135],[-76.76305,6.42819],[-76.76408,6.4261],[-76.76513,6.42467],[-76.76627,6.42351],[-76.76739,6.42256],[-76.76924,6.42145],[-76.7709,6.42077],[-76.77217,6.42056],[-76.77366,6.42058],[-76.77583,6.42077],[-76.77729,6.42106],[-76.77944,6.42184],[-76.78177,6.4229],[-76.78447,6.42395],[-76.78607,6.42448],[-76.78723,6.42469],[-76.78809,6.42469],[-76.79094,6.42435],[-76.7918,6.42408],[-76.79287,6.42345],[-76.79385,6.42269],[-76.79443,6.42189],[-76.79526,6.41997],[-76.7957,6.41757],[-76.79564,6.41664],[-76.79524,6.41434],[-76.79477,6.413],[-76.79391,6.41158],[-76.79302,6.41028],[-76.79205,6.40923],[-76.79064,6.40836],[-76.7882,6.40706],[-76.78329,6.40484],[-76.78036,6.4031],[-76.7786,6.40186],[-76.77616,6.40051],[-76.77316,6.39915],[-76.77124,6.39821],[-76.76985,6.39746],[-76.76792,6.39582],[-76.76696,6.39461],[-76.76609,6.39297],[-76.76556,6.39169],[-76.76507,6.38929],[-76.76519,6.38667],[-76.76546,6.38551],[-76.76584,6.38436],[-76.76731,6.38155],[-76.7677,6.38101],[-76.76917,6.37979],[-76.76991,6.37948],[-76.77084,6.37941],[-76.77204,6.37957],[-76.77339,6.37997],[-76.77862,6.38225],[-76.7796,6.38253],[-76.78152,6.38248],[-76.78251,6.38234],[-76.78372,6.38201],[-76.78472,6.38152],[-76.78559,6.38083],[-76.78622,6.38008],[-76.78692,6.3789],[-76.78737,6.3779],[-76.78761,6.37604],[-76.78743,6.37475],[-76.78672,6.37361],[-76.7855,6.37261],[-76.78352,6.37143],[-76.78263,6.37105],[-76.7812,6.37071],[-76.77818,6.37033],[-76.77442,6.36958],[-76.77327,6.36881],[-76.77273,6.36821],[-76.77196,6.3667],[-76.77155,6.36547],[-76.77136,6.36424],[-76.77138,6.36324],[-76.77155,6.36232],[-76.77183,6.36157],[-76.77256,6.36042],[-76.77325,6.35963],[-76.77404,6.35892],[-76.77574,6.35789],[-76.77683,6.35737],[-76.7785,6.35693],[-76.78021,6.35658],[-76.78199,6.35602],[-76.78399,6.35516],[-76.78528,6.35437],[-76.78647,6.35349],[-76.78741,6.35257],[-76.78827,6.35144],[-76.789,6.34987],[-76.78981,6.34776],[-76.79017,6.34655],[-76.79051,6.3437],[-76.79084,6.3424],[-76.79102,6.34124],[-76.79102,6.34039],[-76.79079,6.33866],[-76.79008,6.3382],[-76.78874,6.33796],[-76.78508,6.33696],[-76.78369,6.33646],[-76.78269,6.33598],[-76.78143,6.33511],[-76.78065,6.33428],[-76.77871,6.33166],[-76.77812,6.33071],[-76.77784,6.32987],[-76.77767,6.32877],[-76.77765,6.32788],[-76.77822,6.32656],[-76.77872,6.32612],[-76.77941,6.32592],[-76.7802,6.32589],[-76.78336,6.32633],[-76.78513,6.32653],[-76.78628,6.32648],[-76.78735,6.32621],[-76.78831,6.3257],[-76.78929,6.32486],[-76.78979,6.32423],[-76.79013,6.32331],[-76.79041,6.32142],[-76.79024,6.32024],[-76.78978,6.31888],[-76.78852,6.31779],[-76.78634,6.31523],[-76.78488,6.31307],[-76.78349,6.31048],[-76.78307,6.30924],[-76.78296,6.30728],[-76.78358,6.30456],[-76.78414,6.30283],[-76.7845,6.30128],[-76.78472,6.29976],[-76.7848,6.29841],[-76.78476,6.29681],[-76.78459,6.29535],[-76.78396,6.29258],[-76.78339,6.2912],[-76.78191,6.28881],[-76.78101,6.28796],[-76.77979,6.28701],[-76.77848,6.28623],[-76.77703,6.28567],[-76.77528,6.28537],[-76.77163,6.28491],[-76.76963,6.28478],[-76.76611,6.28508],[-76.76196,6.28528],[-76.75859,6.28539],[-76.7567,6.28529],[-76.75566,6.28507],[-76.75429,6.28461],[-76.7532,6.28404],[-76.75206,6.28309],[-76.75006,6.28105],[-76.74898,6.2796],[-76.74879,6.27895],[-76.74863,6.27717],[-76.74881,6.27614],[-76.74964,6.27389],[-76.7505,6.27275],[-76.75151,6.27166],[-76.75423,6.26925],[-76.75514,6.26811],[-76.75623,6.26654],[-76.75771,6.26424],[-76.75895,6.26245],[-76.75935,6.26144],[-76.75962,6.26045],[-76.75965,6.25958],[-76.75954,6.25861],[-76.75928,6.25743],[-76.75825,6.25478],[-76.75741,6.25345],[-76.75585,6.25141],[-76.75493,6.25063],[-76.75414,6.25025],[-76.75332,6.24958],[-76.75172,6.24785],[-76.74998,6.2464],[-76.74778,6.24477],[-76.74425,6.24279],[-76.74127,6.24161],[-76.73961,6.24107],[-76.73835,6.24043],[-76.7366,6.23936],[-76.73468,6.23829],[-76.73249,6.23717],[-76.73114,6.23664],[-76.72977,6.23649],[-76.72849,6.2366],[-76.72649,6.23706],[-76.72493,6.2375],[-76.72402,6.23759],[-76.72347,6.23748],[-76.72307,6.23698],[-76.72307,6.23641],[-76.72334,6.23504],[-76.72364,6.23433],[-76.72446,6.23336],[-76.72495,6.2318],[-76.72646,6.22779],[-76.72689,6.22651],[-76.72703,6.22531],[-76.72674,6.22377],[-76.72622,6.22298],[-76.72507,6.22192],[-76.7231,6.22088],[-76.72133,6.22025],[-76.7201,6.21972],[-76.71895,6.2188],[-76.71834,6.21802],[-76.71781,6.21702],[-76.71749,6.21586],[-76.71753,6.21493],[-76.71817,6.21306],[-76.71942,6.2102],[-76.72056,6.20717],[-76.72115,6.20549],[-76.72145,6.20407],[-76.72156,6.20259],[-76.72145,6.19986],[-76.72116,6.19869],[-76.7201,6.1968],[-76.71937,6.19612],[-76.71815,6.19553],[-76.71677,6.195],[-76.71562,6.19428],[-76.71456,6.1932],[-76.71397,6.19237],[-76.71378,6.19142],[-76.71382,6.19057],[-76.71405,6.18977],[-76.7146,6.18875],[-76.71611,6.18701],[-76.71808,6.1851],[-76.71884,6.18445],[-76.71929,6.18366],[-76.71965,6.18271],[-76.72018,6.18004],[-76.72033,6.17758],[-76.71995,6.17626],[-76.71935,6.17544],[-76.7181,6.1727],[-76.71747,6.17188],[-76.71694,6.17148],[-76.71565,6.17094],[-76.7131,6.17028],[-76.71125,6.17],[-76.70675,6.16946],[-76.70351,6.16889],[-76.70191,6.16826],[-76.70064,6.16763],[-76.69987,6.16701],[-76.69949,6.16619],[-76.69813,6.16589],[-76.69577,6.16396],[-76.69483,6.1634],[-76.694,6.16322],[-76.69343,6.16339],[-76.69196,6.16418],[-76.69063,6.16541],[-76.68979,6.16597],[-76.68948,6.16584],[-76.68938,6.16522],[-76.68958,6.16343],[-76.68945,6.16285],[-76.68896,6.16203],[-76.68828,6.16168],[-76.68668,6.16153],[-76.68574,6.16202],[-76.68505,6.16255],[-76.68475,6.16295],[-76.68394,6.16623],[-76.68347,6.16705],[-76.68201,6.16807],[-76.68117,6.16879],[-76.68099,6.16961],[-76.68151,6.16983],[-76.68319,6.16998],[-76.68393,6.17018],[-76.68447,6.1706],[-76.68433,6.17114],[-76.68364,6.17152],[-76.68331,6.17152],[-76.68174,6.17106],[-76.68102,6.17122],[-76.67891,6.1729],[-76.6778,6.17325],[-76.67644,6.17315],[-76.67561,6.17263],[-76.67487,6.17137],[-76.67401,6.1706],[-76.67361,6.17047],[-76.6732,6.17064],[-76.67311,6.17202],[-76.67317,6.17329],[-76.67302,6.17404],[-76.67255,6.17435],[-76.67209,6.1743],[-76.67135,6.17366],[-76.67028,6.17173],[-76.6687,6.16969],[-76.66782,6.17002],[-76.6675,6.17036],[-76.6674,6.17107],[-76.66676,6.17177],[-76.66583,6.17166],[-76.66408,6.1707],[-76.66349,6.17061],[-76.66118,6.17144],[-76.66053,6.17182],[-76.65983,6.17241],[-76.65906,6.17279],[-76.65758,6.17276],[-76.65668,6.17287],[-76.65544,6.17325],[-76.65482,6.17309],[-76.65428,6.17254],[-76.65278,6.17181],[-76.6519,6.17086],[-76.6512,6.1704],[-76.65038,6.17032],[-76.64981,6.17041],[-76.64895,6.17033],[-76.64811,6.16984],[-76.64699,6.16933],[-76.64652,6.16867],[-76.64542,6.16824],[-76.64389,6.16833],[-76.64275,6.16895],[-76.64202,6.16997],[-76.64149,6.17156],[-76.64091,6.17248],[-76.64019,6.17417],[-76.63963,6.17474],[-76.63869,6.17518],[-76.63826,6.17522],[-76.63642,6.17478],[-76.63567,6.17495],[-76.63517,6.17545],[-76.63447,6.17657],[-76.63395,6.17703],[-76.6335,6.17801],[-76.63286,6.17888],[-76.63211,6.1788],[-76.63166,6.1798],[-76.63144,6.17994],[-76.62965,6.17934],[-76.62916,6.17955],[-76.62802,6.1807],[-76.62782,6.18175],[-76.62759,6.18224],[-76.6266,6.18324],[-76.62502,6.18329],[-76.62411,6.18309],[-76.62313,6.18232],[-76.62222,6.18227],[-76.62093,6.18264],[-76.62002,6.18336],[-76.61959,6.18388],[-76.6189,6.185],[-76.61852,6.18637],[-76.61803,6.1869],[-76.61764,6.18696],[-76.61667,6.18678],[-76.616,6.18698],[-76.6154,6.18764],[-76.61442,6.18779],[-76.61308,6.18753],[-76.61249,6.18758],[-76.61176,6.1883],[-76.61135,6.18852],[-76.61062,6.18853],[-76.61029,6.18883],[-76.60924,6.18931],[-76.60875,6.18994],[-76.60817,6.19019],[-76.60738,6.19007],[-76.6059,6.191],[-76.60534,6.19165],[-76.60476,6.19206],[-76.60383,6.19168],[-76.60313,6.19185],[-76.60229,6.19251],[-76.60115,6.19245],[-76.60069,6.19205],[-76.60043,6.19151],[-76.59987,6.19092],[-76.59907,6.19034],[-76.59859,6.1898],[-76.59849,6.18818],[-76.59788,6.18761],[-76.59668,6.18695],[-76.5959,6.18705],[-76.59509,6.18781],[-76.59456,6.18797],[-76.59386,6.18787],[-76.59341,6.18803],[-76.59302,6.18846],[-76.59211,6.18907],[-76.59101,6.18927],[-76.59047,6.189],[-76.59023,6.18849],[-76.58967,6.18792],[-76.58882,6.18795],[-76.58736,6.18899],[-76.58582,6.19067],[-76.58519,6.19176],[-76.58515,6.19276],[-76.58471,6.19317],[-76.58388,6.19344],[-76.58318,6.19339],[-76.58164,6.19233],[-76.58216,6.19194],[-76.58268,6.19115],[-76.58285,6.19035],[-76.58258,6.18914],[-76.58205,6.18866],[-76.58143,6.18849],[-76.58055,6.1878],[-76.58015,6.18723],[-76.57737,6.18643],[-76.57112,6.18649],[-76.56954,6.18572],[-76.56851,6.1846],[-76.56744,6.18366],[-76.56579,6.1826],[-76.56319,6.18139],[-76.55992,6.18019],[-76.55636,6.17938],[-76.55286,6.17851],[-76.54965,6.17821],[-76.5451,6.17826],[-76.54274,6.17907],[-76.54066,6.17898],[-76.53594,6.17867],[-76.53366,6.178],[-76.53167,6.17759],[-76.5274,6.17763],[-76.52549,6.178],[-76.52228,6.17978],[-76.52133,6.17996],[-76.51941,6.17998],[-76.51845,6.17973],[-76.51757,6.1793],[-76.51494,6.17741],[-76.51336,6.17612],[-76.51178,6.17509],[-76.51091,6.17483],[-76.50907,6.17416],[-76.5082,6.1739],[-76.50419,6.17394],[-76.50306,6.17423],[-76.50043,6.17444],[-76.49897,6.17417],[-76.49774,6.17375],[-76.49479,6.17245],[-76.492,6.17072],[-76.48953,6.16938],[-76.48775,6.16775],[-76.48626,6.16654],[-76.48344,6.16369],[-76.48309,6.16308],[-76.48272,6.16114],[-76.48229,6.16055],[-76.48159,6.16044],[-76.47912,6.16065],[-76.47745,6.1606],[-76.47643,6.16006],[-76.47546,6.16006],[-76.47477,6.16049],[-76.47477,6.16146],[-76.47514,6.1642],[-76.47513,6.16656],[-76.47519,6.16769],[-76.47551,6.16909],[-76.47559,6.1711],[-76.47517,6.17197],[-76.47456,6.17277],[-76.47319,6.17435],[-76.47241,6.17488],[-76.47067,6.17577],[-76.46868,6.17657],[-76.46763,6.17658],[-76.46501,6.17583],[-76.46239,6.17481],[-76.46055,6.17369],[-76.4553,6.17139],[-76.45363,6.17062],[-76.45171,6.16951],[-76.45031,6.16883],[-76.4483,6.16841],[-76.44237,6.16847],[-76.44151,6.16874],[-76.44073,6.16927],[-76.43986,6.16954],[-76.43794,6.16956],[-76.43681,6.16905],[-76.43505,6.16811],[-76.43208,6.16692],[-76.43094,6.16658],[-76.4299,6.16642],[-76.42572,6.16646],[-76.42388,6.16595],[-76.42083,6.16572],[-76.41987,6.16573],[-76.41757,6.16633],[-76.41496,6.16766],[-76.41361,6.16851],[-76.41121,6.17027],[-76.41043,6.17097],[-76.40914,6.17238],[-76.40862,6.17317],[-76.40854,6.17413],[-76.40859,6.1791],[-76.40852,6.18015],[-76.40681,6.18374],[-76.40595,6.18488],[-76.40517,6.18559],[-76.40344,6.18613],[-76.40109,6.1865],[-76.39839,6.18722],[-76.39622,6.18794],[-76.39544,6.18847],[-76.39354,6.18936],[-76.39172,6.19052],[-76.38981,6.19149],[-76.38781,6.19186],[-76.3859,6.19206],[-76.38494,6.19207],[-76.37782,6.19347],[-76.37597,6.19359],[-76.37396,6.19355],[-76.37145,6.19332],[-76.3683,6.19256],[-76.36714,6.1924],[-76.36533,6.1924],[-76.36264,6.19255],[-76.3596,6.19337],[-76.35699,6.194],[-76.35491,6.19472],[-76.35308,6.19544],[-76.35222,6.19588],[-76.35126,6.19615],[-76.34987,6.19625],[-76.34246,6.19633],[-76.33881,6.19715],[-76.33715,6.19682],[-76.33488,6.19614],[-76.33279,6.19616],[-76.33097,6.19688],[-76.33037,6.19767],[-76.32898,6.19899],[-76.32788,6.20153],[-76.32727,6.20232],[-76.3264,6.20259],[-76.32545,6.2026],[-76.32405,6.20244],[-76.32309,6.20245],[-76.32126,6.20203],[-76.3203,6.20195],[-76.31734,6.20198],[-76.31498,6.2014],[-76.31271,6.20072],[-76.31069,6.19987],[-76.30973,6.19979],[-76.30172,6.19987],[-76.29691,6.20069],[-76.29562,6.20069],[-76.29466,6.20038],[-76.29291,6.19944],[-76.29142,6.19823],[-76.29072,6.19754],[-76.28993,6.19694],[-76.28922,6.19616],[-76.28702,6.19426],[-76.28624,6.19374],[-76.28519,6.19341],[-76.28416,6.19356],[-76.28255,6.19416],[-76.28075,6.19512],[-76.27866,6.19636],[-76.27733,6.19737],[-76.27657,6.19829],[-76.2754,6.20054],[-76.27484,6.20126],[-76.27392,6.20182],[-76.27167,6.20242],[-76.27026,6.20306],[-76.26898,6.2039],[-76.26793,6.20478],[-76.26705,6.20582],[-76.26551,6.20712],[-76.26452,6.20779],[-76.26242,6.2088],[-76.26054,6.20946],[-76.25955,6.20964],[-76.25857,6.20967],[-76.25768,6.20951],[-76.25545,6.20884],[-76.25486,6.20816],[-76.2544,6.20622],[-76.25401,6.20553],[-76.25306,6.20507],[-76.25126,6.20445],[-76.2503,6.20421],[-76.24867,6.20413],[-76.24774,6.20419],[-76.24651,6.20454],[-76.24608,6.20453],[-76.24593,6.20497],[-76.24511,6.20578],[-76.24385,6.20646],[-76.24311,6.20672],[-76.24175,6.20687],[-76.24086,6.20719],[-76.23923,6.20801],[-76.23767,6.20834],[-76.23651,6.20755],[-76.2355,6.20608],[-76.23523,6.20552],[-76.23475,6.20395],[-76.23403,6.20297],[-76.23343,6.2024],[-76.23299,6.20173],[-76.23247,6.20051],[-76.23162,6.19977],[-76.23126,6.19923],[-76.22967,6.19778],[-76.22913,6.19711],[-76.2277,6.19587],[-76.22654,6.19513],[-76.226,6.19449],[-76.22516,6.19297],[-76.22514,6.19252],[-76.22544,6.19101],[-76.22556,6.18972],[-76.22428,6.18825],[-76.22359,6.18781],[-76.22255,6.1879],[-76.22031,6.18781],[-76.21854,6.18732],[-76.21748,6.18729],[-76.21595,6.18785],[-76.2152,6.18778],[-76.21462,6.18798],[-76.21393,6.18794],[-76.21275,6.1873],[-76.2115,6.18625],[-76.21071,6.18576],[-76.20947,6.18455],[-76.20955,6.18388],[-76.21,6.18236],[-76.21053,6.1811],[-76.2105,6.17831],[-76.2102,6.17743],[-76.21043,6.177],[-76.21268,6.17684],[-76.21302,6.17666],[-76.21341,6.17597],[-76.21393,6.17553],[-76.21465,6.17412],[-76.21425,6.17306],[-76.21332,6.17188],[-76.21337,6.17034],[-76.21311,6.16942],[-76.21344,6.16753],[-76.21333,6.16707],[-76.21233,6.16624],[-76.2118,6.16599],[-76.21021,6.16545],[-76.20915,6.16537],[-76.20783,6.16511],[-76.2066,6.16445],[-76.20502,6.16374],[-76.20355,6.16338],[-76.20254,6.1628],[-76.2018,6.16152],[-76.20121,6.1603],[-76.20112,6.15968],[-76.2011,6.15822],[-76.20128,6.15693],[-76.20169,6.15585],[-76.20272,6.15418],[-76.20314,6.1526],[-76.20402,6.1509],[-76.2058,6.1483],[-76.20579,6.14735],[-76.20552,6.1463],[-76.2049,6.14543],[-76.2042,6.14483],[-76.2027,6.14328],[-76.20129,6.14207],[-76.20068,6.1412],[-76.2005,6.14016],[-76.20066,6.13928],[-76.20117,6.13841],[-76.20195,6.13779],[-76.20255,6.137],[-76.20332,6.13516],[-76.20331,6.13376],[-76.20284,6.13098],[-76.20274,6.12976],[-76.20219,6.12688],[-76.2021,6.12592],[-76.20206,6.12183],[-76.20187,6.12078],[-76.20116,6.11869],[-76.20052,6.11565],[-76.19953,6.11287],[-76.1984,6.11169],[-76.19777,6.11062],[-76.19696,6.10809],[-76.19592,6.10545],[-76.19581,6.10412],[-76.19587,6.10258],[-76.19611,6.10156],[-76.19645,6.10069],[-76.19697,6.0999],[-76.1974,6.09893],[-76.19756,6.09788],[-76.19747,6.08829],[-76.19727,6.08576],[-76.19708,6.08401],[-76.19706,6.08209],[-76.19696,6.08017],[-76.19633,6.07835],[-76.19562,6.07722],[-76.19508,6.07548],[-76.1949,6.07435],[-76.19454,6.07339],[-76.19435,6.07148],[-76.19416,6.07052],[-76.1939,6.06983],[-76.19275,6.06809],[-76.1923,6.06722],[-76.19185,6.0654],[-76.1918,6.06051],[-76.19171,6.05955],[-76.19135,6.0586],[-76.19038,6.05695],[-76.18976,6.05626],[-76.188,6.05488],[-76.18519,6.05238],[-76.18458,6.05168],[-76.18413,6.05082],[-76.18404,6.04986],[-76.18324,6.04821],[-76.18245,6.04752],[-76.18148,6.04709],[-76.17956,6.0465],[-76.17781,6.04582],[-76.17685,6.04556],[-76.17536,6.04436],[-76.17474,6.04358],[-76.17456,6.04262],[-76.17422,6.04167],[-76.17377,6.04089],[-76.17322,6.03911],[-76.17277,6.03845],[-76.17255,6.03778],[-76.17255,6.03711],[-76.17221,6.03544],[-76.17234,6.03339],[-76.17259,6.03109],[-76.1724,6.0301],[-76.17141,6.02905],[-76.17098,6.02874],[-76.17017,6.02675],[-76.17023,6.0257],[-76.17104,6.02384],[-76.17178,6.02297],[-76.17191,6.02229],[-76.17147,6.02099],[-76.17178,6.0203],[-76.17228,6.02018],[-76.17265,6.01962],[-76.17284,6.01844],[-76.17265,6.01739],[-76.17104,6.01559],[-76.17011,6.01497],[-76.16961,6.01491],[-76.16825,6.01392],[-76.16775,6.01293],[-76.16726,6.01169],[-76.16657,6.011],[-76.1662,6.01014],[-76.1662,6.00896],[-76.16546,6.0076],[-76.16509,6.00721],[-76.16354,6.00666],[-76.16217,6.0058],[-76.16081,6.00456],[-76.16019,6.00414],[-76.1592,6.00358],[-76.15789,6.00358],[-76.15734,6.00376],[-76.15696,6.00414],[-76.15583,6.00465],[-76.15511,6.00451],[-76.15386,6.00364],[-76.15349,6.00309],[-76.15258,6.00282],[-76.15225,6.00309],[-76.15126,6.00333],[-76.15008,6.0034],[-76.14921,6.00303],[-76.14878,6.00265],[-76.14754,6.00123],[-76.14686,6.00067],[-76.14469,5.99782],[-76.14382,5.99763],[-76.14308,5.99782],[-76.14215,5.99869],[-76.14084,5.99943],[-76.13967,5.99924],[-76.13917,5.9993],[-76.13756,5.99993],[-76.13613,6.00011],[-76.13402,6.00005],[-76.13328,5.9998],[-76.13185,5.9998],[-76.13148,6.00011],[-76.13086,6.00141],[-76.13012,6.00278],[-76.12956,6.00408],[-76.12931,6.00513],[-76.12925,6.006],[-76.12888,6.00699],[-76.12813,6.00749],[-76.12739,6.00817],[-76.12652,6.00941],[-76.12528,6.01053],[-76.12441,6.01208],[-76.1241,6.01512],[-76.1241,6.01685],[-76.12373,6.01822],[-76.12336,6.0184],[-76.122,6.02008],[-76.12144,6.02008],[-76.12069,6.0197],[-76.11877,6.01977],[-76.11635,6.02057],[-76.11453,6.02107],[-76.11353,6.02125],[-76.11173,6.02088],[-76.11068,6.02026],[-76.11037,6.01964],[-76.11031,6.01908],[-76.10992,6.01857],[-76.10914,6.01818],[-76.10706,6.01796],[-76.10597,6.01815],[-76.1056,6.0184],[-76.10485,6.0184],[-76.10436,6.01791],[-76.10349,6.01679],[-76.1025,6.01536],[-76.10177,6.01383],[-76.10157,6.01313],[-76.10144,6.01195],[-76.10107,6.01065],[-76.1007,6.00972],[-76.10002,6.00861],[-76.09933,6.00768],[-76.09831,6.00513],[-76.098,6.00457],[-76.09732,6.00377],[-76.09645,6.00315],[-76.09459,6.00272],[-76.09261,6.00265],[-76.09199,6.00228],[-76.09068,6.00098],[-76.09,6.00054],[-76.08951,6.00048],[-76.08889,5.99999],[-76.08882,5.99924],[-76.08882,5.9954],[-76.08864,5.99463],[-76.08802,5.99335],[-76.08796,5.99164],[-76.08752,5.99052],[-76.08622,5.98934],[-76.08591,5.98854],[-76.08585,5.98742],[-76.08541,5.98711],[-76.08492,5.98717],[-76.08275,5.98847],[-76.08055,5.98847],[-76.07962,5.98835],[-76.07788,5.98748],[-76.07658,5.98674],[-76.07528,5.98612],[-76.07354,5.98494],[-76.07205,5.98494],[-76.0715,5.98469],[-76.071,5.98413],[-76.071,5.98209],[-76.07094,5.98147],[-76.07063,5.98079],[-76.06808,5.97942],[-76.06678,5.97812],[-76.06654,5.97706],[-76.06666,5.97545],[-76.06666,5.97011],[-76.06691,5.96863],[-76.06746,5.96745],[-76.06759,5.9664],[-76.06765,5.96422],[-76.06759,5.96224],[-76.06728,5.96137],[-76.06685,5.96088],[-76.06471,5.95982],[-76.06267,5.95954],[-76.06105,5.95821],[-76.06012,5.95753],[-76.05925,5.95703],[-76.05789,5.95666],[-76.05603,5.95592],[-76.05485,5.95499],[-76.05342,5.95399],[-76.05224,5.95263],[-76.05162,5.95176],[-76.05113,5.95133],[-76.05102,5.95029],[-76.05119,5.94984],[-76.05187,5.94928],[-76.05218,5.94885],[-76.05326,5.94813],[-76.05485,5.94668],[-76.05553,5.94569],[-76.05596,5.94482],[-76.05609,5.94327],[-76.0559,5.94203],[-76.05553,5.94097],[-76.0551,5.9393],[-76.05454,5.93787],[-76.05441,5.93688],[-76.05423,5.93372],[-76.05373,5.93236],[-76.05398,5.93118],[-76.05429,5.93062],[-76.05541,5.92909],[-76.05696,5.92803],[-76.05795,5.92686],[-76.05869,5.92679],[-76.05968,5.92648],[-76.06074,5.92555],[-76.06105,5.92413],[-76.06105,5.9227],[-76.06086,5.92208],[-76.05987,5.92053],[-76.05944,5.9201],[-76.05913,5.91935],[-76.05875,5.91799],[-76.05857,5.91609],[-76.05857,5.9154],[-76.05838,5.91447],[-76.05801,5.91404],[-76.05677,5.91292],[-76.05634,5.91224],[-76.05625,5.91154],[-76.0564,5.91057],[-76.05665,5.91007],[-76.05689,5.90908],[-76.05689,5.90809],[-76.0572,5.90567],[-76.05776,5.90319],[-76.0577,5.90048],[-76.05776,5.89881],[-76.05714,5.89688],[-76.05652,5.89569],[-76.0564,5.89521],[-76.05672,5.8948],[-76.05801,5.89372],[-76.05851,5.89298],[-76.05944,5.89186],[-76.05993,5.8905],[-76.0603,5.88864],[-76.06037,5.88678],[-76.06049,5.88634],[-76.06099,5.88603],[-76.06161,5.88603],[-76.06235,5.88641],[-76.0634,5.88734],[-76.06409,5.88758],[-76.06533,5.88765],[-76.06626,5.88709],[-76.067,5.88684],[-76.06824,5.88672],[-76.06942,5.88672],[-76.0706,5.88684],[-76.07178,5.88715],[-76.0727,5.88752],[-76.07419,5.88758],[-76.07469,5.8874],[-76.07574,5.88665],[-76.0776,5.88597],[-76.0781,5.8856],[-76.07897,5.8842],[-76.07984,5.88333],[-76.08033,5.88302],[-76.08095,5.88302],[-76.08157,5.88277],[-76.08212,5.88192],[-76.0823,5.88052],[-76.08213,5.87852],[-76.08222,5.87762],[-76.08213,5.87612],[-76.08317,5.8735],[-76.08376,5.87246],[-76.08571,5.87002],[-76.08644,5.8687],[-76.08744,5.8659],[-76.08812,5.86504],[-76.0888,5.86463],[-76.08921,5.864],[-76.09043,5.86296],[-76.09188,5.86187],[-76.09248,5.86112],[-76.09277,5.86025],[-76.09318,5.85804],[-76.09362,5.85709],[-76.09471,5.85506],[-76.09654,5.85255],[-76.09775,5.85173],[-76.09822,5.85124],[-76.0989,5.84982],[-76.09909,5.8487],[-76.09915,5.84722],[-76.09915,5.8432],[-76.09921,5.84134],[-76.09953,5.83848],[-76.0995,5.83749],[-76.09896,5.83552],[-76.0989,5.83483],[-76.09896,5.83334],[-76.09927,5.83186],[-76.09927,5.83111],[-76.09853,5.82975],[-76.09754,5.82857],[-76.09685,5.82795],[-76.09574,5.8277],[-76.09512,5.82745],[-76.09382,5.82615],[-76.0922,5.82547],[-76.09084,5.82473],[-76.08917,5.82364],[-76.08793,5.82326],[-76.08724,5.82252],[-76.08669,5.82085],[-76.08588,5.8193],[-76.0852,5.81867],[-76.08414,5.81793],[-76.08365,5.81725],[-76.08309,5.81682],[-76.08228,5.81657],[-76.08142,5.8157],[-76.0816,5.81489],[-76.08297,5.81396],[-76.08328,5.81353],[-76.0834,5.81278],[-76.08235,5.81117],[-76.08235,5.80968],[-76.08204,5.80882],[-76.08111,5.8077],[-76.08098,5.80723],[-76.08098,5.80587],[-76.08135,5.80481],[-76.08148,5.80413],[-76.08142,5.80004],[-76.08154,5.79917],[-76.08222,5.79805],[-76.08328,5.79743],[-76.08383,5.79731],[-76.08582,5.7957],[-76.08625,5.79489],[-76.08625,5.79396],[-76.08538,5.79204],[-76.08445,5.79092],[-76.08321,5.79001],[-76.08216,5.78957],[-76.08092,5.78796],[-76.0798,5.78678],[-76.07708,5.78468],[-76.07613,5.78384],[-76.07443,5.7828],[-76.07149,5.78143],[-76.07103,5.78103],[-76.07097,5.78022],[-76.07174,5.77866],[-76.07224,5.77804],[-76.07453,5.77624],[-76.07534,5.77488],[-76.0754,5.77366],[-76.07571,5.77279],[-76.07701,5.77198],[-76.07805,5.77008],[-76.07832,5.76987],[-76.08036,5.76919],[-76.08067,5.76894],[-76.08111,5.7677],[-76.08111,5.76702],[-76.08067,5.76634],[-76.07906,5.76547],[-76.07819,5.76547],[-76.07739,5.76504],[-76.07695,5.76417],[-76.07615,5.76324],[-76.07435,5.76169],[-76.07385,5.76144],[-76.07249,5.76144],[-76.07199,5.76175],[-76.07088,5.76324],[-76.07032,5.7638],[-76.06945,5.76436],[-76.06864,5.76473],[-76.06802,5.76473],[-76.06685,5.76529],[-76.06585,5.76541],[-76.06552,5.76527],[-76.06524,5.76452],[-76.06523,5.7638],[-76.06505,5.76212],[-76.06482,5.76142],[-76.06379,5.75978],[-76.06343,5.75935],[-76.06235,5.75875],[-76.06185,5.75869],[-76.0612,5.75813],[-76.06118,5.75749],[-76.0617,5.75617],[-76.06178,5.75494],[-76.06223,5.75351],[-76.06269,5.75264],[-76.06312,5.75132],[-76.06443,5.75058],[-76.06538,5.75054],[-76.067,5.74855],[-76.06775,5.7473],[-76.06825,5.74681],[-76.06891,5.74643],[-76.07007,5.74523],[-76.07094,5.74353],[-76.07086,5.74242],[-76.06953,5.74089],[-76.06891,5.73982],[-76.06825,5.73904],[-76.06721,5.73821],[-76.06638,5.73709],[-76.06609,5.73601],[-76.06526,5.73398],[-76.06476,5.73248],[-76.06418,5.72999],[-76.06343,5.72941],[-76.06298,5.72879],[-76.06298,5.72784],[-76.06323,5.72705],[-76.06634,5.72427],[-76.06717,5.72344],[-76.06874,5.72224],[-76.0702,5.72128],[-76.07065,5.72014],[-76.07069,5.71852],[-76.07086,5.71695],[-76.07136,5.71583],[-76.07235,5.71479],[-76.07335,5.71396],[-76.07405,5.71359],[-76.07534,5.71309],[-76.07621,5.71259],[-76.07774,5.71127],[-76.07791,5.71093],[-76.07895,5.70965],[-76.07974,5.70907],[-76.08028,5.70799],[-76.07994,5.7043],[-76.08015,5.70372],[-76.08106,5.70313],[-76.08185,5.702],[-76.0826,5.70046],[-76.08289,5.69943],[-76.08355,5.69847],[-76.08401,5.69731],[-76.08418,5.69608],[-76.08442,5.69507],[-76.08505,5.69399],[-76.08538,5.693],[-76.08538,5.69233],[-76.08575,5.69097],[-76.0865,5.68997],[-76.08658,5.68939],[-76.08695,5.68864],[-76.0865,5.68771],[-76.08567,5.68668],[-76.08543,5.68614],[-76.08442,5.68525],[-76.08365,5.68471],[-76.08228,5.68358],[-76.08186,5.68305],[-76.08026,5.68251],[-76.07764,5.68144],[-76.07558,5.68016],[-76.07432,5.67885],[-76.07332,5.67714],[-76.07259,5.67575],[-76.07198,5.67481],[-76.07155,5.67449],[-76.06994,5.67394],[-76.06755,5.673],[-76.06643,5.6722],[-76.06615,5.67154],[-76.06667,5.66868],[-76.06667,5.66769],[-76.06649,5.66724],[-76.06602,5.66689],[-76.06453,5.66647],[-76.06254,5.66542],[-76.06103,5.6648],[-76.05932,5.66392],[-76.05394,5.66148],[-76.0526,5.6606],[-76.05005,5.65872],[-76.04805,5.65705],[-76.04622,5.6557],[-76.04416,5.654],[-76.04355,5.65367],[-76.04224,5.65338],[-76.0399,5.6523],[-76.03925,5.65192],[-76.03775,5.65168],[-76.03625,5.65168],[-76.03571,5.65152],[-76.03377,5.64928],[-76.03253,5.64825],[-76.03143,5.64689],[-76.0297,5.64585],[-76.02746,5.64392],[-76.02657,5.6434],[-76.02591,5.64275],[-76.02521,5.64176],[-76.0239,5.64035],[-76.0233,5.63917],[-76.02278,5.63659],[-76.02208,5.6357],[-76.02073,5.63471],[-76.02005,5.63431],[-76.01778,5.63278],[-76.01558,5.63203],[-76.01427,5.63113],[-76.01357,5.63094],[-76.01197,5.63075],[-76.01146,5.63056],[-76.01137,5.62826],[-76.01072,5.62676],[-76.01011,5.62592],[-76.00884,5.62526],[-76.00786,5.62465],[-76.00604,5.62309],[-76.00515,5.62192],[-76.00482,5.62122],[-76.00478,5.61877],[-76.00494,5.61784],[-76.00674,5.6148],[-76.00713,5.61427],[-76.00742,5.61254],[-76.00714,5.61108],[-76.00662,5.60981],[-76.00536,5.60709],[-76.00448,5.60544],[-76.00336,5.60394],[-76.00237,5.60223],[-76.00185,5.60065],[-76.00209,5.5997],[-76.0042,5.59896],[-76.00578,5.59851],[-76.00683,5.59785],[-76.00894,5.59588],[-76.00974,5.59527],[-76.01124,5.59448],[-76.01202,5.59311],[-76.01219,5.59166],[-76.01063,5.58967],[-76.00975,5.58903],[-76.00835,5.58776],[-76.00765,5.58663],[-76.00751,5.58504],[-76.00707,5.5834],[-76.00637,5.58118],[-76.0063,5.57967],[-76.00659,5.57771],[-76.00655,5.57579],[-76.00697,5.57382],[-76.00744,5.57307],[-76.00805,5.57236],[-76.00894,5.57105],[-76.00923,5.5704],[-76.00927,5.5696],[-76.00908,5.56765],[-76.01083,5.56694],[-76.01199,5.56639],[-76.01315,5.56609],[-76.01413,5.56554],[-76.01774,5.56395],[-76.02049,5.56335],[-76.02258,5.56335],[-76.02319,5.56344],[-76.02508,5.5634],[-76.02611,5.56371],[-76.02696,5.56447],[-76.02794,5.56556],[-76.03011,5.56612],[-76.03075,5.56618],[-76.03246,5.5668],[-76.03448,5.56692],[-76.03613,5.56717],[-76.03704,5.56717],[-76.03766,5.56681],[-76.0379,5.56607],[-76.03856,5.56508],[-76.03968,5.56365],[-76.0409,5.56277],[-76.04215,5.56123],[-76.04384,5.55941],[-76.04531,5.558],[-76.04598,5.55764],[-76.04751,5.55739],[-76.04898,5.55697],[-76.05104,5.55575],[-76.05179,5.55513],[-76.05227,5.55447],[-76.05277,5.55348],[-76.05339,5.55269],[-76.05492,5.55183],[-76.05608,5.55153],[-76.05718,5.55135],[-76.0584,5.55145],[-76.06029,5.55148],[-76.06152,5.55136],[-76.06219,5.55093],[-76.06327,5.55048],[-76.06462,5.55029],[-76.06632,5.54958],[-76.06916,5.54868],[-76.07062,5.54872],[-76.07199,5.54848],[-76.07277,5.54819],[-76.07375,5.54764],[-76.07479,5.5466],[-76.07546,5.54568],[-76.07607,5.54415],[-76.07742,5.54203],[-76.07865,5.54067],[-76.07999,5.53908],[-76.0814,5.53773],[-76.08228,5.53677],[-76.08485,5.53491],[-76.08543,5.53432],[-76.08555,5.53346],[-76.0854,5.53213],[-76.08497,5.53113],[-76.08453,5.52984],[-76.08398,5.52868],[-76.08313,5.5277],[-76.08057,5.52579],[-76.0794,5.52459],[-76.07914,5.52339],[-76.07929,5.52132],[-76.07914,5.51983],[-76.07801,5.5174],[-76.07777,5.51617],[-76.07777,5.51483],[-76.07754,5.51145],[-76.07711,5.50993],[-76.07693,5.50883],[-76.07681,5.50742],[-76.07701,5.50484],[-76.07651,5.50356],[-76.07578,5.50209],[-76.07557,5.49959],[-76.07578,5.49878],[-76.07672,5.497],[-76.07768,5.49609],[-76.07881,5.49441],[-76.07927,5.49352],[-76.07952,5.4926],[-76.07971,5.49107],[-76.07977,5.48838],[-76.08014,5.48685],[-76.08039,5.48489],[-76.08039,5.48165],[-76.08009,5.4795],[-76.07967,5.47742],[-76.07943,5.47589],[-76.07821,5.47362],[-76.07778,5.47233],[-76.07778,5.47172],[-76.07827,5.47037],[-76.07968,5.46842],[-76.07981,5.46732],[-76.0803,5.46548],[-76.08097,5.46371],[-76.08275,5.4615],[-76.08422,5.45857],[-76.08428,5.45747],[-76.08478,5.45477],[-76.08478,5.45361],[-76.08496,5.45214],[-76.08533,5.45036],[-76.08534,5.44975],[-76.08693,5.44804],[-76.08772,5.44731],[-76.08809,5.44651],[-76.08889,5.44572],[-76.08992,5.44529],[-76.09115,5.44511],[-76.09237,5.44535],[-76.09353,5.44591],[-76.09408,5.4464],[-76.09469,5.44726],[-76.09581,5.44824],[-76.09736,5.44857],[-76.09802,5.44883],[-76.09896,5.44861],[-76.10037,5.44794],[-76.10245,5.44745],[-76.1033,5.44678],[-76.10404,5.44599],[-76.10455,5.4451],[-76.10453,5.44433],[-76.10478,5.44329],[-76.106,5.44293],[-76.1085,5.4425],[-76.10967,5.44201],[-76.11046,5.44067],[-76.11102,5.43871],[-76.11157,5.43718],[-76.11188,5.43528],[-76.11231,5.43375],[-76.11298,5.43228],[-76.11409,5.42947],[-76.11525,5.42727],[-76.11623,5.42617],[-76.11746,5.42421],[-76.11856,5.42207],[-76.11899,5.42152],[-76.1199,5.42084],[-76.12137,5.42017],[-76.12217,5.42017],[-76.12333,5.42079],[-76.12598,5.42172],[-76.12705,5.42165],[-76.13023,5.42068],[-76.13139,5.42025],[-76.13249,5.42007],[-76.13365,5.41964],[-76.13555,5.41866],[-76.13732,5.41763],[-76.13873,5.41695],[-76.14032,5.4169],[-76.14233,5.41696],[-76.14356,5.41715],[-76.14459,5.41666],[-76.14606,5.4155],[-76.14869,5.41317],[-76.14973,5.41232],[-76.15096,5.41018],[-76.15199,5.40817],[-76.15248,5.40757],[-76.15313,5.40747],[-76.15362,5.40768],[-76.15396,5.40836],[-76.15499,5.40994],[-76.15645,5.41178],[-76.15743,5.41239],[-76.15835,5.41239],[-76.16061,5.41215],[-76.16422,5.41124],[-76.16556,5.41099],[-76.16813,5.41063],[-76.16966,5.40984],[-76.17088,5.40855],[-76.17192,5.40733],[-76.17302,5.40537],[-76.17431,5.40366],[-76.17517,5.40293],[-76.17602,5.40201],[-76.17706,5.40134],[-76.17798,5.40128],[-76.17877,5.40195],[-76.17926,5.40324],[-76.18023,5.40538],[-76.18109,5.40655],[-76.18188,5.40728],[-76.18261,5.41004],[-76.18267,5.41133],[-76.18297,5.41255],[-76.18395,5.41445],[-76.18505,5.41556],[-76.18663,5.41556],[-76.18865,5.41519],[-76.19122,5.41458],[-76.19172,5.41388],[-76.19196,5.41256],[-76.19192,5.41203],[-76.19147,5.41122],[-76.19119,5.40967],[-76.19118,5.40844],[-76.19136,5.40705],[-76.19137,5.40497],[-76.19125,5.40424],[-76.19066,5.40355],[-76.19022,5.40258],[-76.19044,5.4017],[-76.19044,5.39863],[-76.19069,5.39724],[-76.19142,5.39605],[-76.19315,5.39424],[-76.19395,5.39358],[-76.19455,5.39281],[-76.19492,5.39174],[-76.19452,5.38985],[-76.19458,5.38847],[-76.19514,5.38693],[-76.19539,5.38539],[-76.19545,5.38443],[-76.19538,5.38305],[-76.19568,5.3821],[-76.19623,5.38152],[-76.19645,5.38097],[-76.19647,5.37994],[-76.19686,5.37923],[-76.19769,5.3781],[-76.19818,5.37717],[-76.19906,5.37622],[-76.19935,5.37533],[-76.19926,5.37494],[-76.19859,5.37383],[-76.19742,5.37223],[-76.19705,5.37108],[-76.19703,5.37025],[-76.1974,5.36987],[-76.19983,5.3684],[-76.20219,5.36738],[-76.20412,5.36554],[-76.20369,5.3639],[-76.20328,5.36322],[-76.20157,5.36116],[-76.20104,5.36005],[-76.2014,5.35955],[-76.20212,5.35912],[-76.20269,5.35823],[-76.20285,5.3567],[-76.20261,5.35541],[-76.20279,5.35498],[-76.20304,5.35375],[-76.20327,5.35321],[-76.20449,5.35261],[-76.20544,5.35172],[-76.20593,5.35057],[-76.20607,5.34947],[-76.20627,5.34915],[-76.2074,5.3488],[-76.2081,5.34876],[-76.20944,5.34889],[-76.21143,5.34862],[-76.2105,5.34766],[-76.20979,5.34712],[-76.20942,5.34666],[-76.20876,5.34544],[-76.20778,5.3443],[-76.20697,5.34386],[-76.20636,5.34408],[-76.20599,5.34491],[-76.20512,5.34543],[-76.20468,5.3455],[-76.20429,5.34514],[-76.2038,5.34391],[-76.20352,5.34259],[-76.20295,5.34046],[-76.20257,5.33967],[-76.20156,5.33798],[-76.20136,5.33732],[-76.20138,5.33561],[-76.20182,5.33371],[-76.20226,5.3328],[-76.20338,5.33135],[-76.2033,5.33072],[-76.20283,5.33011],[-76.20201,5.32947],[-76.20141,5.32937],[-76.20005,5.32967],[-76.19899,5.32981],[-76.19819,5.32948],[-76.19806,5.32887],[-76.19817,5.3272],[-76.19849,5.32564],[-76.19901,5.32451],[-76.1995,5.32372],[-76.20019,5.32294],[-76.20137,5.32215],[-76.20132,5.32146],[-76.20064,5.32086],[-76.19855,5.32063],[-76.19724,5.31928],[-76.19735,5.31801],[-76.19705,5.31687],[-76.19627,5.31594],[-76.1957,5.31492],[-76.19523,5.31439],[-76.1939,5.31391],[-76.19311,5.31338],[-76.19284,5.31241],[-76.19291,5.31096],[-76.19279,5.31039],[-76.19222,5.30933],[-76.19227,5.308],[-76.19216,5.30738],[-76.19124,5.30586],[-76.19103,5.30443],[-76.19034,5.30369],[-76.18922,5.30328],[-76.18879,5.30259],[-76.18845,5.30129],[-76.18791,5.30039],[-76.18668,5.29917],[-76.18603,5.29819],[-76.18502,5.29697],[-76.18446,5.29593],[-76.18368,5.29515],[-76.18234,5.29469],[-76.18149,5.29401],[-76.18049,5.29282],[-76.17957,5.29191],[-76.17929,5.29122],[-76.17881,5.29076],[-76.17873,5.28986],[-76.17752,5.28837],[-76.17704,5.2847],[-76.17702,5.28282],[-76.17656,5.28177],[-76.17656,5.28087],[-76.17682,5.27958],[-76.17705,5.27726],[-76.17704,5.27546],[-76.17666,5.27464],[-76.17454,5.27271],[-76.17379,5.27219],[-76.17319,5.27151],[-76.17288,5.27062],[-76.1728,5.26972],[-76.17278,5.26701],[-76.17307,5.26596],[-76.17351,5.26513],[-76.1738,5.26423],[-76.17394,5.26333],[-76.174,5.26152],[-76.17362,5.26025],[-76.17151,5.25839],[-76.1703,5.25788],[-76.16918,5.25781],[-76.16738,5.25745],[-76.16618,5.25739],[-76.16543,5.25701],[-76.16376,5.25478],[-76.16315,5.25305],[-76.16238,5.25006],[-76.16237,5.24905],[-76.16251,5.24755],[-76.1622,5.2468],[-76.16092,5.24636],[-76.15859,5.24458],[-76.15745,5.24324],[-76.15617,5.24235],[-76.1546,5.24206],[-76.15325,5.24169],[-76.1507,5.24172],[-76.15002,5.24105],[-76.14874,5.23933],[-76.14812,5.23783],[-76.14729,5.23641],[-76.14653,5.23552],[-76.14511,5.23485],[-76.14353,5.23457],[-76.14248,5.2342],[-76.14202,5.23338],[-76.14194,5.23248],[-76.14267,5.23022],[-76.14297,5.22969],[-76.14296,5.22849],[-76.14204,5.22625],[-76.14136,5.22483],[-76.14105,5.22363],[-76.14104,5.22273],[-76.14081,5.22183],[-76.14078,5.21815],[-76.14122,5.21679],[-76.14135,5.21544],[-76.14134,5.21326],[-76.1414,5.21191],[-76.14154,5.21086],[-76.14198,5.20966],[-76.1424,5.20725],[-76.14249,5.20604],[-76.14212,5.20474],[-76.14083,5.20372],[-76.13944,5.20344],[-76.13842,5.20279],[-76.13796,5.20177],[-76.13815,5.1988],[-76.13742,5.19675],[-76.13668,5.19583],[-76.13585,5.19378],[-76.13511,5.19258],[-76.13437,5.191],[-76.13419,5.18719],[-76.13355,5.18497],[-76.13249,5.18345],[-76.13175,5.18269],[-76.13058,5.18116],[-76.1301,5.18039],[-76.12933,5.17992],[-76.12788,5.17858],[-76.1274,5.17782],[-76.12653,5.17725],[-76.12623,5.17639],[-76.12565,5.17562],[-76.12516,5.1738],[-76.12467,5.17303],[-76.12294,5.17237],[-76.12198,5.17219],[-76.12121,5.17162],[-76.12034,5.17124],[-76.11976,5.17048],[-76.11908,5.16981],[-76.11869,5.16895],[-76.11824,5.1685],[-76.11717,5.16795],[-76.11631,5.1679],[-76.11566,5.16815],[-76.11524,5.16849],[-76.11438,5.16956],[-76.11295,5.16957],[-76.11141,5.16949],[-76.10997,5.16873],[-76.10842,5.16759],[-76.10794,5.16682],[-76.10639,5.16568],[-76.10485,5.16463],[-76.1035,5.1633],[-76.10158,5.16322],[-76.09966,5.16323],[-76.09794,5.16411],[-76.09718,5.1647],[-76.09632,5.16509],[-76.0944,5.16433],[-76.09352,5.16319],[-76.09265,5.16223],[-76.09034,5.1609],[-76.0889,5.16092],[-76.08545,5.15998],[-76.08467,5.15855],[-76.08446,5.15663],[-76.08358,5.15509],[-76.08166,5.15415],[-76.08003,5.15368],[-76.07801,5.15293],[-76.07705,5.15274],[-76.07646,5.1515],[-76.07655,5.15015],[-76.07721,5.14899],[-76.07739,5.14736],[-76.07709,5.1463],[-76.07565,5.14554],[-76.07449,5.14507],[-76.07247,5.14384],[-76.07121,5.1426],[-76.06976,5.14097],[-76.06918,5.13982],[-76.06802,5.13916],[-76.06707,5.13955],[-76.06524,5.13957],[-76.06342,5.13939],[-76.06207,5.13873],[-76.0614,5.13806],[-76.06091,5.1371],[-76.06042,5.13586],[-76.06051,5.13478],[-76.06041,5.13391],[-76.06049,5.13199],[-76.06096,5.13122],[-76.06123,5.12929],[-76.06122,5.12833],[-76.06103,5.12727],[-76.05995,5.12469],[-76.05898,5.12315],[-76.05887,5.12123],[-76.05884,5.11739],[-76.05893,5.11643],[-76.05958,5.11469],[-76.06101,5.11333],[-76.06149,5.11256],[-76.0622,5.11018],[-76.06224,5.10821],[-76.06202,5.10699],[-76.06174,5.10611],[-76.06162,5.10516],[-76.06161,5.10323],[-76.06169,5.10227],[-76.06198,5.1014],[-76.06254,5.10063],[-76.06331,5.10005],[-76.06426,5.09975],[-76.06503,5.09926],[-76.06569,5.09859],[-76.06646,5.098],[-76.06817,5.09722],[-76.06884,5.09654],[-76.06979,5.095],[-76.06977,5.09307],[-76.07013,5.09019],[-76.07013,5.08923],[-76.0704,5.0873],[-76.07068,5.08643],[-76.07077,5.08547],[-76.07074,5.08162],[-76.07044,5.07958],[-76.06991,5.07769],[-76.06937,5.07652],[-76.06901,5.07541],[-76.06903,5.07461],[-76.06933,5.07385],[-76.06979,5.07345],[-76.07075,5.07336],[-76.07147,5.073],[-76.07211,5.07248],[-76.07258,5.07171],[-76.07298,5.07011],[-76.07304,5.06938],[-76.07289,5.06833],[-76.07241,5.06749],[-76.07196,5.06515],[-76.07216,5.06384],[-76.07221,5.06247],[-76.07242,5.06135],[-76.07283,5.06058],[-76.07354,5.05956],[-76.07507,5.05849],[-76.07554,5.05772],[-76.07553,5.05675],[-76.07586,5.05604],[-76.07684,5.05456],[-76.07701,5.05384],[-76.07703,5.05188],[-76.0766,5.05026],[-76.07642,5.04866],[-76.07652,5.04803],[-76.077,5.04723],[-76.07734,5.04737],[-76.07833,5.04708],[-76.07911,5.04669],[-76.08065,5.04552],[-76.08152,5.04519],[-76.08211,5.04515],[-76.08392,5.04472],[-76.08492,5.04471],[-76.08585,5.04417],[-76.08665,5.04398],[-76.08795,5.04404],[-76.08867,5.04328],[-76.08912,5.04307],[-76.09089,5.04302],[-76.09142,5.04266],[-76.09166,5.0402],[-76.09223,5.03956],[-76.09257,5.03801],[-76.09306,5.03689],[-76.09405,5.03589],[-76.09509,5.03457],[-76.09525,5.03413],[-76.09594,5.03357],[-76.09675,5.0321],[-76.09677,5.03103],[-76.09569,5.0276],[-76.09561,5.02713],[-76.09578,5.02626],[-76.09628,5.02501],[-76.09641,5.02374],[-76.0962,5.02255],[-76.09612,5.0213],[-76.0962,5.02055],[-76.09615,5.01929],[-76.09576,5.01833],[-76.09527,5.01757],[-76.09506,5.01565],[-76.09505,5.01372],[-76.09427,5.0121],[-76.09426,5.01086],[-76.09454,5.00989],[-76.09596,5.00757],[-76.09662,5.00632],[-76.09719,5.00497],[-76.09762,5.00162],[-76.09852,4.99962],[-76.09853,4.99834],[-76.09768,4.99645],[-76.09749,4.99563],[-76.09695,4.99432],[-76.0967,4.99301],[-76.09578,4.99135],[-76.09518,4.99063],[-76.09492,4.99006],[-76.09472,4.98887],[-76.09451,4.98855],[-76.09238,4.98598],[-76.09156,4.98452],[-76.09087,4.98142],[-76.09035,4.98031],[-76.09024,4.97977],[-76.09036,4.97869],[-76.09053,4.97832],[-76.09142,4.97738],[-76.09139,4.97637],[-76.0905,4.97509],[-76.09031,4.97444],[-76.09045,4.97248],[-76.09042,4.97166],[-76.09013,4.97018],[-76.08964,4.9683],[-76.08956,4.96684],[-76.08983,4.96622],[-76.09095,4.96507],[-76.091,4.96466],[-76.09035,4.96399],[-76.08977,4.96237],[-76.08971,4.96145],[-76.08986,4.96102],[-76.09114,4.95975],[-76.09132,4.95929],[-76.09132,4.95788],[-76.09149,4.95649],[-76.09142,4.9554],[-76.09075,4.95329],[-76.09096,4.95224],[-76.0905,4.95155],[-76.09094,4.95092],[-76.09133,4.94937],[-76.09127,4.94889],[-76.09057,4.94805],[-76.0888,4.94646],[-76.0888,4.94593],[-76.08991,4.94518],[-76.09125,4.94354],[-76.09216,4.94252],[-76.09369,4.94197],[-76.09448,4.94154],[-76.09458,4.94067],[-76.09366,4.93881],[-76.09329,4.9378],[-76.09329,4.93717],[-76.0935,4.93692],[-76.09513,4.93578],[-76.09532,4.93534],[-76.09494,4.93413],[-76.09482,4.93182],[-76.09454,4.93095],[-76.0947,4.92998],[-76.09564,4.92909],[-76.0968,4.92711],[-76.09697,4.92544],[-76.09804,4.92401],[-76.09855,4.92309],[-76.09867,4.922],[-76.09828,4.92032],[-76.09842,4.91929],[-76.09881,4.91826],[-76.09968,4.91718],[-76.10097,4.91667],[-76.10203,4.9154],[-76.10225,4.91526],[-76.10367,4.91524],[-76.10468,4.91541],[-76.10525,4.91564],[-76.10588,4.91538],[-76.10714,4.91513],[-76.10761,4.91515],[-76.1081,4.91462],[-76.1085,4.91447],[-76.10938,4.91446],[-76.11075,4.91471],[-76.11243,4.91522],[-76.11338,4.91504],[-76.11374,4.9146],[-76.11565,4.91343],[-76.11666,4.91301],[-76.12,4.91199],[-76.12044,4.91193],[-76.12152,4.91222],[-76.1224,4.9127],[-76.12367,4.91283],[-76.12479,4.91283],[-76.12708,4.91347],[-76.12768,4.91376],[-76.12887,4.91375],[-76.12953,4.91333],[-76.12956,4.91189],[-76.13042,4.91141],[-76.13073,4.91049],[-76.13023,4.91],[-76.12968,4.90988],[-76.12942,4.90922],[-76.13,4.90843],[-76.12999,4.90724],[-76.12971,4.90686],[-76.1285,4.9058],[-76.12697,4.90404],[-76.12611,4.90361],[-76.12505,4.9034],[-76.12424,4.90286],[-76.1217,4.90052],[-76.12078,4.89977],[-76.11899,4.89795],[-76.11854,4.89726],[-76.11708,4.89675],[-76.11605,4.89626],[-76.11515,4.89546],[-76.11458,4.89464],[-76.11415,4.89424],[-76.11405,4.89357],[-76.11429,4.89218],[-76.11414,4.8904],[-76.11565,4.88854],[-76.11625,4.88753],[-76.11715,4.88643],[-76.11736,4.88583],[-76.11732,4.88501],[-76.11687,4.88312],[-76.11678,4.8815],[-76.11714,4.88074],[-76.11889,4.87929],[-76.11969,4.87794],[-76.12063,4.87687],[-76.1217,4.87587],[-76.12214,4.87565],[-76.12402,4.87583],[-76.12461,4.87568],[-76.12671,4.87396],[-76.12664,4.87355],[-76.1254,4.87279],[-76.1254,4.87214],[-76.12561,4.87169],[-76.12653,4.87084],[-76.1271,4.8696],[-76.12753,4.86902],[-76.12821,4.86841],[-76.12884,4.86762],[-76.12927,4.86623],[-76.12917,4.86562],[-76.12938,4.86502],[-76.1308,4.86385],[-76.13109,4.86346],[-76.13102,4.86281],[-76.12996,4.86071],[-76.12982,4.86027],[-76.12954,4.85792],[-76.12963,4.85609],[-76.12973,4.85581],[-76.1316,4.85367],[-76.13284,4.85269],[-76.13453,4.85184],[-76.13596,4.85086],[-76.13693,4.8495],[-76.13739,4.84715],[-76.13752,4.84507],[-76.13785,4.84345],[-76.13863,4.84201],[-76.14055,4.84018],[-76.14171,4.83952],[-76.145,4.83791],[-76.14709,4.83757],[-76.14859,4.83721],[-76.1505,4.83664],[-76.1521,4.83638],[-76.15395,4.83618],[-76.15608,4.83611],[-76.15798,4.83635],[-76.16078,4.83635],[-76.16384,4.83564],[-76.16735,4.83466],[-76.16919,4.83378],[-76.17027,4.83318],[-76.1718,4.83286],[-76.17295,4.83251],[-76.17464,4.83225],[-76.17636,4.83185],[-76.17893,4.83213],[-76.18064,4.83251],[-76.1841,4.83219],[-76.18586,4.83147],[-76.18722,4.83069],[-76.1921,4.82861],[-76.19438,4.82854],[-76.196,4.82838],[-76.19822,4.82867],[-76.19939,4.82867],[-76.20031,4.82815],[-76.20206,4.82815],[-76.20434,4.82906],[-76.20688,4.82952],[-76.21007,4.82952],[-76.2115,4.82939],[-76.21377,4.82828],[-76.21579,4.82698],[-76.2169,4.82587],[-76.21872,4.82379],[-76.21918,4.82308],[-76.22067,4.82113],[-76.2221,4.81761],[-76.22217,4.81637],[-76.22256,4.81475],[-76.22341,4.81218],[-76.22406,4.81062],[-76.22471,4.80964],[-76.22705,4.80736],[-76.22822,4.80547],[-76.22855,4.80469],[-76.22939,4.80313],[-76.23056,4.80209],[-76.2318,4.8017],[-76.23493,4.80007],[-76.23714,4.79858],[-76.23902,4.79767],[-76.24026,4.79695],[-76.24328,4.79541],[-76.24426,4.79502],[-76.24627,4.79456],[-76.24751,4.79404],[-76.2505,4.79378],[-76.25317,4.79378],[-76.25493,4.79391],[-76.25603,4.79417],[-76.25857,4.79495],[-76.26065,4.79495],[-76.26124,4.7945],[-76.26183,4.79365],[-76.26248,4.7917],[-76.26313,4.79001],[-76.26378,4.78897],[-76.26423,4.78779],[-76.26554,4.78571],[-76.26798,4.78223],[-76.26867,4.78096],[-76.26959,4.78019],[-76.27004,4.7792],[-76.27059,4.77843],[-76.27083,4.77743],[-76.27155,4.77659],[-76.2722,4.77604],[-76.27341,4.77528],[-76.2737,4.77488],[-76.27415,4.77359],[-76.27624,4.77102],[-76.27739,4.77083],[-76.27803,4.77055],[-76.27922,4.76884],[-76.27979,4.76862],[-76.28176,4.76855],[-76.28343,4.76874],[-76.28462,4.76841],[-76.28502,4.76795],[-76.28574,4.76748],[-76.28686,4.76715],[-76.28797,4.76558],[-76.28833,4.76481],[-76.28909,4.76405],[-76.29178,4.76196],[-76.29254,4.76101],[-76.29376,4.75965],[-76.29483,4.75958],[-76.29654,4.75921],[-76.29702,4.75888],[-76.29792,4.75861],[-76.2999,4.75768],[-76.30236,4.75635],[-76.30366,4.75535],[-76.30497,4.7546],[-76.30557,4.75397],[-76.30648,4.75391],[-76.30727,4.75373],[-76.30832,4.75322],[-76.31021,4.75219],[-76.31211,4.75062],[-76.31227,4.74998],[-76.31168,4.74984],[-76.30933,4.74873],[-76.30849,4.74816],[-76.30767,4.74718],[-76.30749,4.74646],[-76.30769,4.74435],[-76.30706,4.74242],[-76.30591,4.74072],[-76.30493,4.73943],[-76.30284,4.73809],[-76.30225,4.73744],[-76.30068,4.73608],[-76.29916,4.73517],[-76.2986,4.73463],[-76.29707,4.73088],[-76.29632,4.7297],[-76.29573,4.72906],[-76.29512,4.72883],[-76.29407,4.72875],[-76.29288,4.72693],[-76.29237,4.72538],[-76.29195,4.72465],[-76.2909,4.72346],[-76.29035,4.72243],[-76.28932,4.72127],[-76.28886,4.7189],[-76.28884,4.71723],[-76.28869,4.71663],[-76.2881,4.71534],[-76.287,4.7133],[-76.28569,4.7124],[-76.28594,4.71141],[-76.28605,4.71035],[-76.28674,4.70962],[-76.28725,4.70865],[-76.28775,4.70537],[-76.28849,4.70346],[-76.28861,4.70278],[-76.29007,4.70272],[-76.29062,4.70261],[-76.29129,4.70218],[-76.29243,4.70196],[-76.29364,4.70153],[-76.29506,4.7013],[-76.29715,4.69997],[-76.29757,4.69929],[-76.2973,4.69774],[-76.29718,4.69488],[-76.29775,4.69361],[-76.29763,4.69252],[-76.29769,4.69157],[-76.29752,4.68992],[-76.29771,4.68873],[-76.29786,4.68693],[-76.29781,4.68658],[-76.29649,4.68536],[-76.29746,4.6835],[-76.29794,4.68228],[-76.29863,4.6809],[-76.30035,4.67852],[-76.30144,4.67762],[-76.30124,4.67688],[-76.30053,4.67593],[-76.30003,4.67542],[-76.29921,4.67415],[-76.29939,4.67339],[-76.29973,4.6729],[-76.30093,4.67213],[-76.30134,4.67146],[-76.30158,4.67027],[-76.30252,4.66828],[-76.30259,4.66794],[-76.30326,4.66687],[-76.30343,4.66583],[-76.30291,4.66235],[-76.30294,4.6599],[-76.30274,4.6593],[-76.30164,4.65824],[-76.30117,4.65727],[-76.30031,4.65592],[-76.30013,4.65505],[-76.30042,4.65451],[-76.30108,4.65413],[-76.30103,4.65337],[-76.30125,4.65248],[-76.3018,4.65128],[-76.30201,4.64962],[-76.30245,4.64868],[-76.30318,4.64768],[-76.30459,4.64653],[-76.30519,4.64616],[-76.30576,4.64555],[-76.30647,4.64312],[-76.30699,4.64206],[-76.30831,4.63992],[-76.30893,4.63876],[-76.31045,4.63558],[-76.31079,4.63465],[-76.31094,4.63382],[-76.31091,4.63298],[-76.31073,4.63226],[-76.30998,4.63017],[-76.31287,4.6296],[-76.31342,4.62929],[-76.31453,4.62798],[-76.31608,4.62561],[-76.31709,4.62354],[-76.31766,4.62226],[-76.31845,4.6216],[-76.3195,4.62054],[-76.32003,4.61968],[-76.3202,4.61916],[-76.32013,4.61834],[-76.31984,4.61737],[-76.31922,4.61637],[-76.3191,4.61594],[-76.31922,4.61497],[-76.31903,4.61424],[-76.31827,4.61313],[-76.31816,4.61265],[-76.31887,4.6109],[-76.31906,4.60992],[-76.31919,4.60835],[-76.32026,4.60628],[-76.32066,4.60585],[-76.32127,4.60455],[-76.32196,4.6043],[-76.32315,4.6041],[-76.32377,4.6038],[-76.32481,4.60306],[-76.32654,4.60235],[-76.32777,4.6021],[-76.32851,4.60206],[-76.32849,4.60124],[-76.32866,4.6007],[-76.32802,4.59959],[-76.328,4.5992],[-76.32853,4.5979],[-76.32942,4.59618],[-76.32953,4.59513],[-76.33038,4.59366],[-76.33083,4.59268],[-76.33167,4.59042],[-76.33181,4.58977],[-76.3322,4.58897],[-76.33355,4.58741],[-76.33425,4.58598],[-76.33519,4.58552],[-76.33596,4.58488],[-76.33716,4.58427],[-76.33761,4.5838],[-76.33782,4.58313],[-76.33816,4.5828],[-76.33958,4.58317],[-76.33998,4.58315],[-76.34203,4.58234],[-76.34334,4.58191],[-76.34364,4.58152],[-76.34336,4.57947],[-76.34298,4.57874],[-76.34342,4.57756],[-76.34375,4.57719],[-76.3446,4.57666],[-76.34476,4.57634],[-76.34461,4.57361],[-76.34424,4.57224],[-76.34427,4.57131],[-76.34406,4.57057],[-76.34221,4.56901],[-76.34192,4.56839],[-76.3409,4.56771],[-76.3409,4.56719],[-76.34145,4.56621],[-76.34172,4.56533],[-76.34243,4.56428],[-76.34294,4.56372],[-76.34428,4.56274],[-76.34462,4.56177],[-76.34571,4.5617],[-76.34646,4.56146],[-76.34706,4.56082],[-76.34739,4.56069],[-76.34869,4.56058],[-76.3498,4.56014],[-76.35173,4.55951],[-76.35442,4.55902],[-76.35619,4.55865],[-76.35729,4.5585],[-76.35952,4.55678],[-76.36088,4.55626],[-76.36185,4.55641],[-76.3633,4.55705],[-76.36384,4.55746],[-76.36479,4.55859],[-76.36516,4.55887],[-76.36597,4.55892],[-76.36795,4.55822],[-76.36966,4.55872],[-76.37128,4.55863],[-76.37242,4.55883],[-76.37346,4.55884],[-76.37468,4.55852],[-76.37579,4.55895],[-76.37682,4.55923],[-76.37841,4.5594],[-76.37888,4.55931],[-76.38127,4.55963],[-76.3824,4.55907],[-76.38332,4.55828],[-76.38398,4.55749],[-76.38418,4.55656],[-76.38413,4.55457],[-76.38441,4.55313],[-76.38426,4.55211],[-76.38397,4.55112],[-76.3844,4.54764],[-76.38495,4.5467],[-76.38593,4.54607],[-76.3877,4.54543],[-76.3882,4.54517],[-76.389,4.54429],[-76.39132,4.54303],[-76.39177,4.54272],[-76.39236,4.54188],[-76.3934,4.54129],[-76.3943,4.54092],[-76.3949,4.5409],[-76.39627,4.54036],[-76.39776,4.53951],[-76.39847,4.53872],[-76.39896,4.53843],[-76.40021,4.53794],[-76.40103,4.53749],[-76.40215,4.53637],[-76.40348,4.53553],[-76.40376,4.53497],[-76.40362,4.53448],[-76.40264,4.53385],[-76.40089,4.53378],[-76.39991,4.53364],[-76.39879,4.53273],[-76.3983,4.53189],[-76.39726,4.53105],[-76.39544,4.53],[-76.39481,4.52944],[-76.39425,4.52874],[-76.39376,4.52783],[-76.39348,4.52637],[-76.39299,4.52553],[-76.39194,4.52434],[-76.39096,4.52266],[-76.39047,4.52196],[-76.38962,4.52149],[-76.3883,4.52098],[-76.38607,4.52035],[-76.3853,4.51951],[-76.38502,4.51881],[-76.38383,4.51769],[-76.38348,4.51748],[-76.38173,4.51699],[-76.38068,4.51602],[-76.38019,4.51539],[-76.37984,4.51462],[-76.37984,4.51392],[-76.38005,4.51329],[-76.38061,4.51252],[-76.38047,4.51175],[-76.37956,4.5107],[-76.37942,4.50951],[-76.37907,4.5086],[-76.37809,4.50706],[-76.37676,4.50545],[-76.37592,4.50413],[-76.37509,4.50308],[-76.37488,4.50182],[-76.37411,4.50084],[-76.37332,4.49934],[-76.37299,4.49818],[-76.37236,4.49706],[-76.37089,4.4958],[-76.36998,4.49524],[-76.36865,4.4942],[-76.36795,4.49343],[-76.36613,4.49322],[-76.36486,4.49249],[-76.36502,4.49196],[-76.36557,4.49132],[-76.36675,4.49072],[-76.36799,4.4896],[-76.36917,4.48935],[-76.37043,4.48956],[-76.3717,4.4906],[-76.37225,4.49076],[-76.37412,4.49082],[-76.37453,4.4909],[-76.37587,4.49174],[-76.37689,4.49198],[-76.37828,4.49188],[-76.37934,4.49205],[-76.37995,4.4926],[-76.38067,4.49294],[-76.38136,4.49304],[-76.38247,4.49298],[-76.38297,4.49277],[-76.38486,4.49134],[-76.38618,4.48989],[-76.38642,4.48927],[-76.38658,4.48762],[-76.38663,4.48584],[-76.38655,4.4843],[-76.38629,4.48236],[-76.3863,4.48117],[-76.38691,4.48027],[-76.38873,4.47866],[-76.38953,4.47813],[-76.39003,4.4776],[-76.39045,4.4768],[-76.39094,4.47644],[-76.39128,4.47584],[-76.39178,4.47547],[-76.39306,4.47529],[-76.39404,4.47462],[-76.39508,4.47406],[-76.3958,4.47346],[-76.39673,4.47366],[-76.39926,4.47377],[-76.40051,4.47415],[-76.40147,4.47423],[-76.40234,4.47396],[-76.40372,4.4728],[-76.40418,4.47187],[-76.40445,4.47097],[-76.40479,4.47057],[-76.40478,4.47001],[-76.40552,4.46881],[-76.40637,4.46809],[-76.40719,4.46755],[-76.40763,4.46709],[-76.40833,4.46695],[-76.40948,4.46603],[-76.40988,4.46596],[-76.41039,4.4654],[-76.41061,4.46432],[-76.41059,4.46372],[-76.41028,4.46282],[-76.4097,4.46211],[-76.40916,4.4617],[-76.40866,4.46065],[-76.40858,4.46011],[-76.40904,4.4596],[-76.40952,4.45829],[-76.41006,4.45781],[-76.41063,4.45697],[-76.41137,4.45675],[-76.41306,4.45699],[-76.41454,4.45681],[-76.41617,4.45571],[-76.41679,4.45492],[-76.41754,4.45361],[-76.41818,4.45289],[-76.41852,4.45228],[-76.41874,4.45129],[-76.41867,4.45069],[-76.41808,4.44965],[-76.41789,4.44865],[-76.41798,4.44819],[-76.41853,4.44767],[-76.41927,4.4474],[-76.42202,4.44739],[-76.4235,4.44731],[-76.42429,4.44698],[-76.42645,4.44693],[-76.4272,4.44707],[-76.42879,4.44775],[-76.42997,4.44855],[-76.43091,4.44862],[-76.43181,4.44682],[-76.43239,4.44608],[-76.43329,4.44541],[-76.43349,4.44506],[-76.43353,4.44427],[-76.43379,4.44324],[-76.43417,4.44231],[-76.43448,4.44194],[-76.43568,4.44154],[-76.4377,4.44131],[-76.4395,4.44133],[-76.4433,4.44158],[-76.44495,4.44149],[-76.4468,4.44095],[-76.44745,4.4409],[-76.4488,4.44031],[-76.44909,4.43957],[-76.44948,4.43903],[-76.4496,4.4385],[-76.44963,4.43699],[-76.44998,4.43633],[-76.45066,4.43599],[-76.45182,4.43464],[-76.45207,4.43392],[-76.45357,4.43316],[-76.45583,4.433],[-76.45663,4.43279],[-76.45741,4.43206],[-76.45739,4.43142],[-76.45795,4.4309],[-76.45842,4.43078],[-76.45966,4.43081],[-76.46111,4.43035],[-76.46249,4.42912],[-76.46338,4.42872],[-76.46503,4.42779],[-76.46598,4.42749],[-76.46694,4.42698],[-76.46833,4.42658],[-76.47003,4.42559],[-76.47077,4.42493],[-76.47178,4.42451],[-76.47274,4.42365],[-76.47362,4.42318],[-76.47409,4.42275],[-76.47558,4.42073],[-76.47596,4.42011],[-76.47641,4.4197],[-76.4772,4.41931],[-76.47778,4.41878],[-76.47836,4.41794],[-76.47894,4.41744],[-76.47951,4.41664],[-76.4797,4.41604],[-76.48041,4.41527],[-76.48123,4.41461],[-76.48213,4.41407],[-76.48256,4.41396],[-76.48365,4.41397],[-76.48509,4.41415],[-76.48635,4.41396],[-76.48757,4.41388],[-76.4887,4.41353],[-76.48961,4.41335],[-76.49182,4.4132],[-76.49259,4.41325],[-76.49401,4.41357],[-76.495,4.41406],[-76.49618,4.41411],[-76.49679,4.41339],[-76.49746,4.41303],[-76.49855,4.41273],[-76.49931,4.41283],[-76.49986,4.41316],[-76.50057,4.41334],[-76.50199,4.4132],[-76.5025,4.41177],[-76.50306,4.41122],[-76.50418,4.41064],[-76.50486,4.41046],[-76.50581,4.41049],[-76.50631,4.41026],[-76.50708,4.40953],[-76.50764,4.40841],[-76.50844,4.40793],[-76.50916,4.4072],[-76.50995,4.40677],[-76.51096,4.40598],[-76.5115,4.40531],[-76.51324,4.40462],[-76.51387,4.40428],[-76.51549,4.40325],[-76.51596,4.40315],[-76.51725,4.40317],[-76.5178,4.40332],[-76.5189,4.40401],[-76.52075,4.40457],[-76.52204,4.40464],[-76.52367,4.40451],[-76.52646,4.40385],[-76.52736,4.40351],[-76.52893,4.4026],[-76.52966,4.40227],[-76.53068,4.40199],[-76.53274,4.40104],[-76.5346,4.40091],[-76.53546,4.4006],[-76.53565,4.39983],[-76.53611,4.39937],[-76.53686,4.3974],[-76.53818,4.39721],[-76.53891,4.39654],[-76.53953,4.3963],[-76.54153,4.39626],[-76.54251,4.39634],[-76.54378,4.39659],[-76.5446,4.39663],[-76.54533,4.39704],[-76.54607,4.39807],[-76.54611,4.39905],[-76.54631,4.40032],[-76.54665,4.40094],[-76.54794,4.40134],[-76.54857,4.40181],[-76.54966,4.40235],[-76.5499,4.40222],[-76.55122,4.40223],[-76.55276,4.40184],[-76.55332,4.40138],[-76.55501,4.39954],[-76.55521,4.39919],[-76.55536,4.39827],[-76.55504,4.39694],[-76.55474,4.3946],[-76.55477,4.39337],[-76.55512,4.39183],[-76.5564,4.38955],[-76.55726,4.38783],[-76.55821,4.38656],[-76.55835,4.38466],[-76.55797,4.3838],[-76.55783,4.38309],[-76.55859,4.38128],[-76.55959,4.3803],[-76.55974,4.37992],[-76.55916,4.37797],[-76.55916,4.3773],[-76.5594,4.37616],[-76.56107,4.3724],[-76.56204,4.37049],[-76.56202,4.36973],[-76.5614,4.36783],[-76.55997,4.36559],[-76.55832,4.36266],[-76.55732,4.36119],[-76.55641,4.36038],[-76.55522,4.3599],[-76.55356,4.35828],[-76.55256,4.35747],[-76.55137,4.35581],[-76.55066,4.35467],[-76.54951,4.35319],[-76.54828,4.35091],[-76.54799,4.34981],[-76.54789,4.34886],[-76.54813,4.34791],[-76.54848,4.34736],[-76.54853,4.34628],[-76.54837,4.34515],[-76.54832,4.34387],[-76.54846,4.34334],[-76.54904,4.34253],[-76.54913,4.34063],[-76.54946,4.33982],[-76.54946,4.3382],[-76.54926,4.33713],[-76.54869,4.3372],[-76.54793,4.33696],[-76.54498,4.33582],[-76.54237,4.33463],[-76.54127,4.33378],[-76.53871,4.33206],[-76.53752,4.33144],[-76.53681,4.33084],[-76.53624,4.32928],[-76.53546,4.32743],[-76.53435,4.32685],[-76.53245,4.32607],[-76.5296,4.32471],[-76.52792,4.32354],[-76.52755,4.32249],[-76.52755,4.32195],[-76.52813,4.32073],[-76.52843,4.31941],[-76.52836,4.31827],[-76.52771,4.31702],[-76.52717,4.31619],[-76.52717,4.31541],[-76.52675,4.31345],[-76.52545,4.31125],[-76.52545,4.30917],[-76.52568,4.30845],[-76.52729,4.30703],[-76.52771,4.30643],[-76.52806,4.30494],[-76.52887,4.30369],[-76.52949,4.30209],[-76.52961,4.30126],[-76.52943,4.29953],[-76.52943,4.29638],[-76.52937,4.29531],[-76.5289,4.29447],[-76.52818,4.29278],[-76.52788,4.29177],[-76.52663,4.28862],[-76.52616,4.28779],[-76.52443,4.28571],[-76.52164,4.28291],[-76.5211,4.28226],[-76.52093,4.28154],[-76.52051,4.28059],[-76.52009,4.27922],[-76.5195,4.27827],[-76.51866,4.27595],[-76.51813,4.27464],[-76.51747,4.27381],[-76.51676,4.27363],[-76.51587,4.27309],[-76.51557,4.27244],[-76.51557,4.27173],[-76.51515,4.27089],[-76.51414,4.2703],[-76.5117,4.26911],[-76.51004,4.26893],[-76.50938,4.26857],[-76.50897,4.26792],[-76.50855,4.2667],[-76.50837,4.26563],[-76.50831,4.26283],[-76.50802,4.26164],[-76.50742,4.26063],[-76.50689,4.25938],[-76.50588,4.25754],[-76.50552,4.25623],[-76.50564,4.25581],[-76.50666,4.25487],[-76.50706,4.25439],[-76.50706,4.25373],[-76.50659,4.25284],[-76.50588,4.25195],[-76.5048,4.25135],[-76.50308,4.25022],[-76.50201,4.24891],[-76.50112,4.24844],[-76.50005,4.2482],[-76.49897,4.24814],[-76.4972,4.24719],[-76.49631,4.24659],[-76.49524,4.24564],[-76.49458,4.24522],[-76.49345,4.24475],[-76.4909,4.24415],[-76.4903,4.24374],[-76.48864,4.24183],[-76.48768,4.24059],[-76.48733,4.23993],[-76.48727,4.23669],[-76.48737,4.23588],[-76.48711,4.23553],[-76.4865,4.23535],[-76.48497,4.23544],[-76.484,4.23527],[-76.48129,4.23457],[-76.47886,4.23428],[-76.47779,4.23398],[-76.47556,4.23266],[-76.47483,4.23248],[-76.47389,4.23208],[-76.4718,4.23051],[-76.47118,4.23039],[-76.46802,4.23208],[-76.46605,4.23269],[-76.46342,4.23257],[-76.4603,4.23187],[-76.458,4.23146],[-76.45698,4.23113],[-76.45571,4.23032],[-76.45454,4.22876],[-76.45445,4.22668],[-76.45368,4.22415],[-76.45368,4.22225],[-76.45417,4.22119],[-76.4541,4.21971],[-76.4534,4.21872],[-76.45283,4.21823],[-76.45164,4.21689],[-76.45129,4.21572],[-76.45129,4.21466],[-76.45171,4.21276],[-76.45171,4.21163],[-76.45136,4.20973],[-76.45065,4.20818],[-76.45009,4.20748],[-76.44924,4.20698],[-76.44791,4.20649],[-76.44671,4.20452],[-76.4465,4.20255],[-76.4465,4.20137],[-76.44586,4.19855],[-76.4453,4.1963],[-76.44495,4.19447],[-76.44438,4.1906],[-76.44438,4.1894],[-76.44488,4.18834],[-76.44523,4.18679],[-76.4453,4.18595],[-76.44523,4.18391],[-76.44523,4.18193],[-76.44544,4.18067],[-76.44544,4.17954],[-76.44509,4.17757],[-76.44488,4.17569],[-76.4453,4.17457],[-76.44607,4.17351],[-76.44621,4.17274],[-76.44664,4.16893],[-76.44671,4.16745],[-76.44699,4.16478],[-76.44734,4.16372],[-76.44791,4.16287],[-76.44791,4.16224],[-76.44826,4.16154],[-76.4484,4.15999],[-76.44952,4.1583],[-76.45016,4.15661],[-76.45065,4.15471],[-76.45129,4.15154],[-76.45129,4.15034],[-76.45227,4.14717],[-76.45262,4.1464],[-76.45298,4.14492],[-76.45361,4.14414],[-76.45509,4.14172],[-76.45622,4.14123],[-76.45692,4.14031],[-76.45798,4.13827],[-76.45847,4.13665],[-76.45946,4.13524],[-76.46072,4.13327],[-76.46227,4.13158],[-76.46291,4.13031],[-76.46402,4.12751],[-76.4647,4.12606],[-76.46546,4.12473],[-76.46656,4.12229],[-76.46735,4.12086],[-76.46836,4.11739],[-76.46984,4.11344],[-76.47019,4.11182],[-76.47082,4.1107],[-76.47153,4.10795],[-76.47216,4.10584],[-76.4723,4.10492],[-76.47265,4.10358],[-76.4735,4.10267],[-76.47477,4.10182],[-76.4754,4.10112],[-76.47653,4.09964],[-76.47871,4.09717],[-76.47892,4.09633],[-76.47934,4.09562],[-76.47977,4.09429],[-76.48096,4.09267],[-76.48209,4.09196],[-76.48322,4.09091],[-76.48441,4.08957],[-76.48491,4.08844],[-76.48575,4.0871],[-76.48843,4.08379],[-76.48913,4.08271],[-76.49019,4.08137],[-76.49082,4.07961],[-76.49202,4.07728],[-76.4923,4.07644],[-76.49237,4.07496],[-76.49294,4.07292],[-76.49442,4.06954],[-76.49547,4.06834],[-76.49744,4.06672],[-76.49829,4.06489],[-76.49892,4.06383],[-76.4999,4.06293],[-76.50082,4.06264],[-76.50167,4.06257],[-76.50301,4.06299],[-76.5047,4.06383],[-76.50568,4.06383],[-76.50674,4.06341],[-76.50934,4.0629],[-76.51079,4.06332],[-76.51166,4.06417],[-76.5136,4.06569],[-76.5144,4.06602],[-76.51534,4.06619],[-76.51747,4.06617],[-76.52053,4.0667],[-76.5221,4.06716],[-76.5227,4.06762],[-76.52378,4.06785],[-76.52442,4.06728],[-76.52463,4.06658],[-76.52477,4.0651],[-76.52533,4.06355],[-76.52533,4.06193],[-76.52618,4.06123],[-76.5273,4.06095],[-76.52801,4.06095],[-76.52963,4.06031],[-76.53076,4.05954],[-76.53197,4.05803],[-76.53245,4.05714],[-76.53392,4.05595],[-76.53473,4.05494],[-76.53576,4.05348],[-76.53639,4.05165],[-76.53667,4.05065],[-76.53709,4.04799],[-76.53709,4.04686],[-76.53735,4.04561],[-76.5376,4.04498],[-76.53891,4.04427],[-76.54069,4.04415],[-76.54153,4.04373],[-76.5417,4.04189],[-76.542,4.04052],[-76.542,4.03868],[-76.54188,4.03796],[-76.54188,4.03529],[-76.54105,4.03172],[-76.54034,4.03013],[-76.54036,4.02967],[-76.54072,4.02914],[-76.54138,4.02856],[-76.54173,4.02781],[-76.54202,4.02581],[-76.54194,4.0249],[-76.5417,4.02377],[-76.53998,4.0211],[-76.53962,4.02068],[-76.53933,4.01997],[-76.53849,4.01937],[-76.53796,4.01878],[-76.53747,4.01778],[-76.53727,4.01621],[-76.53808,4.01509],[-76.5395,4.01408],[-76.54117,4.01265],[-76.54182,4.01182],[-76.54355,4.01116],[-76.54456,4.01105],[-76.54777,4.01105],[-76.54897,4.01181],[-76.54933,4.01186],[-76.55097,4.01142],[-76.55295,4.01075],[-76.55765,4.00938],[-76.55913,4.00884],[-76.55991,4.00813],[-76.56009,4.00712],[-76.56009,4.00634],[-76.55943,4.0045],[-76.55902,4.00188],[-76.55878,4.00117],[-76.55815,3.99982],[-76.55771,3.99631],[-76.5579,3.99497],[-76.5583,3.99319],[-76.55872,3.99206],[-76.55925,3.99111],[-76.56199,3.9892],[-76.56354,3.98807],[-76.56455,3.98759],[-76.56562,3.98742],[-76.56856,3.98646],[-76.56999,3.98635],[-76.57225,3.98581],[-76.57407,3.98458],[-76.57539,3.98282],[-76.57724,3.98053],[-76.57787,3.97954],[-76.57852,3.97874],[-76.57939,3.97826],[-76.58076,3.97831],[-76.58204,3.97861],[-76.58268,3.97825],[-76.58372,3.97652],[-76.58467,3.97533],[-76.58629,3.97284],[-76.58903,3.9707],[-76.59028,3.97011],[-76.59129,3.96999],[-76.59253,3.97072],[-76.59381,3.97234],[-76.5935,3.97335],[-76.59167,3.97478],[-76.59089,3.97591],[-76.59006,3.97675],[-76.58881,3.97835],[-76.58792,3.98031],[-76.58792,3.98222],[-76.58804,3.98371],[-76.58786,3.98513],[-76.58792,3.98614],[-76.58834,3.98745],[-76.58863,3.98876],[-76.58875,3.99013],[-76.58875,3.99126],[-76.58887,3.99263],[-76.58941,3.99405],[-76.5903,3.99477],[-76.59107,3.99608],[-76.59286,3.99846],[-76.59381,3.99899],[-76.59446,3.99983],[-76.59458,4.00048],[-76.59506,4.0009],[-76.59601,4.00143],[-76.59714,4.0025],[-76.59803,4.00268],[-76.59887,4.0025],[-76.60091,4.00088],[-76.60141,4.00066],[-76.6024,4.00066],[-76.60355,4.00111],[-76.60481,4.00173],[-76.60577,4.00238],[-76.60618,4.00286],[-76.60785,4.00417],[-76.60874,4.00476],[-76.61011,4.00667],[-76.61112,4.00726],[-76.61171,4.00774],[-76.61326,4.00857],[-76.61392,4.00917],[-76.61457,4.00917],[-76.61564,4.00964],[-76.61748,4.01024],[-76.61844,4.01077],[-76.61962,4.01131],[-76.62242,4.01309],[-76.62343,4.01404],[-76.62457,4.01487],[-76.62527,4.01481],[-76.62831,4.01279],[-76.6295,4.01119],[-76.63057,4.01024],[-76.63176,4.00899],[-76.63224,4.00863],[-76.63337,4.00744],[-76.63396,4.00696],[-76.63462,4.00667],[-76.6383,4.00435],[-76.63943,4.00369],[-76.64128,4.00221],[-76.64241,4.00167],[-76.64396,4.0003],[-76.64538,3.99929],[-76.64604,3.99905],[-76.64741,3.99816],[-76.64818,3.99756],[-76.64996,3.99667],[-76.65169,3.99459],[-76.65282,3.99304],[-76.65306,3.99239],[-76.65377,3.9915],[-76.65395,3.9909],[-76.65443,3.99001],[-76.65448,3.98769],[-76.65502,3.98638],[-76.65561,3.98543],[-76.6572,3.98416],[-76.65874,3.98315],[-76.65976,3.98213],[-76.66053,3.98106],[-76.66124,3.97952],[-76.66237,3.97749],[-76.66285,3.9772],[-76.6638,3.97714],[-76.66523,3.97672],[-76.66642,3.97625],[-76.66898,3.97452],[-76.67052,3.97392],[-76.671,3.97392],[-76.67243,3.97303],[-76.67463,3.9719],[-76.67546,3.97172],[-76.67695,3.97024],[-76.67718,3.96946],[-76.67802,3.96839],[-76.67945,3.96673],[-76.68058,3.96566],[-76.68165,3.96494],[-76.68242,3.96488],[-76.68367,3.96506],[-76.68397,3.96548],[-76.68528,3.96613],[-76.68694,3.96655],[-76.68861,3.96744],[-76.69069,3.96804],[-76.69212,3.96875],[-76.69253,3.96881],[-76.69307,3.96949],[-76.69388,3.97082],[-76.69427,3.97124],[-76.69612,3.97224],[-76.69735,3.97321],[-76.69866,3.97529],[-76.69931,3.97716],[-76.70016,3.97815],[-76.70139,3.97872],[-76.70297,3.97906],[-76.70603,3.97928],[-76.7083,3.97916],[-76.71008,3.98005],[-76.71216,3.98095],[-76.71276,3.98112],[-76.7152,3.98142],[-76.71657,3.98142],[-76.71752,3.98166],[-76.71799,3.98118],[-76.71966,3.98112],[-76.7212,3.98142],[-76.72227,3.98184],[-76.72442,3.98178],[-76.72644,3.9816],[-76.72745,3.9816],[-76.72898,3.98142],[-76.73017,3.98154],[-76.73189,3.98184],[-76.73421,3.9819],[-76.73577,3.9818],[-76.73731,3.98208],[-76.73885,3.98273],[-76.73986,3.98297],[-76.741,3.98344],[-76.74224,3.98422],[-76.74272,3.98475],[-76.74361,3.98493],[-76.74397,3.98463],[-76.74474,3.9844],[-76.74587,3.98422],[-76.74671,3.98463],[-76.74724,3.98511],[-76.74754,3.98582],[-76.74808,3.98767],[-76.74873,3.9885],[-76.74925,3.99005],[-76.74986,3.99153],[-76.75075,3.99213],[-76.75191,3.99234],[-76.7528,3.99234],[-76.75375,3.99216],[-76.75482,3.99175],[-76.75645,3.9916],[-76.7569,3.99178],[-76.75821,3.99271],[-76.75947,3.99349],[-76.76058,3.99306],[-76.76214,3.9921],[-76.7641,3.99097],[-76.7666,3.98871],[-76.76767,3.98865],[-76.76874,3.98919],[-76.77023,3.99139],[-76.77112,3.99246],[-76.77308,3.99454],[-76.77344,3.99555],[-76.77493,3.99716],[-76.77725,3.999],[-76.78083,4.0011],[-76.78232,4.00204],[-76.78418,4.00277],[-76.78636,4.00317],[-76.78722,4.00356],[-76.78797,4.00417],[-76.78863,4.00516],[-76.79169,4.0076],[-76.79259,4.00868],[-76.79328,4.00967],[-76.79385,4.01111],[-76.7942,4.01138],[-76.7951,4.01142],[-76.79582,4.01127],[-76.79658,4.01093],[-76.79679,4.01032],[-76.79724,4.00988],[-76.79897,4.00949],[-76.79932,4.00856],[-76.8001,4.00764],[-76.80129,4.0066],[-76.80193,4.00648],[-76.80329,4.0071],[-76.80382,4.00719],[-76.80482,4.00701],[-76.80736,4.00586],[-76.8092,4.00521],[-76.80993,4.00509],[-76.81081,4.00525],[-76.81117,4.00551],[-76.81153,4.0062],[-76.81312,4.00704],[-76.81513,4.00697],[-76.81553,4.00721],[-76.81599,4.00797],[-76.81632,4.00922],[-76.81673,4.00983],[-76.81792,4.0103],[-76.81917,4.01066],[-76.82064,4.01126],[-76.82102,4.01237],[-76.82196,4.01424],[-76.8221,4.01524],[-76.82196,4.01684],[-76.82208,4.01761],[-76.82253,4.01879],[-76.82351,4.01972],[-76.82427,4.02084],[-76.82529,4.02129],[-76.82555,4.02171],[-76.82552,4.02232],[-76.8252,4.02446],[-76.82488,4.0256],[-76.82428,4.02604],[-76.82304,4.02646],[-76.82299,4.02677],[-76.82357,4.02766],[-76.82431,4.02825],[-76.82407,4.02882],[-76.82302,4.02974],[-76.82274,4.03024],[-76.8228,4.03061],[-76.82387,4.03081],[-76.82401,4.03114],[-76.82331,4.03253],[-76.825,4.03293],[-76.82537,4.03224],[-76.82607,4.03215],[-76.82668,4.03263],[-76.82753,4.03292],[-76.82883,4.03516],[-76.82973,4.03517],[-76.83096,4.03542],[-76.83305,4.03537],[-76.83527,4.03573],[-76.83861,4.03645],[-76.83959,4.03635],[-76.84004,4.0365],[-76.84122,4.0374],[-76.84181,4.0375],[-76.84271,4.03636],[-76.84329,4.03637],[-76.84402,4.03679],[-76.84488,4.03704],[-76.84627,4.03656],[-76.84679,4.03607],[-76.84733,4.0361],[-76.85006,4.03738],[-76.85066,4.03731],[-76.85093,4.0369],[-76.85179,4.03637],[-76.85319,4.03533],[-76.85352,4.03499],[-76.85383,4.03415],[-76.85383,4.03294],[-76.85395,4.03215],[-76.85443,4.03173],[-76.85582,4.03173],[-76.85678,4.03153],[-76.85741,4.03086],[-76.85851,4.03047],[-76.85945,4.02975],[-76.86011,4.02982],[-76.86026,4.03016],[-76.86032,4.0312],[-76.86055,4.03133],[-76.86178,4.03146],[-76.8628,4.0318],[-76.86416,4.0318],[-76.86476,4.03152],[-76.86541,4.03152],[-76.86653,4.03183],[-76.86744,4.03237],[-76.86814,4.03319],[-76.86836,4.03365],[-76.86867,4.03516],[-76.86971,4.03589],[-76.87031,4.03683],[-76.87126,4.03768],[-76.87262,4.03844],[-76.87297,4.03955],[-76.87294,4.04059],[-76.87266,4.04226],[-76.87262,4.04433],[-76.87266,4.04571],[-76.87317,4.04717],[-76.87358,4.04773],[-76.87436,4.04828],[-76.87553,4.04878],[-76.87737,4.04904],[-76.87859,4.04954],[-76.87932,4.0501],[-76.88041,4.05172],[-76.88078,4.05277],[-76.88135,4.0532],[-76.88281,4.05346],[-76.8832,4.0541],[-76.88346,4.05502],[-76.88335,4.05606],[-76.88257,4.057],[-76.88265,4.05747],[-76.88312,4.05823],[-76.88318,4.05871],[-76.88287,4.05976],[-76.88287,4.06131],[-76.8831,4.06158],[-76.88372,4.06151],[-76.8845,4.06197],[-76.88476,4.06229],[-76.88507,4.06361],[-76.88591,4.06533],[-76.88604,4.06632],[-76.88655,4.06679],[-76.8877,4.0671],[-76.88844,4.06776],[-76.88867,4.06876],[-76.88916,4.06991],[-76.89024,4.07069],[-76.89002,4.07157],[-76.89053,4.07282],[-76.89099,4.07336],[-76.8917,4.07387],[-76.89209,4.07377],[-76.89279,4.07317],[-76.89415,4.07174],[-76.89468,4.07131],[-76.89671,4.07131],[-76.89823,4.07155],[-76.89901,4.07219],[-76.90055,4.07268],[-76.90119,4.07303],[-76.90129,4.07373],[-76.90102,4.07447],[-76.90182,4.07517],[-76.90203,4.07551],[-76.90225,4.07652],[-76.90247,4.07684],[-76.90255,4.07766],[-76.90241,4.07815],[-76.9018,4.07859],[-76.90166,4.08003],[-76.90174,4.08079],[-76.90092,4.08169],[-76.90112,4.08219],[-76.90199,4.08231],[-76.90406,4.08229],[-76.90447,4.08235],[-76.90521,4.08323],[-76.9063,4.08471],[-76.90679,4.08473],[-76.90784,4.08377],[-76.91034,4.08227],[-76.91233,4.08145],[-76.91281,4.08151],[-76.91334,4.08184],[-76.91369,4.08235],[-76.9142,4.0836],[-76.91433,4.08448],[-76.91418,4.08541],[-76.91437,4.08617],[-76.91494,4.08754],[-76.91496,4.08834],[-76.91515,4.08925],[-76.91498,4.09136],[-76.91508,4.09259],[-76.91505,4.09401],[-76.91457,4.09649],[-76.9146,4.09744],[-76.915,4.09798],[-76.91546,4.09812],[-76.91628,4.09805],[-76.91724,4.09748],[-76.91829,4.09699],[-76.91915,4.09707],[-76.92001,4.0975],[-76.92044,4.09799],[-76.92102,4.09916],[-76.92145,4.09976],[-76.92272,4.10033],[-76.9233,4.10048],[-76.92506,4.10115],[-76.92551,4.10173],[-76.92596,4.103],[-76.92642,4.10364],[-76.92715,4.10376],[-76.9275,4.10401],[-76.92785,4.10489],[-76.92837,4.10565],[-76.92923,4.10603],[-76.93192,4.10594],[-76.93354,4.10608],[-76.934,4.10589],[-76.93451,4.10518],[-76.93501,4.10531],[-76.93522,4.10604],[-76.93651,4.1072],[-76.93769,4.10844],[-76.93835,4.10854],[-76.93927,4.1082],[-76.93989,4.10818],[-76.94076,4.10838],[-76.94177,4.10844],[-76.94226,4.1092],[-76.94228,4.10978],[-76.94165,4.11173],[-76.94157,4.1124],[-76.94204,4.11287],[-76.94317,4.11309],[-76.94436,4.11316],[-76.94648,4.11313],[-76.94846,4.11355],[-76.94912,4.11396],[-76.95045,4.11604],[-76.952,4.11801],[-76.95375,4.12012],[-76.95443,4.12065],[-76.95553,4.12089],[-76.95652,4.12086],[-76.95753,4.12029],[-76.95827,4.12006],[-76.96068,4.12026],[-76.9619,4.12024],[-76.96264,4.12],[-76.96464,4.11866],[-76.9658,4.11845],[-76.96672,4.11857],[-76.96895,4.1194],[-76.96943,4.11934],[-76.9705,4.11824],[-76.97115,4.11774],[-76.97195,4.1175],[-76.97264,4.11777],[-76.97374,4.11902],[-76.97573,4.12214],[-76.9765,4.12211],[-76.97683,4.12175],[-76.9771,4.12071],[-76.97796,4.11919],[-76.97841,4.11863],[-76.97897,4.11845],[-76.98073,4.11872],[-76.98191,4.11732],[-76.98332,4.11644],[-76.98343,4.11556],[-76.98422,4.11473],[-76.98489,4.11449],[-76.98593,4.1143],[-76.98696,4.11449],[-76.98772,4.1152],[-76.98862,4.11661],[-76.98874,4.11758],[-76.98865,4.1182],[-76.98926,4.11844],[-76.99038,4.11787],[-76.99124,4.11811],[-76.99198,4.11965],[-76.99286,4.12018],[-76.9944,4.12046],[-76.99543,4.12022],[-76.99571,4.11991],[-76.99662,4.11968],[-76.99738,4.11913],[-76.99781,4.11825],[-76.99757,4.11568],[-76.99776,4.11506],[-76.99835,4.11401],[-76.99871,4.11185],[-76.9994,4.11059],[-77.00009,4.10975],[-77.00109,4.10887],[-77.00176,4.10749],[-77.00221,4.10635],[-77.00252,4.10528],[-77.00261,4.10445],[-77.00366,4.10271],[-77.00409,4.10181],[-77.00418,4.09971],[-77.00442,4.09914],[-77.00525,4.09867],[-77.00692,4.09874],[-77.0074,4.09855],[-77.00759,4.09814],[-77.00759,4.09732],[-77.0081,4.09659],[-77.00888,4.09604],[-77.00953,4.09601],[-77.01036,4.09637],[-77.01104,4.09732],[-77.01154,4.09784],[-77.01233,4.09805],[-77.01373,4.09775],[-77.01426,4.09807],[-77.01523,4.09901],[-77.01591,4.09987],[-77.01673,4.10029],[-77.01753,4.10044],[-77.01851,4.10037],[-77.01888,4.10102],[-77.0194,4.10121],[-77.02032,4.10101],[-77.02075,4.10031],[-77.02124,4.09999],[-77.02271,4.10004],[-77.02288,4.09989],[-77.02317,4.09884],[-77.02348,4.09841],[-77.02457,4.09747],[-77.02529,4.09654],[-77.02659,4.0961],[-77.02669,4.09571],[-77.02645,4.09464],[-77.02674,4.09437],[-77.02796,4.09427],[-77.02796,4.0934],[-77.02826,4.09293],[-77.02892,4.09273],[-77.02943,4.0932],[-77.02959,4.09425],[-77.02993,4.09477],[-77.03051,4.09457],[-77.03142,4.09384],[-77.03186,4.09377],[-77.03282,4.094],[-77.03306,4.09356],[-77.03285,4.09278],[-77.0333,4.09265],[-77.03445,4.09357],[-77.03512,4.09295],[-77.03534,4.09201],[-77.03527,4.09138],[-77.03594,4.09129],[-77.03654,4.0916],[-77.03684,4.09206],[-77.03733,4.09324],[-77.0376,4.0943],[-77.03848,4.09537],[-77.03836,4.09592],[-77.03796,4.09655],[-77.03827,4.09732],[-77.03991,4.09741],[-77.04078,4.09722],[-77.04225,4.09772],[-77.04265,4.09765],[-77.04332,4.09708],[-77.04415,4.09685],[-77.0456,4.09687],[-77.0464,4.09722],[-77.04708,4.09784],[-77.04749,4.09785],[-77.04799,4.0967],[-77.04901,4.09515],[-77.04995,4.09471],[-77.05082,4.09495],[-77.05153,4.0955],[-77.05179,4.09658],[-77.05292,4.09818],[-77.05365,4.09938],[-77.05403,4.09976],[-77.0547,4.10008],[-77.05525,4.09999],[-77.0556,4.09961],[-77.05642,4.09976],[-77.05705,4.10189],[-77.05727,4.10231],[-77.05786,4.10248],[-77.05842,4.10219],[-77.06027,4.10246],[-77.06067,4.10152],[-77.06116,4.10098],[-77.06186,4.10059],[-77.0637,4.09995],[-77.06384,4.09966],[-77.0639,4.09821],[-77.06421,4.09737],[-77.06508,4.09708],[-77.06524,4.09657],[-77.06561,4.09627],[-77.06605,4.0963],[-77.06651,4.09675],[-77.06707,4.09672],[-77.06798,4.09601],[-77.06822,4.0972],[-77.06858,4.09778],[-77.06915,4.09831],[-77.07014,4.09884],[-77.07081,4.09902],[-77.07175,4.09958],[-77.07229,4.10064],[-77.07278,4.10213],[-77.07282,4.103],[-77.07254,4.1037],[-77.07251,4.10466],[-77.073,4.10653],[-77.07387,4.10704],[-77.07555,4.10743],[-77.07619,4.10793],[-77.07783,4.10772],[-77.07819,4.10787],[-77.07919,4.10934],[-77.07988,4.10967],[-77.08138,4.10975],[-77.08195,4.10988],[-77.08252,4.11023],[-77.08252,4.11129],[-77.08349,4.1125],[-77.08496,4.11491],[-77.08565,4.11562],[-77.08592,4.11636],[-77.0847,4.11848],[-77.0847,4.11928],[-77.08512,4.12025],[-77.08571,4.1213],[-77.08592,4.12231],[-77.08619,4.12261],[-77.08653,4.1225],[-77.08741,4.12175],[-77.0883,4.1212],[-77.08974,4.12115],[-77.09049,4.12067],[-77.09101,4.11978],[-77.0913,4.11961],[-77.09245,4.11939],[-77.09266,4.11913],[-77.09289,4.1178],[-77.09357,4.11742],[-77.09593,4.11713],[-77.09632,4.11685],[-77.09828,4.11413],[-77.10081,4.11187],[-77.10119,4.11132],[-77.10135,4.11033],[-77.10162,4.10997],[-77.10313,4.10903],[-77.10426,4.1077],[-77.10483,4.10773],[-77.1055,4.10816],[-77.10636,4.10899],[-77.10711,4.11017],[-77.10747,4.11052],[-77.10946,4.11141],[-77.1111,4.11161],[-77.11263,4.11201],[-77.11452,4.11324],[-77.11489,4.11362],[-77.11459,4.11482],[-77.11492,4.11522],[-77.11698,4.1153],[-77.11888,4.11587],[-77.12003,4.11657],[-77.11999,4.11845],[-77.12031,4.11899],[-77.12139,4.11952],[-77.12219,4.12041],[-77.1225,4.12106],[-77.12288,4.12244],[-77.12301,4.12404],[-77.12289,4.12482],[-77.12219,4.12631],[-77.12122,4.12806],[-77.11974,4.1299],[-77.11629,4.13312],[-77.11633,4.13335],[-77.11738,4.13436],[-77.11836,4.13502],[-77.12151,4.13739],[-77.12193,4.13797],[-77.12361,4.13935],[-77.12472,4.1407],[-77.12612,4.14177],[-77.12756,4.14344],[-77.12824,4.14401],[-77.12929,4.14465],[-77.12966,4.1453],[-77.12974,4.14698],[-77.12997,4.14745],[-77.13104,4.14856],[-77.13127,4.14891],[-77.13135,4.14966],[-77.13125,4.15026],[-77.13067,4.15146],[-77.13063,4.15216],[-77.13094,4.15253],[-77.13197,4.15322],[-77.13226,4.15388],[-77.1321,4.1548],[-77.13145,4.15623],[-77.13185,4.15663],[-77.13257,4.15706],[-77.13369,4.15732],[-77.13416,4.15729],[-77.13447,4.15699],[-77.13508,4.1558],[-77.13562,4.15561],[-77.1366,4.15577],[-77.13731,4.15635],[-77.13786,4.15699],[-77.13819,4.15812],[-77.13845,4.15848],[-77.1394,4.15897],[-77.14113,4.15919],[-77.14211,4.15955],[-77.14273,4.15999],[-77.14317,4.1608],[-77.14283,4.16278],[-77.14369,4.16324],[-77.14455,4.16401],[-77.1458,4.16544],[-77.14812,4.16862],[-77.14941,4.17089],[-77.15225,4.17639],[-77.15336,4.17825],[-77.15491,4.18018],[-77.15668,4.18184],[-77.15809,4.18298],[-77.15957,4.18373],[-77.16138,4.18418],[-77.163,4.18436],[-77.1645,4.18425],[-77.16709,4.18373],[-77.16995,4.1825],[-77.17172,4.18182],[-77.17481,4.18037],[-77.17744,4.1785],[-77.18131,4.17614],[-77.18412,4.17446],[-77.18685,4.17319],[-77.18892,4.17257],[-77.18967,4.17257],[-77.19148,4.17276],[-77.19512,4.17348],[-77.19753,4.17373],[-77.19962,4.17373],[-77.202,4.17351],[-77.20384,4.1731],[-77.20495,4.17273],[-77.20548,4.17228],[-77.20645,4.17062],[-77.20754,4.16935],[-77.20784,4.16853],[-77.20789,4.1676],[-77.20813,4.16605],[-77.20875,4.16383],[-77.20938,4.16187],[-77.21004,4.16051],[-77.21091,4.15931],[-77.2138,4.15677],[-77.21505,4.15595],[-77.21729,4.15574],[-77.21847,4.15549],[-77.22004,4.15567],[-77.22183,4.15635],[-77.22318,4.1572],[-77.22472,4.15856],[-77.22768,4.16266],[-77.22947,4.16473],[-77.23178,4.1668],[-77.2346,4.16923],[-77.23735,4.17134],[-77.2406,4.17437],[-77.24385,4.17794],[-77.24606,4.18079],[-77.24842,4.18443],[-77.24988,4.18772],[-77.2502,4.18979],[-77.25027,4.19457],[-77.25049,4.20003],[-77.24956,4.20899],[-77.24895,4.21349],[-77.24842,4.21948],[-77.24842,4.2242],[-77.24885,4.22737],[-77.24949,4.23005],[-77.25031,4.2318],[-77.25113,4.23287],[-77.25348,4.23415],[-77.25598,4.23451],[-77.25791,4.23465],[-77.26052,4.23437],[-77.26334,4.23362],[-77.26573,4.23244],[-77.26901,4.23055],[-77.27251,4.22827],[-77.27451,4.22712],[-77.27686,4.22509],[-77.27911,4.22266],[-77.28029,4.22098],[-77.28286,4.21638],[-77.28582,4.2107],[-77.28693,4.20789],[-77.28736,4.20582],[-77.28728,4.20385],[-77.28682,4.20064],[-77.28589,4.19732],[-77.28511,4.19279],[-77.28511,4.19011],[-77.28575,4.18711],[-77.28693,4.18336],[-77.28864,4.18012],[-77.28975,4.17869],[-77.29078,4.17808],[-77.292,4.17776],[-77.293,4.17726],[-77.29417,4.1764],[-77.29624,4.17462],[-77.29956,4.17087],[-77.30313,4.16777],[-77.30545,4.16648],[-77.30684,4.16602],[-77.3082,4.16613],[-77.30963,4.16645],[-77.31113,4.16716],[-77.31338,4.16852],[-77.31605,4.17084],[-77.31852,4.17287],[-77.32091,4.17551],[-77.32316,4.17844],[-77.32694,4.18436],[-77.32855,4.18643],[-77.3304,4.18854],[-77.33294,4.19086],[-77.33497,4.1925],[-77.33793,4.19397],[-77.34229,4.196],[-77.34767,4.19733],[-77.35035,4.19765],[-77.35195,4.19762],[-77.35295,4.19747],[-77.35452,4.19701],[-77.35667,4.19597],[-77.3608,4.19365],[-77.36312,4.19226],[-77.36591,4.19005],[-77.36884,4.18719],[-77.37148,4.18469],[-77.37283,4.1832],[-77.37401,4.18177],[-77.37458,4.18088],[-77.3748,4.18006],[-77.37465,4.17898],[-77.37508,4.17609],[-77.37565,4.17385],[-77.37637,4.17174],[-77.37722,4.17042],[-77.37865,4.16899],[-77.38061,4.16746],[-77.38336,4.16571],[-77.38618,4.16417],[-77.38829,4.16282],[-77.38925,4.16207],[-77.38982,4.16125],[-77.39011,4.1606],[-77.39021,4.15925],[-77.38968,4.15793],[-77.389,4.15693],[-77.38843,4.15582],[-77.38807,4.15457],[-77.38797,4.1535],[-77.38798,4.15194],[-77.38807,4.15117],[-77.3884,4.15028],[-77.38917,4.14924],[-77.39033,4.14849],[-77.39208,4.14763],[-77.39387,4.14703],[-77.39574,4.14665],[-77.39711,4.14656],[-77.40032,4.14689],[-77.40297,4.14701],[-77.40556,4.14647],[-77.40815,4.14564],[-77.41112,4.14486],[-77.41421,4.14391],[-77.41766,4.14346],[-77.42114,4.14314],[-77.42293,4.14326],[-77.42516,4.14367],[-77.42718,4.14424],[-77.42941,4.14495],[-77.43262,4.14543],[-77.43581,4.14579],[-77.44021,4.13939],[-77.44214,4.13668],[-77.44282,4.13502],[-77.44318,4.13383],[-77.44339,4.1324],[-77.44348,4.13094],[-77.44339,4.12785],[-77.44291,4.12511],[-77.44214,4.12279],[-77.4411,4.12071],[-77.43881,4.11723],[-77.43691,4.11491],[-77.43512,4.11253],[-77.43381,4.11066],[-77.43206,4.10852],[-77.43122,4.10721],[-77.43033,4.10551],[-77.42965,4.10379],[-77.42891,4.10144],[-77.42861,4.09959],[-77.42849,4.09745],[-77.42867,4.09522],[-77.42891,4.09308],[-77.42923,4.09097],[-77.42986,4.08895],[-77.43102,4.08579],[-77.4364,4.07336],[-77.43991,4.06616],[-77.44282,4.06027],[-77.4447,4.05596],[-77.4455,4.05355],[-77.44677,4.04929],[-77.44781,4.04484],[-77.44962,4.03851],[-77.45137,4.03993],[-77.45678,4.04667],[-77.46245,4.05775],[-77.46586,4.06375],[-77.47128,4.07257],[-77.47452,4.07774],[-77.47835,4.08373],[-77.48065,4.08685],[-77.48305,4.09089],[-77.48533,4.0945],[-77.48741,4.09678],[-77.48912,4.09791],[-77.4914,4.09924],[-77.4952,4.10095],[-77.49824,4.10209],[-77.50052,4.10304],[-77.5028,4.10342],[-77.5045,4.10342],[-77.50811,4.10551],[-77.50944,4.10817],[-77.51001,4.11026],[-77.51089,4.11266],[-77.51179,4.11382],[-77.51599,4.11819],[-77.52149,4.12296],[-77.52376,4.12449],[-77.5255,4.12638],[-77.52593,4.13127],[-77.52635,4.13483],[-77.52649,4.13776],[-77.52667,4.13933],[-77.52693,4.14415],[-77.52667,4.1494],[-77.52586,4.15562],[-77.52497,4.1591],[-77.52432,4.16242],[-77.52408,4.16508],[-77.52424,4.16767],[-77.52484,4.17398],[-77.52525,4.18027],[-77.52553,4.18313],[-77.52599,4.18474],[-77.52604,4.18683],[-77.52584,4.1879],[-77.52538,4.1889],[-77.52496,4.19039],[-77.5245,4.19111],[-77.52494,4.19231],[-77.52621,4.19401],[-77.52667,4.19498],[-77.52718,4.19642],[-77.52756,4.19782],[-77.52812,4.19853],[-77.52949,4.1983],[-77.53037,4.19851],[-77.531,4.19918],[-77.53125,4.19985],[-77.53133,4.20069],[-77.531,4.20202],[-77.53052,4.20597],[-77.52957,4.21071],[-77.52748,4.22249],[-77.52577,4.23388],[-77.52501,4.24205],[-77.52501,4.24736],[-77.52444,4.25287],[-77.52482,4.25762],[-77.52425,4.25914],[-77.52217,4.26502],[-77.52008,4.26958],[-77.51666,4.27623],[-77.51476,4.27889],[-77.51115,4.28193],[-77.50754,4.28534],[-77.50413,4.28819],[-77.50128,4.29047],[-77.50036,4.29186],[-77.49908,4.29297],[-77.49844,4.29322],[-77.49741,4.29317],[-77.49623,4.29344],[-77.49342,4.2937],[-77.49192,4.29397],[-77.49082,4.29306],[-77.48962,4.29305],[-77.48815,4.29337],[-77.48527,4.29351],[-77.48422,4.29333],[-77.48333,4.2928],[-77.48288,4.29179],[-77.48261,4.28994],[-77.48203,4.28861],[-77.48183,4.28754],[-77.48214,4.28709],[-77.48259,4.28695],[-77.48307,4.28617],[-77.48302,4.28529],[-77.48327,4.2839],[-77.48417,4.28262],[-77.48413,4.28143],[-77.48471,4.28095],[-77.48517,4.27993],[-77.48559,4.27949],[-77.48577,4.27839],[-77.48625,4.27836],[-77.4863,4.27796],[-77.48682,4.27721],[-77.48738,4.2771],[-77.4874,4.27651],[-77.48766,4.27636],[-77.48776,4.27565],[-77.48831,4.27507],[-77.48802,4.27348],[-77.48856,4.27265],[-77.48874,4.27188],[-77.48952,4.27112],[-77.49112,4.27021],[-77.49254,4.26957],[-77.49419,4.26863],[-77.4957,4.26765],[-77.49762,4.26656],[-77.49822,4.2664],[-77.49876,4.26549],[-77.50003,4.26436],[-77.50033,4.26347],[-77.49951,4.26168],[-77.49863,4.26142],[-77.49846,4.26206],[-77.49782,4.26263],[-77.49716,4.26275],[-77.49629,4.2636],[-77.49573,4.26315],[-77.49645,4.26238],[-77.49626,4.26216],[-77.4954,4.26194],[-77.49321,4.26194],[-77.49289,4.26184],[-77.49289,4.26101],[-77.49309,4.26073],[-77.49286,4.2603],[-77.49322,4.25978],[-77.49288,4.25945],[-77.49285,4.25754],[-77.48884,4.25812],[-77.48533,4.25847],[-77.48541,4.25912],[-77.48513,4.26005],[-77.48449,4.26039],[-77.48383,4.26097],[-77.48248,4.2612],[-77.48174,4.26111],[-77.48115,4.26125],[-77.48028,4.26178],[-77.4793,4.26306],[-77.47773,4.26457],[-77.47721,4.26522],[-77.47634,4.26604],[-77.47461,4.26723],[-77.47356,4.26807],[-77.47281,4.2685],[-77.47203,4.26875],[-77.47096,4.26875],[-77.47025,4.2682],[-77.4697,4.26751],[-77.46876,4.26745],[-77.4681,4.26781],[-77.46742,4.26744],[-77.4667,4.26647],[-77.46671,4.26844],[-77.46604,4.26868],[-77.46477,4.26971],[-77.46421,4.26976],[-77.46305,4.26935],[-77.46264,4.26907],[-77.46309,4.2702],[-77.46289,4.27074],[-77.46218,4.27101],[-77.46153,4.27178],[-77.46044,4.27241],[-77.45999,4.27254],[-77.45953,4.2732],[-77.45844,4.27338],[-77.45768,4.27409],[-77.45677,4.27362],[-77.45654,4.27288],[-77.45636,4.27285],[-77.45638,4.27365],[-77.45669,4.27435],[-77.45661,4.27533],[-77.45567,4.2757],[-77.45565,4.27598],[-77.45514,4.27654],[-77.45424,4.2766],[-77.45303,4.27721],[-77.45258,4.27755],[-77.45261,4.27803],[-77.45305,4.27854],[-77.4536,4.27855],[-77.45352,4.2789],[-77.45398,4.2789],[-77.4538,4.2803],[-77.45286,4.28125],[-77.45211,4.28216],[-77.4516,4.28253],[-77.44989,4.28327],[-77.44894,4.28345],[-77.44807,4.28345],[-77.44688,4.28317],[-77.44639,4.28266],[-77.44606,4.28198],[-77.44357,4.28234],[-77.44379,4.2837],[-77.44346,4.28404],[-77.44026,4.28537],[-77.43877,4.28565],[-77.43751,4.28569],[-77.43605,4.28476],[-77.43521,4.28456],[-77.43338,4.28351],[-77.43182,4.28291],[-77.43068,4.28278],[-77.42978,4.28295],[-77.42904,4.28327],[-77.42778,4.28356],[-77.4271,4.28386],[-77.4252,4.28518],[-77.42423,4.28594],[-77.4235,4.28637],[-77.42372,4.2873],[-77.4235,4.28956],[-77.42315,4.29032],[-77.42234,4.29087],[-77.41975,4.29205],[-77.41821,4.29229],[-77.41729,4.29225],[-77.41577,4.29271],[-77.41411,4.29287],[-77.41392,4.29643],[-77.41373,4.29917],[-77.41553,4.30096],[-77.41685,4.30171],[-77.41728,4.30207],[-77.41824,4.30247],[-77.41923,4.30267],[-77.41979,4.30259],[-77.4213,4.30318],[-77.42376,4.3045],[-77.42471,4.30515],[-77.42607,4.30571],[-77.42665,4.30585],[-77.42863,4.30663],[-77.42935,4.30676],[-77.43112,4.30685],[-77.43292,4.30762],[-77.43348,4.30803],[-77.43495,4.30869],[-77.43616,4.30915],[-77.43694,4.30955],[-77.43948,4.31008],[-77.44102,4.31062],[-77.44388,4.31125],[-77.44603,4.31148],[-77.44713,4.31135],[-77.44792,4.31057],[-77.44837,4.31066],[-77.44919,4.31047],[-77.45008,4.31053],[-77.45113,4.3104],[-77.45245,4.31089],[-77.45285,4.31119],[-77.45516,4.31181],[-77.45609,4.31242],[-77.45617,4.31306],[-77.45569,4.31341],[-77.45508,4.31344],[-77.45479,4.3138],[-77.45429,4.31383],[-77.45313,4.31415],[-77.45164,4.31339],[-77.45164,4.31407],[-77.45188,4.31464],[-77.45179,4.31536],[-77.45142,4.31542],[-77.4507,4.31499],[-77.45051,4.31426],[-77.45005,4.31443],[-77.45018,4.31554],[-77.45064,4.31661],[-77.45064,4.31751],[-77.45023,4.31794],[-77.44967,4.31773],[-77.44962,4.317],[-77.44924,4.31642],[-77.44889,4.31489],[-77.44822,4.31557],[-77.44794,4.31633],[-77.4476,4.31626],[-77.44667,4.31491],[-77.44617,4.31469],[-77.44428,4.3154],[-77.44386,4.31489],[-77.44295,4.31536],[-77.44206,4.31543],[-77.44119,4.31486],[-77.44046,4.31479],[-77.43875,4.31413],[-77.43847,4.31337],[-77.43814,4.31302],[-77.43718,4.31327],[-77.43566,4.31397],[-77.43405,4.31498],[-77.43295,4.31558],[-77.43031,4.31666],[-77.42749,4.31835],[-77.42611,4.31945],[-77.42515,4.32037],[-77.42381,4.32181],[-77.42118,4.3254],[-77.42051,4.32653],[-77.41884,4.32873],[-77.41798,4.33019],[-77.41665,4.333],[-77.41574,4.33467],[-77.41442,4.33751],[-77.41308,4.34135],[-77.41225,4.34312],[-77.41155,4.34401],[-77.41039,4.3448],[-77.40954,4.34512],[-77.40913,4.34551],[-77.40855,4.34727],[-77.40702,4.34944],[-77.40582,4.35192],[-77.40539,4.35295],[-77.4048,4.35381],[-77.40339,4.35517],[-77.40055,4.35713],[-77.39946,4.35846],[-77.39756,4.35987],[-77.39542,4.36167],[-77.39399,4.36304],[-77.39168,4.36573],[-77.38925,4.36932],[-77.38804,4.37099],[-77.38704,4.37173],[-77.38569,4.37206],[-77.38479,4.37193],[-77.38449,4.37146],[-77.38463,4.37082],[-77.38634,4.36957],[-77.38681,4.36855],[-77.38156,4.36732],[-77.3811,4.36733],[-77.37927,4.36817],[-77.37869,4.36836],[-77.37699,4.36853],[-77.37617,4.36899],[-77.37411,4.36983],[-77.37346,4.3703],[-77.37232,4.37164],[-77.37144,4.37161],[-77.3708,4.37086],[-77.36882,4.36903],[-77.36674,4.37016],[-77.36764,4.3714],[-77.36865,4.37386],[-77.36888,4.37455],[-77.36902,4.37676],[-77.36898,4.3784],[-77.36921,4.37944],[-77.36938,4.38101],[-77.36925,4.38227],[-77.37008,4.38446],[-77.36992,4.38638],[-77.36885,4.38717],[-77.36858,4.38922],[-77.36771,4.39],[-77.36707,4.39095],[-77.36582,4.39329],[-77.36565,4.39396],[-77.36535,4.39629],[-77.36535,4.39783],[-77.36556,4.3986],[-77.36713,4.39981],[-77.36715,4.40041],[-77.36767,4.40259],[-77.36768,4.40359],[-77.36734,4.40494],[-77.36607,4.40764],[-77.36506,4.40921],[-77.36489,4.40915],[-77.36536,4.40829],[-77.36509,4.40778],[-77.36595,4.40731],[-77.36689,4.40553],[-77.36682,4.40517],[-77.3662,4.40462],[-77.3663,4.40376],[-77.36722,4.40399],[-77.36744,4.4037],[-77.36752,4.40233],[-77.36735,4.40178],[-77.36651,4.40092],[-77.36595,4.40086],[-77.36474,4.4015],[-77.36385,4.40208],[-77.36345,4.40259],[-77.36397,4.40272],[-77.36392,4.40304],[-77.36254,4.40444],[-77.36151,4.4051],[-77.36039,4.40512],[-77.3584,4.40642],[-77.35825,4.40718],[-77.35831,4.40771],[-77.35777,4.40913],[-77.35694,4.41065],[-77.35619,4.41165],[-77.35545,4.41294],[-77.35525,4.41403],[-77.35462,4.4149],[-77.35462,4.4155],[-77.35442,4.41566],[-77.35378,4.41552],[-77.35323,4.41572],[-77.3527,4.41542],[-77.3517,4.41589],[-77.35011,4.41474],[-77.34976,4.41469],[-77.34907,4.41516],[-77.3476,4.41525],[-77.3473,4.41512],[-77.3469,4.41542],[-77.34722,4.416],[-77.34712,4.41693],[-77.34754,4.417],[-77.34802,4.41643],[-77.34877,4.41651],[-77.34915,4.41718],[-77.34822,4.41798],[-77.34744,4.41849],[-77.347,4.41908],[-77.34701,4.41967],[-77.34674,4.4201],[-77.34686,4.42098],[-77.34661,4.4219],[-77.34664,4.4231],[-77.34629,4.42399],[-77.34531,4.42531],[-77.34465,4.42633],[-77.3442,4.42749],[-77.34338,4.42816],[-77.34088,4.42892],[-77.33933,4.42917],[-77.33822,4.42918],[-77.33764,4.42934],[-77.33946,4.43212],[-77.33961,4.43225],[-77.34078,4.43204],[-77.34136,4.43212],[-77.34298,4.4318],[-77.34403,4.43206],[-77.34438,4.43201],[-77.34543,4.43066],[-77.34567,4.4305],[-77.34704,4.43027],[-77.34857,4.42892],[-77.34908,4.42861],[-77.35003,4.42741],[-77.35087,4.42745],[-77.35123,4.42701],[-77.35099,4.42521],[-77.35118,4.42445],[-77.3513,4.42305],[-77.35129,4.42197],[-77.35152,4.42183],[-77.3519,4.42328],[-77.35181,4.42409],[-77.3521,4.42617],[-77.35228,4.42676],[-77.3528,4.4271],[-77.35319,4.4277],[-77.35327,4.42819],[-77.35278,4.43036],[-77.35265,4.43123],[-77.35227,4.43253],[-77.35156,4.43384],[-77.35081,4.43547],[-77.35037,4.43683],[-77.35018,4.43785],[-77.34962,4.43912],[-77.34947,4.44062],[-77.34913,4.44259],[-77.34913,4.44476],[-77.34854,4.45159],[-77.34827,4.45368],[-77.34802,4.45472],[-77.34772,4.45783],[-77.3465,4.46581],[-77.34617,4.46747],[-77.3457,4.46886],[-77.34541,4.47206],[-77.34521,4.47273],[-77.3449,4.47562],[-77.34381,4.4826],[-77.34364,4.48458],[-77.34366,4.48571],[-77.34332,4.48795],[-77.34304,4.48902],[-77.34298,4.49094],[-77.34306,4.49234],[-77.34284,4.49379],[-77.34243,4.49577],[-77.34235,4.49721],[-77.34235,4.49882],[-77.34215,4.50093],[-77.34211,4.50294],[-77.34195,4.50391],[-77.34137,4.50564],[-77.34038,4.50885],[-77.34027,4.51018],[-77.33993,4.51205],[-77.33947,4.51365],[-77.33885,4.51473],[-77.33799,4.51596],[-77.33685,4.51727],[-77.33541,4.51811],[-77.33482,4.51805],[-77.3345,4.51763],[-77.33441,4.51699],[-77.33458,4.51657],[-77.33532,4.51583],[-77.33555,4.51541],[-77.33553,4.51462],[-77.3352,4.5137],[-77.33251,4.51295],[-77.33264,4.51363],[-77.33259,4.51439],[-77.33137,4.51585],[-77.32944,4.51761],[-77.32765,4.51911],[-77.32638,4.52042],[-77.32568,4.52093],[-77.32411,4.52152],[-77.3228,4.5223],[-77.32283,4.52299],[-77.32316,4.52317],[-77.32319,4.52449],[-77.32372,4.52482],[-77.32397,4.52581],[-77.32348,4.52669],[-77.3235,4.52791],[-77.32402,4.52848],[-77.32434,4.52996],[-77.32427,4.53054],[-77.32381,4.53092],[-77.32478,4.53308],[-77.3256,4.53326],[-77.32735,4.53335],[-77.33024,4.53283],[-77.33202,4.53307],[-77.33433,4.53321],[-77.3349,4.53338],[-77.33539,4.53379],[-77.33606,4.53516],[-77.33623,4.53603],[-77.33612,4.53848],[-77.33574,4.54125],[-77.33482,4.54434],[-77.33429,4.54708],[-77.33384,4.54886],[-77.33357,4.55108],[-77.33331,4.55271],[-77.33308,4.55461],[-77.33268,4.55732],[-77.33245,4.55978],[-77.33216,4.56116],[-77.33149,4.5635],[-77.33091,4.56501],[-77.33069,4.56529],[-77.32944,4.56555],[-77.32724,4.56576],[-77.32581,4.56952]]]}}]}